Original_Pid,Mapped_Pid
4abc3ed5f964a520e48620e3,1
4befd221d4e4d13a769715a7,2
4bc5b04b41cb76b0a1a03e6f,3
4e3156877d8b9b256bca1e42,4
4d3ed116557d6dcb4c375244,5
4dc936ef2271353fc8edaa31,6
4e19dabd6284ea724705f1c2,7
4a673d8ef964a52007c91fe3,8
3fd66200f964a520c5f01ee3,9
4b3bb228f964a520077925e3,10
4b6ffcb4f964a52068022de3,11
4bc5c26e5935c9b6984ca6d2,12
4a80af37f964a520eaf51fe3,13
4d9085bad00a6ea8938ce54f,14
4b9673caf964a52011cd34e3,15
4bbd05d34e069c74813f9ee3,16
4b996536f964a520467835e3,17
4acccc27f964a52095c920e3,18
4b53da66f964a5203cad27e3,19
4dd2768ad22d67839c5be4c0,20
4bdae4a22a3a0f477369acb6,21
4a991c59f964a520662d20e3,22
4a68c335f964a520f3ca1fe3,23
4a06f10df964a5200c731fe3,24
4f824b51e4b05766b36ffce0,25
40afe980f964a5203bf31ee3,26
4afd6dcef964a520c52722e3,27
4bf804ee8d30d13a1feaff17,28
508eeca4e4b095c5d70b9a32,29
4dc87d6ab0fbf26798b68206,30
4d3f31e005b8721e6bb9a437,31
3fd66200f964a520daf11ee3,32
4f9762a7e4b0f20f8d70fd6b,33
4edb9e40e300851bfaf59a9e,34
4a6da55cf964a520d2d21fe3,35
50aa5fe4e4b0d042f9dc13f0,36
4b8990a6f964a5201d4232e3,37
4c0097e8ad15a593c53c8e73,38
4ad7a8d9f964a520640d21e3,39
4bcefaa529d4b713cd51a9dc,40
4f2af4d1e4b050ce91c4fbcc,41
4e225b70d22d0a3f5a027193,42
4b102c47f964a520916a23e3,43
4e66116a483bd9a975d92b0b,44
4fdcdf3be4b0b1923302e9f7,45
4dd53375ae60a78cec67b104,46
4d4de33cd6f3224bca73a1a6,47
4bdf18206198c9b6bced15ff,48
4aad466df964a5206f5f20e3,49
4b11c14ff964a520ef8323e3,50
4e2908af315171a3be0eddf9,51
4b1f3d55f964a520162524e3,52
4c52fdd7048b1b8debbf4f31,53
4a7c6d9bf964a52091ec1fe3,54
4b81b547f964a52014b930e3,55
4ede4768be7be2833c414ab5,56
4e18c6f6d4c062b044ebf5d8,57
4b4cd39ff964a5207ac026e3,58
49cfef8cf964a520e65a1fe3,59
4af12cb7f964a520d3e021e3,60
4b8154cef964a520d59f30e3,61
4ad5d824f964a520b70321e3,62
4c3b49c54565e21eb775566a,63
44510be3f964a520a0321fe3,64
4e711b581f6e0740a8d7d387,65
4bb0c8c4f964a520945c3ce3,66
4cf1a69a1d18a143dcf754ec,67
4e79392ce4cdb158f1cf4b75,68
4b5ea8a4f964a520319529e3,69
4fc8c237e4b03a05d4b08675,70
4a617558f964a52071c21fe3,71
4bfd7c4bb68d0f4785dbe857,72
4f17bde4e4b0cae4b44d2ce7,73
4a7a0b43f964a5204be81fe3,74
4e20589f483b041af1e0fa98,75
4f4bfd23e4b0705904c82323,76
4b8ca10bf964a520c5d832e3,77
4fa5f076e4b041937658d3ea,78
4e752aa445ddd4323fa05253,79
49d4ce02f964a5204e5c1fe3,80
4c5b03f904f9be9a0a38f360,81
4b6ecd58f964a5203acb2ce3,82
43fe1ba4f964a520f82f1fe3,83
4bf13b20b315c9b6a5bd93ff,84
4c6fc1379375a0930fc70437,85
4dd43ad9e4cd1c4babb579be,86
4b2acab2f964a520beaf24e3,87
4d1bf20fc50e6ea8f4d9ceb8,88
4c3abbc9b2289521d209f70c,89
4b716ba6f964a520c2452de3,90
4b538da4f964a520e7a127e3,91
4add9a9ef964a520206521e3,92
4eeaa4ed77c8730d38061384,93
4b670036f964a52066342be3,94
4d5d7bda2a31a1cd397253f1,95
4ea7a5e2775bfe4802f96862,96
4a60e6ebf964a5206fc11fe3,97
4a676435f964a52054c91fe3,98
4bd5803a4e32d13a7be0c080,99
4cf4571d8333224b72831a8e,100
40b68100f964a5207d001fe3,101
4b959293f964a5201eaa34e3,102
460d4b1ef964a52004451fe3,103
4bb8ba90cf2fc9b66ec69f02,104
4a66f31af964a520dcc81fe3,105
4c3b626762f1c9287d6f8f53,106
4b6488d9f964a5208cbb2ae3,107
4b3a1551f964a520e06025e3,108
4acd1704f964a520d0ca20e3,109
4bccb5f0b6c49c74193f9491,110
3fd66200f964a5202ee81ee3,111
3fd66200f964a520b8ea1ee3,112
4a65b705f964a5208fc71fe3,113
3fd66200f964a5202be41ee3,114
4c2b6b628ef52d7fbd5131ba,115
4a879cd8f964a520ca0420e3,116
42f00900f964a520b9261fe3,117
4d24b715cc84721ea6166bf6,118
4e121003a809291902bc4623,119
4bf698c5bfeac92823969436,120
4bd6b1f55631c9b66e36a630,121
4df27e5ad22d8c5470da6596,122
4a0203cef964a52024711fe3,123
4eac4dd4775bf0856a5a9dd0,124
460ab8cdf964a520f1441fe3,125
4ac2521ff964a520b29820e3,126
43bba61df964a520eb2c1fe3,127
4b029318f964a520fb4822e3,128
42893400f964a52052231fe3,129
4d91ed1ef5388cfa3204c03d,130
4d515bcbedc68eec6c34c1a4,131
4afdf14df964a520412c22e3,132
4cd3f20d9828b60cc31ad884,133
4da67357fa8c94f8b84febaa,134
4bb4125c87aa95218de5acd1,135
4de45622c65b7a3e21485ecf,136
4af18817f964a5203fe121e3,137
4a64f92df964a5201cc71fe3,138
4b60d6c7f964a520bafc29e3,139
4a799b0ff964a52039e71fe3,140
4e1529cffa764fb14ae5558e,141
4e63ace145ddda352a19f270,142
49db721df964a520d35e1fe3,143
4d4236c38b88b1f7ac4be933,144
4f9b8176e4b0de62673eca1f,145
4add27e4f964a520586421e3,146
4f53b208e4b0b589396c1946,147
4f858f16e4b062a5567c12c4,148
4bc36e134cdfc9b6c3569721,149
4e68ec9945dd6cc5bd33b8b0,150
4c9bb662e9a7ef3bd0ed2e16,151
4c1f7b0ab306c928dc7868b7,152
4ba67125f964a520d05239e3,153
4de54677e4cde71744a4fba8,154
4d00f8ce3ea69eb0afd43649,155
4d9e7b18640b54812969cc2d,156
4ae0adf3f964a520948121e3,157
4a65a823f964a5208cc71fe3,158
4d36633e6e1359410c300081,159
4c0b32d37e3fc928650bf582,160
4b3672c7f964a520ab3525e3,161
4b587d2ff964a520455a28e3,162
4c93b34721c7199c14740b7f,163
457fdbb3f964a520523f1fe3,164
4b3cd805f964a520218825e3,165
4c41caa5ce54e21eb38e0b1a,166
4e061fef8877394591ddc9de,167
4b16d62bf964a52027be23e3,168
4c391de618e72d7ff4b819f5,169
4f1bb6eee4b095bc460c85a3,170
4acfc371f964a520d2d520e3,171
4e286bb01fc7f0a6e14995a7,172
4b5d9f0df964a520d06329e3,173
4a2946ddf964a5207a951fe3,174
4e7741b845ddd4324086eaac,175
4b8411c4f964a520bd1e31e3,176
4be767efd4f7c9b610e02720,177
3fd66200f964a52023e81ee3,178
4b9efd61f964a520b00e37e3,179
4ccff17b7f56a1439b79caa6,180
4e320d2de4cd60250188c58d,181
4e55536862e1172821f3a928,182
4a78b7faf964a5203ee61fe3,183
4f40351fa17cf53abe49a0f4,184
4af4a625f964a520acf421e3,185
3fd66200f964a520bbe91ee3,186
4b094f8cf964a520871523e3,187
4bdb6b9463c5c9b666ea2768,188
4f28a29ae4b0817afc6c57eb,189
4e80a57429c2299aa3addd5d,190
4e81b2806da161a76898c16e,191
4e30464e7d8bf59d291f2ac5,192
4bd9e2225f34b713dde03579,193
4fe9524ce4b0d971aa120f82,194
4b606b18f964a520c7e429e3,195
4e6799c7b9939a72b317decd,196
4aea1121f964a52008b921e3,197
4afb4334f964a520791c22e3,198
4c337ca066e40f47c016c88b,199
4d3260b2511760fc57f4e2bd,200
4cb9f7de0180721e426b9761,201
4a496b05f964a5204dab1fe3,202
4c6084a11e5cd13a0de3a1ed,203
4ad854bbf964a5200b1121e3,204
4b740a8df964a52012c52de3,205
50170a53e4b07ac9f310b944,206
49ecd458f964a52099671fe3,207
4ab5320cf964a5202b7320e3,208
4e38657bd4c0dc7ad2efc4d9,209
4cc16cad873c236a9788b823,210
4d6d4153423d54812cdcebb1,211
4be5927e2468c928f22d0043,212
4bab9c66f964a520e8b83ae3,213
4ba41457f964a5203f7f38e3,214
4b626532f964a520cb452ae3,215
3fd66200f964a52084ea1ee3,216
4c9bd3ac542b224b8d0fdb9f,217
4502fa36f964a520d4381fe3,218
50a5b53be4b0c9588221654f,219
49c9439bf964a5204e581fe3,220
4a92a28ff964a520451d20e3,221
4d974d78daec224b0d682c3e,222
4fa7629de4b028d55b6dc3b7,223
4e70ca2da8098087a0416e01,224
4ab26766f964a520146b20e3,225
4c4f5881eaa1be9abdf1c345,226
4d61b919865a224bef72ba85,227
4b61052df964a52066062ae3,228
4a6b7e70f964a520c5ce1fe3,229
4bcdd06768f976b00bd66483,230
4e691e82b9930387355c629d,231
4a319883f964a520fc991fe3,232
4f2312166aa3ce557949255f,233
4d237adbcc84721ef3cd60f6,234
46fe3f5ef964a520184b1fe3,235
4ebbe3538b81c444e94e0f73,236
4bb3c15f4019a593116538b8,237
4a97fe69f964a520082a20e3,238
4f75cc97e4b048859086b92a,239
4d90fce35091a1cdc365c701,240
4ddc09e71838306b81fd524f,241
4f0a0bcae4b07c8f8dc6bbef,242
4dff64a9a809baedbd915521,243
4c65885618b676b006b0ab0e,244
49e7ce15f964a5201d651fe3,245
4e6c3a82483b1f5ebdff1045,246
4ea8a4b3cc217c087dda3f6d,247
4c7d8ca0b53db1f757829d11,248
4b89a6d6f964a5203d4932e3,249
4ea37694b6347b99683dcb09,250
4b46092bf964a520a31426e3,251
4bfd2d30f7c82d7f58c08d04,252
4b01b98df964a520e04422e3,253
4be43a08bcef2d7f9b3a02e5,254
4bafaa5df964a52066153ce3,255
4af3318cf964a5209ceb21e3,256
4f80a871e4b0a6d0b654f7dc,257
4ae9143ef964a5204bb421e3,258
4b5bac53f964a520250f29e3,259
4b1c683af964a520060724e3,260
4b5f0221f964a520fea129e3,261
4dd80993e4cd37c893bb2abf,262
4d668c5c838654818c8df953,263
4dcc6efd22716e1aafb5a5ac,264
4dc18b838877c00d6adb2c2d,265
49b15042f964a520d4521fe3,266
4c6eaccff338236afd180b1b,267
4cd84a313ec4b1f763cdbd3f,268
4b9ad23ef964a52006d935e3,269
4d40b49bb7c259411e6abbdb,270
4ed6316a2c5b3d826e649dbf,271
4bcb60fa0687ef3bbb9bddcc,272
4aef4884f964a52032d721e3,273
4a67d29cf964a52020ca1fe3,274
4a81ae64f964a5203ff71fe3,275
4d44eb661b62b1f78069f8e2,276
4ecd10b67ee51c2d50c87209,277
4adee193f964a520d77621e3,278
4a72e5fef964a52050db1fe3,279
4b0c09cbf964a520ff3523e3,280
460d4b66f964a52005451fe3,281
4ab79e30f964a520397a20e3,282
4c5cc7b485a1e21e00d35711,283
4fee1fcde4b0eb402e42b690,284
4a83377df964a52064fa1fe3,285
4be3885e99feb7138a1082f6,286
4ef217cc8b81368cf7ea50c3,287
4de5835118389f0558645667,288
4e3463aed4c063434822b8cb,289
4b2e6237f964a52035df24e3,290
4b1c321ff964a520070424e3,291
4b21aee7f964a5201b4024e3,292
4a229fa8f964a520797d1fe3,293
42225f00f964a520ae1f1fe3,294
4b4fbddbf964a520891327e3,295
4a95adabf964a520202420e3,296
4b9fb437f964a520833637e3,297
4d55435a611aa35d29c23239,298
4b5a8d8df964a5200fcb28e3,299
4b437919f964a52034e125e3,300
4cc2ff0682388cfa2c686435,301
4a83080ff964a520e1f91fe3,302
4a5a62dff964a52041ba1fe3,303
4ace6c89f964a52078d020e3,304
505dd7bee4b02c16f347d88f,305
4b5fbcf0f964a520b2ca29e3,306
4c212abc9085d13a495e84cc,307
4e62d44718a8ce02fd08427f,308
4baa1906f964a520714a3ae3,309
4eed2b6e8b81bbbf5ce35eb8,310
4c474126417b20a12501dda9,311
4ecd29ccb8f7cc0321e5d5b3,312
4aaa4e0ef964a520ad5520e3,313
4e1b19472271aba9379b8ef8,314
4bba9bc353649c74ec4949fb,315
4b093cd0f964a520db1423e3,316
4af318f0f964a5209fea21e3,317
4c1a3215838020a109cfe661,318
4cdd5ddb901e9eb08840c1ef,319
4e792458d4c0d1e103e0045b,320
4db680354b226b343db59364,321
4ee65fa48b81bab285422aa2,322
4c7e42725af8b60ccfd39110,323
4b4fc661f964a520ed1427e3,324
4c524854384c76b00080f62a,325
49fe029cf964a5205d6f1fe3,326
4f7a46d8e4b0c69aa3802c19,327
4bfb0ac865fbc9b660e8906c,328
4ae2efbbf964a520b78f21e3,329
4b0a9290f964a520352523e3,330
4f665eb1e4b0cded5e3e6e7d,331
4b522c69f964a520636d27e3,332
4bb7d4213db7b713c7a1209a,333
5061a0b1e4b0293cde494910,334
4aa44e08f964a5204f4620e3,335
4afc1bdef964a520e21f22e3,336
4b6cba4cf964a5209e4f2ce3,337
4e4942d07d8b91a065b2d1d1,338
4f108fb3e4b0804e89617c7d,339
41156d00f964a520f40b1fe3,340
4b58da5ff964a520da6e28e3,341
4babd4a6f964a52039cd3ae3,342
50a43343e4b0969a02aa4302,343
4cc05ba49ca854812de6bb16,344
4ad607d3f964a520a10421e3,345
45396895f964a520d73b1fe3,346
4ad78220f964a520960b21e3,347
4afdf64bf964a520782c22e3,348
4e6934d2b993038735685814,349
4b6daa1cf964a52072842ce3,350
4bad3de2f964a520233d3be3,351
4cadda9b55238cfa9e31b5fb,352
4b5c7446f964a520ab3029e3,353
4adfb640f964a520e57c21e3,354
50c0437f498ef71d06056bcd,355
4c5ef77bfff99c74eda954d3,356
4ce157ff0de52c0f62a0a10c,357
4afd78c6f964a520012822e3,358
4bd6cef97b1876b0f9018d86,359
4c13d7d482a3c9b68536fcf8,360
4b3f9b5bf964a52034aa25e3,361
4e7084db45ddd3b861d9c359,362
4b02f41ff964a520614b22e3,363
4cd58368886cb60c84668489,364
42377700f964a52026201fe3,365
4396cca9f964a520952b1fe3,366
4b864e7af964a520738531e3,367
4b60fac8f964a52066042ae3,368
4acbf979f964a5207fc820e3,369
4be167910f03a593b02419b4,370
3fd66200f964a5200de71ee3,371
4b15385cf964a5207da923e3,372
4c3c82a417f2ef3bcf1381f4,373
4f98edffe4b0dfd7ff4b23f3,374
4c3f0dd76faac9b6ca040f76,375
4ad15b84f964a5202dde20e3,376
4f5907cce4b08e27a131e60f,377
49d60947f964a520a85c1fe3,378
4b12fc0cf964a5201f9223e3,379
4de8f397fa76fd1168ad0662,380
5090bc9be4b063c640ba5333,381
4c7c0b4d794e224b3f1b6d28,382
4b5c8c80f964a520ea3529e3,383
4f6d0488e4b07fa2c54d2cc4,384
4bdc9fb73904a59345084f9e,385
4c5a10faf346c9284c464eca,386
4bc4aa3ab492d13a4e5baa60,387
4bd75116304fce72985e33ab,388
4b969536f964a52070d634e3,389
4b265c27f964a520867a24e3,390
4d9d998ac99fb60c610eca8b,391
49d3d4a7f964a5201a5c1fe3,392
49ce965bf964a520605a1fe3,393
4fa091f7e4b0f2a774d0c083,394
4bad9a3ff964a520625e3be3,395
4e989a78d22d3f4f88a3f2b1,396
4f4daa8fe4b0b0a214b444c3,397
4c4bfb8c5609c9b6a204e091,398
4af63834f964a520600222e3,399
4c6c3b1323c1a1cd5efc18cf,400
4c0c2b61bbc676b0a8b44cd5,401
4ca6923314c33704b345c13b,402
49e3a2b3f964a520a6621fe3,403
4cd4dd3e67adf04d8b102a91,404
4e575fe418a802f9c8b815d1,405
4b23af24f964a5200f5824e3,406
4fb9831fe4b0eca6538628a2,407
50a77716e4b0b5a9492f6f56,408
4bbf4ef2b083a593232aa3e9,409
49bad9acf964a520b8531fe3,410
4c858caedc018cfaff66e96c,411
4b547448f964a520cfbb27e3,412
4a05d2abf964a52081721fe3,413
49ba7840f964a52067531fe3,414
4bd7282e5631c9b6e315a730,415
4e1d174c1f6e47e5e794d658,416
4de3104b18385df2b03405ec,417
4c8e330f1664b1f784329e2f,418
4b51109ff964a5207c4027e3,419
4a79e11af964a520e0e71fe3,420
4ad35d4df964a520fde320e3,421
4e21f579e4cdf685918b1b20,422
4ba83a9cf964a52054d239e3,423
4b48c4a8f964a520195626e3,424
4a635e65f964a520e3c41fe3,425
4e0d073e483bc2b5f47416ec,426
4b257718f964a5205a7224e3,427
4b76ed15f964a520366b2ee3,428
4b8d79a3f964a520effd32e3,429
4ec48c406da117f8e5bb8a17,430
4b466b09f964a520452026e3,431
4a426f82f964a520dca51fe3,432
4a0e0f85f964a520bf751fe3,433
4c7acd1cbd346dcb19adf9ef,434
4ddaf97b183802d5373be2eb,435
4fae6373e4b021a2c005d916,436
4ba24598f964a520b0e837e3,437
4b91836bf964a52017c233e3,438
4c34ba027cc0c9b60ed1f39a,439
49f1e1c7f964a520bd691fe3,440
509817afc84c2e276bc2cd1f,441
4b4b82fef964a520a99e26e3,442
4ad0df23f964a5209bda20e3,443
4bcde547511f95210d62b5c7,444
4bce6fa268f976b00e2a6683,445
4a021207f964a52029711fe3,446
4d97d9d4a2c654810e77e453,447
4e091defc65b5bf27799fbed,448
4b4bbc90f964a520d2a526e3,449
4ed255c1d3e3521ce7f4f66a,450
4b6c5484f964a5203a312ce3,451
4c2bdf9ad1a10f477aaff864,452
4f47ffbae4b0d637408e1382,453
4e524903fa7687935fb8f0f9,454
40d38200f964a52041011fe3,455
4b390cf4f964a5201c5525e3,456
4fda4e1ae4b0fa0e36ad1689,457
4b64b313f964a52059c92ae3,458
4f2d69a4e4b0d337d3dd5c2e,459
4aa42b50f964a520a44520e3,460
4c6d8a2d65eda093cfec4ed0,461
4a45652cf964a52021a81fe3,462
4a61542bf964a5204ec21fe3,463
4a549b96f964a52027b31fe3,464
4f23799ee5e87114ad3af2ad,465
49ff7bcef964a5202a701fe3,466
4a1a4d4df964a520917a1fe3,467
4c7e76bc9221236a772b823d,468
4c33c61c213c2d7f9088375d,469
4c726993ad69b60cdc5183b9,470
4ae20b16f964a5201b8a21e3,471
4d8fc9006174a0938f5be6e3,472
4ddfe4311f6ed1828c5fc861,473
4f2abd21e4b07e41d9883961,474
4fa4127ae4b047f0eb39b535,475
4c320a13452620a13f68210f,476
4f90c41de4b07256ede0e54a,477
408da280f964a520d8f21ee3,478
4de5ae6dd4c09fc98b6e8368,479
49d36ca4f964a520f75b1fe3,480
4a92c25af964a520981d20e3,481
4c33e80116adc9280d75c49c,482
4f280555e4b04e256a110c94,483
4b8460e8f964a520e53131e3,484
4db617c76e8179a9139d7b58,485
4b688176f964a520b47c2be3,486
4e405e39483b04e17abb677f,487
4e3fe424c65b4ec276017b65,488
4b491b32f964a5201b6626e3,489
4e91c35c6da174e28ec0e6dd,490
40f1d480f964a5206a0a1fe3,491
4de96fe9d4c00071b808e890,492
4a6df6f5f964a52070d31fe3,493
3fd66200f964a52074e51ee3,494
4c1c47d601379521e50a47f3,495
4b0e9ae4f964a520e05823e3,496
4e56634545dd92275e4c30d9,497
4f984ef3e4b0a6559c7cc3c4,498
4e8b5f19f5b97ad7c4684df6,499
4b46b4c0f964a520252726e3,500
4ce1863bc4f6a35d8bd2db6c,501
4f6bd56de4b03cbd0ec369ee,502
4c922cde7f3b8cfadacca21e,503
4ae8fd76f964a520e1b321e3,504
4e6eab51d1647b1137a3a2d0,505
4b208e76f964a520213324e3,506
4f53a53be4b0ddd8f8610868,507
4cf15597899c6ea8f1f1efc1,508
4e723af48998183ccf268244,509
4b020fe5f964a5207e4722e3,510
4b9e71d0f964a52065e436e3,511
4b570791f964a5207f2328e3,512
4bb7d95153649c74916146fb,513
4ef0e7cf7beb5932d5bdeb4e,514
4f3e4c26754ab16082bb607f,515
4af30de2f964a52026ea21e3,516
451287ebf964a520a1391fe3,517
4b23edfcf964a5201e5d24e3,518
49c2df9cf964a5203b561fe3,519
4ec1e417f5b9abc8bcde8598,520
4d900c2e1716a143175d59f7,521
4b2ac07af964a520ecae24e3,522
4b4e4b71f964a5206de826e3,523
4f79a0cce4b06bb78057f47c,524
4e69aae8d4c01ce0173b3be4,525
49ccb999f964a5208d591fe3,526
4a560cd1f964a5205cb41fe3,527
4e7e3f818b814bc8801990bd,528
4e049b5b7d8b00eb78c1d4c0,529
4bec4056fd60a5932dba3af1,530
4c1943b36e02b71394b8627b,531
4a4925b7f964a52008ab1fe3,532
4b41e8f5f964a52019ca25e3,533
4e6bf180b993061ea890713a,534
4eb2dc969adfb95b77ebe4fe,535
4c6ecba7a437224bcaf530b1,536
4c6bf59399b9236af82ce1c9,537
4eca62a99adf9c7bf6626dc2,538
4daddba56a23e6c9347e1092,539
4f73bc94e4b0e33c0d2401bc,540
4bd974b02e6f0f4789940a08,541
4ba50a3ef964a5204cd438e3,542
4a9e7463f964a520383a20e3,543
4ad35de9f964a520ffe320e3,544
4f431687e4b08c6c28974062,545
4a674fdff964a52027c91fe3,546
4283ee00f964a5209d221fe3,547
4c315e907cc0c9b688cbee9a,548
4e798074a809c2cd9bc5ce4c,549
4b50e721f964a520db3727e3,550
4c4f1f229932e21e70afdfce,551
4283ee00f964a52085221fe3,552
4fae5867e4b091b462a96176,553
4a52afccf964a520e9b11fe3,554
4c78638e81bca0933919fa14,555
4a9073c0f964a520f31720e3,556
4e01dbf1d22db37fb02954c5,557
4e7393931495dffb8efa57da,558
4c60606413791b8dc5624faf,559
4e7cb926d22d882fa2db3f06,560
3fd66200f964a52037e31ee3,561
3fd66200f964a52004e41ee3,562
4e2de053a8092ca5c37048b0,563
503302f1e4b020d49ed6f707,564
4e2bada17d8b7deda6d3fda6,565
4ed7215c4901772cdf8a47ba,566
4c48875596abd13a1eae7401,567
4da60c5d432dd03d359b8729,568
4e5efbb8d22d7239c1aaa852,569
4a065273f964a520ec721fe3,570
49ff62f9f964a52013701fe3,571
4c623ec779d1e21e08cfd515,572
4356de00f964a520d2281fe3,573
4cdc8c7699026dcb4a0c1481,574
4e0a03a5fa767637fd3c47f1,575
4c080a48009a0f47db78e5bf,576
4e7c7dfafa76b7bcf9bcb4b1,577
3fd66200f964a520f6ea1ee3,578
4e318986628430b0810ec190,579
4c92b83ad84a6dcb8a4d3787,580
4ae5c445f964a520dfa121e3,581
4f2d8f35e4b04796497a1e32,582
4e0e4c477d8bb178a8a7cd6b,583
4576ddcaf964a520ac3e1fe3,584
4f5684de771657f331e5ca01,585
4c33703e7cc0c9b62bccf19a,586
4a9c9100f964a5208f3720e3,587
4b5bbfaff964a520001429e3,588
4a5b7bd6f964a52049bb1fe3,589
4ce2a056ffcf3704bed62c82,590
4f4657cbe4b0f8695e6d26f1,591
4ee52af8e4b04d23e1be1273,592
4ccf295f7b6854814e14baf8,593
4ebd265cb8f7b504a7528ddf,594
4c339a34ed37a5936aa06d03,595
4c098812a1b32d7f06df97f0,596
4c4757dd972c0f47a77a2321,597
4a6b59fbf964a5208ace1fe3,598
4a7e59fdf964a520ccf11fe3,599
4e56cfc3aeb784cb898d51cb,600
4a36c1b9f964a520dd9d1fe3,601
4e8aaccd4fc68f2d71de9384,602
4f2729f9e4b067a3297bbda6,603
4eb57dd38b81a81f90925c22,604
4ad90280f964a520161721e3,605
4bdec810ffdec928408fe9a1,606
4be9eccf415e20a15d78e4bb,607
4e7003401838f0daa0640eea,608
50344fabe4b0ec35e6c655f3,609
4a43bd40f964a520bfa61fe3,610
4cd05332f6378cfa197ab4d6,611
4f4226d47716e5cd5e9d4355,612
4c955b3558d4b60c06d03129,613
4c08325f6071a59359e5db32,614
4bf6e98313aed13a5572eaf7,615
4aa7a44ef964a520e44c20e3,616
4c7e428dd598a093cd23c562,617
4bbc92b02d9ea593e9bca0ce,618
4cd95a235e1b721e58b23ed9,619
4a5a0495f964a520a4b91fe3,620
4ad4b49af964a520c4e820e3,621
4ba8c654f964a520dbed39e3,622
4e81e0520aaf2ecba9a32c5e,623
4b53672bf964a520199b27e3,624
4a7d9cd9f964a520efee1fe3,625
49b7ed6df964a52030531fe3,626
4afb634af964a520951d22e3,627
4bc53e2b6c26b7139a26ebf3,628
40a2ba80f964a520fef21ee3,629
4be078b398f2a5935a5dc25a,630
4bdc4bfdfed22d7f649a57c9,631
4d4b5ceb8e948cfa35fcef48,632
4e677ea014952e0a12e7db30,633
4e7ea6e793adeda960d078c3,634
4ae4eb45f964a5206e9f21e3,635
4f612184e4b01b3ebd898091,636
4e6f593d88779c905de9cfa7,637
4b186041f964a520bed123e3,638
4b56856df964a520d21328e3,639
4b4ddddff964a520c5d926e3,640
4c3f6b713735be9a795b15a4,641
4bf4e1efff90c9b60fc55528,642
4c64661286ea76b035290ebb,643
4bc308db4cdfc9b639bf9621,644
3fd66200f964a520d9f11ee3,645
4a304695f964a52044991fe3,646
4fa35553e4b0b487cc7af3fc,647
4c320866ed37a593da266b03,648
4e275a6d1f6e88a154577bf0,649
4e895343d5fbe29bfafc851c,650
4a90286ef964a520451620e3,651
4ab66100f964a520ce7620e3,652
4ba8805ef964a52091dd39e3,653
4b91913ff964a52036c633e3,654
4b990014f964a5203b5b35e3,655
4bc779d992b376b07cca4f3a,656
40a16900f964a520f9f21ee3,657
42911d00f964a520f5231fe3,658
4cbadc5f7148f04d50f7deab,659
4b873411f964a52035b631e3,660
4afd9ecbf964a520322922e3,661
439c437bf964a520f02b1fe3,662
4f37abaae4b02a70e17f3539,663
4c19afcb6a21c9b60405cb97,664
4876216df964a52011511fe3,665
3fd66200f964a5208be41ee3,666
4a411c15f964a520c7a41fe3,667
4d99cbdc7cfc145660ac49f6,668
4b39f942f964a520e95f25e3,669
4b8d2387f964a520dbe932e3,670
4bc8338a0050b7137bf5b93b,671
4db8be730437609120f36700,672
4bd1b96a77b29c7439118d82,673
4d5ea5f2196ba0933d470456,674
4f162925e4b0aabf1c7b78a3,675
4f059f4761af9d3db8eb6f6b,676
4db618296a23c31a03389788,677
4c7d0ee5247cb60c0cbd5f5e,678
4d4f4dc207b1a09016acf83b,679
4f3f72c44fc6564a63701ee8,680
4c3d106fb169c9b6d3a24668,681
4f7dff1de4b09d309a6d3bd3,682
4cd6bb247da9a35db400f1b9,683
4ad51226f964a520aa0121e3,684
4a7fe4e2f964a5208ef41fe3,685
4a50f449f964a5204fb01fe3,686
4e7b3d6bb61c3d3630813067,687
4c2cdf2d8ef52d7fed9933ba,688
4cd1e59fde0f6dcbf7e67363,689
49e7f5faf964a52035651fe3,690
4b58c03df964a5201d6928e3,691
4e0c71ecae60909ff14a650c,692
4e1b799ed22ddd4af9ed7dd8,693
4cae5172cbab236a20768f73,694
4cddbe60db125481b5322cce,695
4b8725e0f964a52034b331e3,696
4c81086adc018cfaa883c16c,697
4ab7a594f964a5204d7a20e3,698
4d9c92f4baae54815f2cde64,699
4df8aa53b0fb9724c5d92ac1,700
4adcfa0df964a520196321e3,701
4b5f42a1f964a52094b029e3,702
4ae6284bf964a5202fa521e3,703
4276bf00f964a5208b211fe3,704
427c0500f964a5209a211fe3,705
4cd5ebf57da9a35d56bcecb9,706
4b44a049f964a5201cf825e3,707
4ed66331e5faf148a7a0a971,708
4db45c94f7b121c29f4a0fd9,709
49edd0a5f964a520fa671fe3,710
42daf100f964a52035261fe3,711
4f8c0e19e4b0a95f96456d93,712
4ba40ca1f964a520be7b38e3,713
4e93dfadd5fb27b8eadcc029,714
4b719475f964a520d54e2de3,715
4a6bbfd3f964a520d3cf1fe3,716
4baf8e12f964a520210a3ce3,717
4d3f2cd83ec9a35dc1106181,718
507ec3fc3d7c9d76543be4bd,719
4b4259d1f964a5201fd225e3,720
4e532e13c65bea7986d08e3b,721
4ee6e1970e61681b98844283,722
4ad20513f964a520e0de20e3,723
4b92e9f1f964a5208a2634e3,724
4de087f5c65bcc724f42a314,725
4f09c266e4b0aa2dc7b04f86,726
4bfe051cf61dc9b648f09fde,727
4d3e1b47557d6dcb4c484b44,728
4d983945b7bf2c0febf5ea2d,729
4d4d66514aa3a093566542ae,730
4f25a574e4b04b5526a8100b,731
4b69f608f964a5206abe2be3,732
4e7f42ff9a52594cdf7d4e08,733
4e17c6cbc65b6bfb5908b462,734
4ab9520bf964a520ef7e20e3,735
49d7aaf5f964a5204a5d1fe3,736
4e4418ef1838e44e89884745,737
4e807ae155030a836e4703da,738
4d9e4445a603f04db5af3a33,739
4b38c482f964a520275025e3,740
4ecbb4d993adb4bd1b32cc39,741
4459f9bff964a520e1321fe3,742
4ad4aab2f964a5208fe820e3,743
4e91cfcbdab46521c194ad2d,744
4c0f17e4d64c0f47d05a295d,745
4dda64457d8b32266434f95d,746
5002af75e4b0cad51701ef3e,747
4e94b7510cd60d94b53c0bf2,748
4b4f6edcf964a5206d0627e3,749
4b82fa73f964a52090f030e3,750
4b8d2d7ef964a520afeb32e3,751
4a19d1edf964a5205a7a1fe3,752
40d77680f964a52056011fe3,753
508af9ccf13627e878935855,754
4b422afbf964a5200bce25e3,755
4b54d362f964a52058ce27e3,756
4b831a73f964a520d7f730e3,757
4aeee85af964a520a2d421e3,758
4b919713f964a52006c833e3,759
4fb6d9a5e4b042632962a3be,760
4106ec80f964a5208f0b1fe3,761
49bd4e25f964a52067541fe3,762
4b203d47f964a5202e2f24e3,763
43695300f964a5208c291fe3,764
4d9380f0b327370470399b25,765
4bef51155e7b9c743b26b58d,766
4b4114a7f964a520bbc025e3,767
4d99e712b188721e88944837,768
4c1538367f7f2d7fb620e268,769
4b4c2b57f964a52029af26e3,770
4f28b918e4b0188938346690,771
4b4b7979f964a520249d26e3,772
4afd738bf964a520e92722e3,773
4f337c01e4b04cda15704186,774
4ae6363ef964a520aba521e3,775
4c619e19de1b2d7fbc4de070,776
4e18dbedae6092c27656cead,777
4c7b99433badb1f735395554,778
4a02038bf964a52023711fe3,779
4f6320a7e4b0b3b496002a34,780
4a785251f964a52063e51fe3,781
4a9bfd37f964a520a23520e3,782
4b428a8bf964a5200ed625e3,783
4b86926ef964a520209031e3,784
4f863e29e4b0a1e087c526c7,785
4ec18e816c25dfd9826e9cbc,786
4fb939e8e4b03516573a4708,787
4db7159b93a017099e0e0357,788
4f612a27be7709971212ca11,789
4fa8262ee4b0baf7cf42cad7,790
4a92bca8f964a520811d20e3,791
4e170f052271881f2051d874,792
4aec28cdf964a5206bc521e3,793
4bbfcfd3461576b0d4487932,794
4e71561b7d8b53db1bc11bce,795
4c66f1e5aebea5935aab74d0,796
4cb38571db32f04d18c9d74d,797
4b12f7c7f964a520cf9123e3,798
452d6886f964a5204a3b1fe3,799
4b780846f964a520d2b22ee3,800
4f934cb7e4b08038d7cd41e9,801
4df6ad65c65b87473b0518e8,802
4ba29317f964a520b20538e3,803
4a928e9df964a520281d20e3,804
4eab92207beb32cb143f9d8d,805
4a0ad357f964a520ae741fe3,806
4e0ea32952b1b27c1b897cba,807
4b1801b8f964a52051cb23e3,808
4f629f29e4b09ff9badbf658,809
424de080f964a520af201fe3,810
50c811dbe4b0d585092b704f,811
4f39bc25e4b0f450d67d1c09,812
4a859ca3f964a520a5fe1fe3,813
4eda64ced5fb8f213a5d740e,814
4c6f9028b5fe952146446111,815
4bc5b5525935c9b6b137a6d2,816
49f34c8ff964a520866a1fe3,817
3fd66200f964a5204ee41ee3,818
4ad7392af964a520060921e3,819
4bd57bb44e32d13a8dd9c080,820
3fd66200f964a5206be71ee3,821
49e4a677f964a52014631fe3,822
49e4a769f964a52015631fe3,823
4c33727a66e40f478904c88b,824
4ab5817ef964a5200c7520e3,825
4fa12fa6e4b033a85a00f610,826
4d6d381ed5d93704a691cdf9,827
4edd2f0102d5244e33c13b05,828
4acf58baf964a52028d320e3,829
4aff5980f964a5209c3722e3,830
4ed3ab360aafd18692b5fa2a,831
4ba7063ef964a520387d39e3,832
4aee2d2df964a520b6d221e3,833
4e602d907d8b854088aa523c,834
4bb08383f964a5202f493ce3,835
42b9fb80f964a5209b251fe3,836
4a833fa5f964a5207efa1fe3,837
49de2becf964a5202b601fe3,838
4cd0417a9d87224b3313543b,839
4adf9445f964a520c47b21e3,840
4a19b507f964a520347a1fe3,841
4df2c095d22d8c5470dba3ae,842
4dda9a6a7d8b3226643a3fdc,843
4c3a934116cb2d7f5e9d01a9,844
4d8d608dc1b1721e071f1846,845
4b0b2275f964a520772d23e3,846
4bbf887c74a9a593d39dcef6,847
4b6ef312f964a520b3d22ce3,848
4bc72ae7af07a593909c7e2d,849
4a6d2857f964a5209fd21fe3,850
4ad3686ef964a5203be420e3,851
4b3ce510f964a5201a8925e3,852
4f2061d7e4b089ad65f8c158,853
4864629bf964a520e6501fe3,854
4ad74911f964a5203f0921e3,855
462d15a3f964a520e7451fe3,856
4b315933f964a520390525e3,857
4c9adfc978ffa093317d7075,858
4c8afc6a770fb60c222ad8c3,859
4eb6abf55c5c5a532088e94a,860
4d98324bb7bf2c0f26bbea2d,861
4de23e57e4cd056f743ea6f3,862
4e2b1951d4c0e5c89ac0dc26,863
4c8bf1cbed3ab60c95236321,864
4ea5a1bcf7909c68df719911,865
4a1de847f964a520aa7b1fe3,866
4a9c60eef964a520ff3620e3,867
4f1c307ee4b064e65cbf382c,868
4e5ff72645ddda35287c6f34,869
3fd66200f964a52044eb1ee3,870
50036c17e4b000090feb97c2,871
4b4f2e87f964a52072fc26e3,872
4f7044e3e4b0e0075d0dcd1f,873
4c5c076c7735c9b6af0e8b72,874
4b4f4015f964a520b5fe26e3,875
4b61b0f4f964a520581d2ae3,876
4dd2834eb0fb0becaf99d85c,877
4ea54ec1b6347b9968f892b2,878
4c0988846071a593f91cde32,879
4ba94983f964a520961b3ae3,880
4ab9b7b0f964a520358020e3,881
4f2bb40fe4b0571e1cccb3b6,882
4bdf41600ee3a593bc8233b0,883
4158a980f964a5203c1d1fe3,884
4e398f21b61c438b54885703,885
4c06329f5753c928817e3af1,886
4ddd27fe22713339cd2601e9,887
4c2bccc7d1a10f475a88f864,888
4c8bce03ed3ab60ca9a56121,889
4e8dc55bf790e886ae0fd1c6,890
4c0d8f2e7189c9287e3dd7b6,891
4a4821f5f964a52095aa1fe3,892
4f4c8043e4b0393385cf7b81,893
4e1a3fb62271b0e9720dd7f2,894
4b51ff83f964a5203a6027e3,895
4f60c8d5e4b06b5513b364a8,896
4dd892fcfa76ad96d1425e3f,897
4cf526178333224b089d1e8e,898
4b54f3d6f964a520ecd427e3,899
4f689a69e4b0c2cd00973b09,900
4b8c9725f964a520a0d732e3,901
4ae46fcef964a520939a21e3,902
4c7c2f95f56a3704e2460746,903
4b1bd941f964a52019fe23e3,904
48821a51f964a52033511fe3,905
4c8ed20d0f8fbfb7aafc44d4,906
50e24527e4b0748c864c538b,907
4b26afa9f964a520817f24e3,908
4ce44fc14eb46a314b225ba3,909
4c51735a9d642d7f66888ddd,910
4ced1fd813aea143d326659f,911
49f754c1f964a520896c1fe3,912
4f8d7199e4b005ba10ce6617,913
4aca10d4f964a5205dc020e3,914
4f2989e6e4b0817afd430f8f,915
41005500f964a5204e0b1fe3,916
4e4b34e3814d52398af27a92,917
4a70a76cf964a52017d81fe3,918
4b660440f964a5209f0e2be3,919
4cdc5ba33f6a8cfa29e8f0ea,920
4d5c7eb11ef2f04de5bef5cd,921
4e38da3faeb72d065962d9c5,922
4b4cd551f964a520c8c026e3,923
4be07f2798f2a5934c72c25a,924
5005f610e4b0094cc544a6d7,925
4fb3de02e4b02e02f44c7a10,926
4e6d062f483b1f5ebe55b4c4,927
4e4df1ec81308c328c677508,928
4be88652947820a1e802b5db,929
4de1b34ec65b7a3e2109e46f,930
4b5b5a84f964a5201af728e3,931
4e6b670f45ddadf2d0e3002d,932
4531059cf964a520683b1fe3,933
4b6bb92ef964a520b7162ce3,934
4b85a31cf964a520296a31e3,935
4bba1bab7421a5936165c340,936
4a07ac6af964a5208f731fe3,937
4cd3042053665481f5ec24ed,938
46c981bcf964a520224a1fe3,939
4ac290a3f964a520c29920e3,940
4fa672f2e4b0fd4c3fbb409a,941
4b498c79f964a5201e7126e3,942
4cdacd78958f236a8e1fa903,943
4ef7ce55c512f22778e7e0a4,944
4a4108e6f964a520b6a41fe3,945
4e96ddb49adf7f572e17e445,946
4b039599f964a520d44f22e3,947
43c2d364f964a5204b2d1fe3,948
4aca718ff964a520f6c120e3,949
45699170f964a520e73d1fe3,950
4e3ab921b3ade614e1275a0c,951
4c34d4e46f1fef3b6ff1ec3d,952
4c12c5d5a1010f47e17f4918,953
5095a5b5498e4ddf686a5a15,954
4c9a57cc78fc236aa3b83497,955
4c45d9df36d6a593d6716ca8,956
4e8ef5dfb8f7c08295c10d65,957
49c6a96af964a5206d571fe3,958
4b957a85f964a520b7a434e3,959
453cacc7f964a520153c1fe3,960
4cc24bac4fcfbfb79547bd24,961
4aabdb37f964a520775a20e3,962
4606214ef964a520c6441fe3,963
4b704bbcf964a520b7102de3,964
4ae27bdcf964a5208d8e21e3,965
4eddb3bc30f83fb7a09041b2,966
43fb97c1f964a520e52f1fe3,967
4d8cf0c55234a09063b5aabd,968
3fd66200f964a520f2e61ee3,969
3fd66200f964a5206fe71ee3,970
4b8bf752f964a52038b532e3,971
4d63b18c1a83f04d4009762b,972
4b9e63dcf964a52069df36e3,973
4a834daff964a520b3fa1fe3,974
4b4a2e99f964a520ac7d26e3,975
4b517d12f964a5203f4e27e3,976
4b02f734f964a520814b22e3,977
4c5cdf567735c9b619c38d72,978
4ab95ceaf964a520177f20e3,979
4accbc45f964a52054c920e3,980
4d9434251231b60c6bdb74a1,981
4bc43e6374a9a593c28cd5f6,982
4e031ac452b10583352d4e83,983
4bcb92d5511f9521f7ccb1c7,984
4f177855e4b0259edde1ff9e,985
4b4a9541f964a520148b26e3,986
4e662b111838ad3d106548f6,987
4d39adca6de7721efe03e749,988
4d93b045220188bf7b940d0e,989
4e89a96d4690c079de1c85f8,990
4a3c2132f964a52022a11fe3,991
4d66b1ef84f28cfa548a6e69,992
4f6f6335e4b0d4a5b24d839e,993
4c26b50fa852c9287f33e76c,994
505f9aeae4b043282fd02387,995
4b77038bf964a5208b742ee3,996
4a896d11f964a520020820e3,997
4ba8a9a9f964a5206ee539e3,998
4b8daff6f964a520a60833e3,999
4cd4802467adf04d9aa22791,1000
4b310007f964a520f6fd24e3,1001
4acf7cadf964a52003d420e3,1002
4b535928f964a520829827e3,1003
4c757abb3adda1432e7707af,1004
4a478d19f964a520d2a91fe3,1005
4b5f8cb2f964a520ffc029e3,1006
4f687a3ae4b0b0f93cc6f299,1007
4d6d0aef8a4541bddd658ae5,1008
4a652404f964a5205ec71fe3,1009
49caa5a0f964a520d0581fe3,1010
4ea766bedab48494d86ef5bf,1011
4a749103f964a520a2de1fe3,1012
4a8108a0f964a52095f61fe3,1013
4a19aaebf964a520307a1fe3,1014
4e6dd06a922ebcdd8c0b1102,1015
4cca048dd7538cfa8affef78,1016
41083e00f964a520980b1fe3,1017
4a935020f964a5208a1f20e3,1018
4ee0e0be5c5ccf219269be44,1019
4aef64e7f964a52016d821e3,1020
4c4f4fbc8b5520a127124804,1021
4b7099c1f964a52081242de3,1022
4c471a5a96abd13a889e6f01,1023
4a6f67e3f964a52018d61fe3,1024
4c65c855e2ee9c746794312f,1025
4d6de14329586dcb773eaaf1,1026
4f9352b4e4b0082565b64ccb,1027
4da491f6593f8eec9a257e35,1028
4ac245ecf964a520879820e3,1029
4edcde4146907c1b458ed648,1030
4a7490b8f964a520a0de1fe3,1031
4cbcd763dd41a35d3beaf5a0,1032
3fd66200f964a520a5e41ee3,1033
4d8389947e8ef04d716df8bd,1034
4e5590b5814d6ce5cc849483,1035
4bbd28b1a8cf76b07485b1fd,1036
3fd66200f964a52019eb1ee3,1037
4d9c55257509b1f785d626a0,1038
4b5b64aaf964a5206dfa28e3,1039
4c56f9ad30d82d7f3cbcd862,1040
4d29d6d7849f37041b5b8241,1041
4f513d70e4b063296bba53cc,1042
4e33fc7662845cff5a44b21d,1043
4ab6ba92f964a520c27820e3,1044
4ad9f641f964a5206e1c21e3,1045
4fcc412ae4b09949e49201c8,1046
4e6fe48c1fc7d3fc71285ec2,1047
4b38cfebf964a5209a5025e3,1048
4d135164d0fda093b71cb257,1049
4b1f3784f964a520ec2424e3,1050
4a19d10ff964a520597a1fe3,1051
4b76cf7af964a520d3602ee3,1052
4c44d61e429a0f478050491e,1053
4ddc2d7dd22df17198f91630,1054
4e4dcaffbd41b76bef933358,1055
4bd1a190b221c9b640d1d5d0,1056
4b1280dbf964a520568a23e3,1057
4f1b95ebe4b0817d3ceb5e12,1058
4a3304bcf964a520f29a1fe3,1059
4a62af49f964a52073c41fe3,1060
4bd44b84a8b3a5937e7f6b5f,1061
4b79cb4af964a5207a122fe3,1062
4b636f5df964a5209d792ae3,1063
4f3ceffde4b0811223a089bb,1064
4d63b651e7f060fccc778e72,1065
4cdac798d6656a315f36fc3e,1066
4c7fa35f01df3704cab7e6ac,1067
4a6e9b04f964a520eed41fe3,1068
4df212adc65bf55ee525ce08,1069
4b7513bff964a52036fd2de3,1070
4b649f18f964a520f4c22ae3,1071
4ea4acaab80355a982afff79,1072
4fbd9dbbe4b0059acac76ef8,1073
4fa5cedbe4b038e6a2b5ed1c,1074
4f383f94e4b0a67fed23961d,1075
4b2580bcf964a520f67224e3,1076
4ce8b5d975c62c0f28b5e657,1077
4c748875db52b1f7188576dc,1078
4b795663f964a520b0f42ee3,1079
3fd66200f964a5208ee91ee3,1080
4c6940de8e7c0f478815df0f,1081
4bd970f90f7cd13a1d677c9f,1082
4e4e70306365e1419d0205e4,1083
4ee535472c5b5fc6cd1fd9d9,1084
3fd66200f964a520dbea1ee3,1085
4a7c5c69f964a5205dec1fe3,1086
4ae49e4ff964a520639c21e3,1087
4bc8756114d79521650f69e9,1088
4a3953aff964a5205a9f1fe3,1089
4e157437aeb733245ecf3a43,1090
4bf542e7ed30b7139034f49a,1091
4a946ed7f964a520902120e3,1092
4a21834ff964a520077d1fe3,1093
4ce390f31594236aa607f849,1094
3fd66200f964a5206de71ee3,1095
4bf6ef8b5efe2d7fd10d6834,1096
4c4762281ddec928042a9d32,1097
4ca91dc697c8a1cd8ef08ba5,1098
4b6b5abff964a520fb022ce3,1099
4a967ab2f964a520362620e3,1100
4aad5579f964a520c05f20e3,1101
4c12424fb2510f47ea45c498,1102
4e4d9f50aeb70f1284879d71,1103
4297b480f964a52062241fe3,1104
4a4138ebf964a520f9a41fe3,1105
4f3da934e4b038a0543d29f6,1106
4ed417828231b9ef8cdf7cd4,1107
4e8a2aa061aff1e909c59333,1108
4bae1d87f964a52011863be3,1109
4b55ec3bf964a520aaf627e3,1110
4a0f1baef964a52026761fe3,1111
40958b80f964a520e6f21ee3,1112
4f5b68a4e4b03a6a1160fbbb,1113
4b28e31df964a520ed9524e3,1114
4c9a4c72eaa5a1432318cbe4,1115
4c1d0f98c09ed13ad4c5828e,1116
4b58f22af964a520c07428e3,1117
4de85c3cd1648c979631c77c,1118
4a3449eaf964a5200a9c1fe3,1119
4bb904a753649c743e9e47fb,1120
45c76421f964a52066421fe3,1121
4f429948e4b015f1bcc998e3,1122
4c410470ff711b8dbf5d1105,1123
4dfe347945dd1beaf343018d,1124
44e454a3f964a52053371fe3,1125
4e899a7ff5b95970d4a7e27f,1126
4b344fb5f964a520eb2625e3,1127
4db54c734df05e5aaaeed7fd,1128
4a9b025ef964a520f93320e3,1129
4b360986f964a520d12f25e3,1130
49ccb947f964a5208c591fe3,1131
4abe3770f964a520078c20e3,1132
4c892b0f7223b1f7dfb031a8,1133
4ba16222f964a52033b237e3,1134
4a6a39f5f964a520e1cc1fe3,1135
4bca2915cc8cd13aef1bbdcf,1136
4c1290c98aedd13a88515137,1137
4b7ce0f6f964a52028a82fe3,1138
4e9b4e190aaf5f690eb1a7bf,1139
4c178be559cc2d7f1fc75287,1140
4b61ca16f964a520f4222ae3,1141
49f7456af964a5207b6c1fe3,1142
4e57bd3bb0fb4c4d61f4bc4d,1143
4de4ef81e4cd056f747dc050,1144
4e43ebe11838e44e8985a32d,1145
46d28fdff964a520544a1fe3,1146
4f7ebca1e4b077c180903bdd,1147
4bc0de0674a9a593e4d8d0f6,1148
4b9c5a85f964a520116236e3,1149
4f4f883fe4b0e5248151646b,1150
4e08d3d82271dfa46bb79241,1151
4a808da6f964a52097f51fe3,1152
4b964236f964a520c1c234e3,1153
4f980aa9e4b0d1561acbfc7e,1154
4e7e0c4161af6aae1575c4a2,1155
4b2929c1f964a5200f9a24e3,1156
4b02c41cf964a520c14922e3,1157
40e35400f964a520e6091fe3,1158
4e1e4ad845dd3be9c473415d,1159
42756d80f964a5207d211fe3,1160
49c27575f964a520f1551fe3,1161
4d777b06926a6dcb1e454900,1162
4f3dab74e4b0f0104ff3759f,1163
4b4756c3f964a520422f26e3,1164
4f93baf21081cba0060643f0,1165
4bf41b92cad2c9289e859b99,1166
4bb64dbd6edc76b04cb9301c,1167
4d67b0ff8bc02c0f1a453332,1168
4a6e331af964a52031d41fe3,1169
4cc5a39738aaa093baee1962,1170
46ce971cf964a520414a1fe3,1171
3fd66200f964a52093e81ee3,1172
4ddba353ae60aa300190c83e,1173
4e26eba0149503e3719ae51d,1174
4b63658af964a520de762ae3,1175
4aee747df964a520dcd321e3,1176
4a6a2fecf964a520cacc1fe3,1177
4d061a21a2685481f219c0bd,1178
4bd3a9b4462cb713a110df07,1179
4af57814f964a52043f921e3,1180
4d6e5bbc2e6ea093ad881c50,1181
49b50c87f964a520f4521fe3,1182
4e4724d052b1bac0d9814862,1183
4d8250707989530c9ff09cf8,1184
4cb8544d90c9a143cb907ed6,1185
4e51c736e4cdc76dc9d1fcb3,1186
49ef71e3f964a520b8681fe3,1187
4c4dd520f53d0f477f73a3a5,1188
4fe9f594e4b0f9672dc5b081,1189
4a699cddf964a520f3cb1fe3,1190
4b244b63f964a520766524e3,1191
4b7ffc10f964a520a74830e3,1192
4f262a2ae4b0e1208360e5b0,1193
4ea30b3a29c2abc8df0d4175,1194
4b240a1ff964a520b25f24e3,1195
4ad9f3b3f964a520431c21e3,1196
4f74d469e4b08bc8e4a7476c,1197
4c543f26a724e21eaa8712f6,1198
4f610f03e4b00c2affddacea,1199
4e56b255ae60220987ba047a,1200
501b4cdfe4b0120e6801c195,1201
4858e403f964a520bf501fe3,1202
4e80010cf9f4c8c37f4c9ae7,1203
4f933a34e4b04c0b8ce16750,1204
4b7d7a14f964a520f2c02fe3,1205
4ec56c366c254debeb50c1c4,1206
4a513b17f964a520d2b01fe3,1207
4a663f7cf964a52046c81fe3,1208
4f2ac616e4b05997ed6584ef,1209
4c3884bb18e72d7f606a18f5,1210
4b6ee75af964a52011d02ce3,1211
4df67eed62e141c90761dac8,1212
40870b00f964a520b7f21ee3,1213
50078af8e4b0e7f7bf018640,1214
42829c80f964a5205f221fe3,1215
4adcf849f964a5200c6321e3,1216
4ad55410f964a520d60221e3,1217
4fc87c1be4b0adae39a01ce7,1218
4bafc607f964a520b21f3ce3,1219
4acbe67af964a52044c820e3,1220
4e24577888774a43b786564c,1221
4bc865df6501c9b6d3fe3f29,1222
4bf841a192d1952162335a1f,1223
4c5c46329b28d13a664e5670,1224
4dc5fd8ed4c0ad9c0f9774a3,1225
4d7d446979c4b1f736610af3,1226
4b9eb87ef964a52075fc36e3,1227
4af390e7f964a520a5ee21e3,1228
4e8f882ad22dccc37e6a01eb,1229
4a68fff8f964a5206dcb1fe3,1230
4fc3e797e4b0524b5d3e8c4a,1231
4ad8add6f964a520a61321e3,1232
4cbcafab035d236aebebe64e,1233
4c87a82556e03704a41cb4a3,1234
4e28b7c0c65ba11f4c5f92bc,1235
4b8baecef964a520d8a632e3,1236
4db9f3a50437ffd207981bfa,1237
4a7c16e5f964a520e1eb1fe3,1238
4bfac18f5317a593fd1c037f,1239
4bd730f609ecb7131855467c,1240
4addedeaf964a520646621e3,1241
4079dc00f964a52070f21ee3,1242
4b538ce9f964a520c5a127e3,1243
4c212b1c7e85c9281c14ba21,1244
4e8bcbd5dab424ec72a19378,1245
4c1d043a63750f47737cb767,1246
4d93502452ed224b932f1aac,1247
4c79b79381bca093e689fe14,1248
4e009d3918a8abfb3f6ac5a7,1249
4d633c7da45b548145c8ff2c,1250
4bb9f4693db7b713b4b2229a,1251
4c1ecb7db306c92801a667b7,1252
40b68100f964a52085001fe3,1253
4c33f4eded37a593df456e03,1254
4c1a94bcb4e62d7f0c08d893,1255
4b5749baf964a520782f28e3,1256
4d4113ec1bd2a14343e6f97c,1257
4c34ec49ed37a593e5b76f03,1258
4a8075b6f964a52052f51fe3,1259
4f74c576e4b0dd96b7379740,1260
4e78746fd4c084f1c75db357,1261
4c6856cd7963be9ad63dcdbc,1262
4b511a50f964a5208e4227e3,1263
4a737bf8f964a52091dc1fe3,1264
4a7b599bf964a520c1ea1fe3,1265
4bccba5e8920b71351a39edc,1266
4b70db37f964a520d3312de3,1267
4a8c017df964a520dc0c20e3,1268
4a19c1def964a520497a1fe3,1269
4c17d49650389c749264b3cf,1270
4a3ea31ef964a52030a31fe3,1271
4b842cf3f964a5209e2531e3,1272
4af1fd6ff964a520fbe421e3,1273
4b08c6faf964a5201f1223e3,1274
4c2cff8075579521c6555d83,1275
4b96b432f964a52018df34e3,1276
4b97f2e5f964a5209a2135e3,1277
4f1a558ae4b0d7904185f778,1278
4ffbbad7e4b0017e79305e1d,1279
4ded9df9d164f9a5c67df34a,1280
4a030c2af964a52085711fe3,1281
4b92a503f964a520160d34e3,1282
4d1a880b1683a14310747551,1283
4f9fdf55e4b0ed3961ed5644,1284
427c0500f964a52097211fe3,1285
4ab92827f964a520417e20e3,1286
50104222e4b0c0d1a930332c,1287
4ae27cdff964a520958e21e3,1288
4bb1fa0bf964a52010af3ce3,1289
4c2a849357a9c9b693a1f467,1290
4ab84166f964a520bd7c20e3,1291
4c40d709a48d9c74ab6c0c40,1292
4840fe6bf964a52030501fe3,1293
4a773e0df964a520f1e31fe3,1294
4b7174f3f964a5209b472de3,1295
4af1d4c8f964a52099e321e3,1296
4a706e81f964a52076d71fe3,1297
4c138eb6f1e0b7136cab34bc,1298
4ae23a21f964a5200a8c21e3,1299
4b53bf36f964a5201caa27e3,1300
4a60baf0f964a52018c11fe3,1301
41575800f964a520321d1fe3,1302
428d2880f964a520b5231fe3,1303
4b5b0144f964a5205fde28e3,1304
4f2d903ae4b03caf52f66e41,1305
4c4b15acc668e21e8d0094f9,1306
4edd659e5c5c96a201ddd39f,1307
4e46948162845e1d3c92eb7d,1308
4459d2f1f964a520d7321fe3,1309
4d2b7e7ab818a35df652b08a,1310
4c4dcaa49efabe9a41cc1569,1311
4c374bf80a71c9b6f2893ec9,1312
4bf1a8aba09076b0b8e729d4,1313
4eb1907b775b7cb808f59881,1314
4c3725790a71c9b60a3f3ec9,1315
4ef4c5b099111bd0a9b8e9c2,1316
4cb1e95deb65b1f7025278cd,1317
49c9358af964a52040581fe3,1318
4ba82484f964a52051ce39e3,1319
4c699035c946e21ed681ea8e,1320
4c0ff91e3ce120a18854071c,1321
4fe203d8e4b09e457c0a37cf,1322
49ecb093f964a52071671fe3,1323
4a8212abf964a5207af81fe3,1324
4ed34551754ad8083f6fd853,1325
45b893e3f964a520cf411fe3,1326
470f3ff0f964a5208e4b1fe3,1327
4f3020f6e4b007725d366bf1,1328
4d5895ca16146a3169b15dc1,1329
4fb62372e4b012942f03fcd2,1330
476f8da1f964a520044d1fe3,1331
4e15ee97814dbda3c8f946a8,1332
49ff53e6f964a5200c701fe3,1333
4cdb26bd22bd721ef5cff347,1334
4d3f3c07cb84b60ce1527bab,1335
507ca847e4b068bf2784eab3,1336
4f1e2589e4b0475df9cd00cc,1337
4a43c0aef964a520c6a61fe3,1338
4ca38cf55720b1f71fc632ef,1339
4e8c7a42c2ee854c75d05669,1340
4a047a18f964a520ff711fe3,1341
4b983c11f964a520273635e3,1342
4d0ef5e271e8a1cde47078bd,1343
4c2603d9905a0f47456c6260,1344
4e7980b4fa7600c1ffe698fc,1345
4e555a38b0fb1e5686bd6646,1346
4be5a2e19026ef3b60c20a38,1347
4bdec4fce75c0f477eb0c803,1348
4a0b5a0df964a520ed741fe3,1349
4ad4bc35f964a520f9e820e3,1350
4ee0eb7f1081e7177cac10b0,1351
4e8400f36c250c1bbe263c26,1352
4bb8bd247421a593fd09c240,1353
4c082c5a340720a116b98293,1354
49f35e1ef964a520946a1fe3,1355
44e39280f964a52045371fe3,1356
4a96a837f964a5207e2620e3,1357
4ed2ceed61af476c0b7c346d,1358
510c9f9de4b0ec5cc005fc87,1359
4be874a488ed2d7fa3e4cb1d,1360
4eab69569adfbd5e5d88ebbe,1361
4b3a8e5df964a520d86925e3,1362
504827d2e4b09f6aaeceb727,1363
4ba93c43f964a520e5163ae3,1364
4bbbfe5be5b0d13a9bdb6e7c,1365
4cb4ad0f07bab713fa9d50cc,1366
4e17a47b6284ea7246f0d87c,1367
4dd061ae45ddbe15f8b92f99,1368
4defd1aa1f6e6d35418a6dc7,1369
4b316640f964a5202e0625e3,1370
4d6dca43fbb8a1cde7006b0f,1371
4a1f0bf5f964a520fb7b1fe3,1372
3fd66200f964a5204fe71ee3,1373
4c2cc3dbae6820a16bd31943,1374
4acf73def964a520c8d320e3,1375
4ccaee2b33d3721ef60a2d8b,1376
49d7dbf5f964a5206c5d1fe3,1377
4b678fecf964a5205d552be3,1378
4b69fff0f964a520d0c02be3,1379
5096fbd1e4b076702db1e6f1,1380
50dd89a9e4b05736e56a3a70,1381
4e34c11c8877beb5e9a51fcb,1382
4b969644f964a520b4d634e3,1383
4f719efce4b04c3d1681ae79,1384
4dfdcb64227185f38b9979e8,1385
4ee9511902d5d0dbe477543e,1386
4ee92eff2c5bbde217087aa0,1387
4b9fa692f964a520bd3137e3,1388
4a63d085f964a520dac51fe3,1389
4cd713dfd2f62d43623f7d6e,1390
4b865064f964a520ac8531e3,1391
3fd66200f964a5205deb1ee3,1392
4f3c2aabe4b08b7acf7ff6ff,1393
4e41fa72b3add6fcb0d13ab3,1394
4c28a25d3492a593929ab728,1395
4b3a2fddf964a5200d6225e3,1396
4bfe777ce529c928955bbc8c,1397
4fafe8c9e4b085f6b3264155,1398
504b2d46e4b027ee7e7d050c,1399
4f07e5d9e4b0d6422a552a5b,1400
4ab912baf964a520e77d20e3,1401
4c6015d023e303bb82dc7407,1402
4dda977ad22d38ef4332c419,1403
4be42c292457a59316d4a915,1404
4ee5f8aae30005f8b940b177,1405
4cea65c3f8653704187abcc4,1406
4aeb54a8f964a52006c121e3,1407
4e00c3177d8beaa1649d7a7e,1408
4a318fe7f964a520f2991fe3,1409
4c4e136b9efabe9ab54e7b69,1410
481a14a5f964a520734f1fe3,1411
4d2010748629224b26231087,1412
4c091546a1b32d7f4eff96f0,1413
4ad00245f964a52045d720e3,1414
4c896e121dcd199c41a04c1b,1415
4fa3ca7fe4b0b487ccc604a3,1416
4a6a25c0f964a520b7cc1fe3,1417
4f677137e4b06cb9fdedbe32,1418
4e63eda6b3ad629a3a9d1309,1419
45d1a484f964a520af421fe3,1420
4e49e8d87d8b3dcca354c2be,1421
4f1d6a0ce4b085450898a7ee,1422
4f5455b3e4b050039fa910c4,1423
4a50fd41f964a5205fb01fe3,1424
4a5403b8f964a520f3b21fe3,1425
4c5049b8f080a5932e9143e2,1426
41a12c00f964a5203a1e1fe3,1427
4c799c17bd346dcb2423f6ef,1428
4c6c08cd6af58cfa62998517,1429
4ca38721d7c337043fc0a162,1430
4165d880f964a5207e1d1fe3,1431
4c46e1c189a6c9b669609888,1432
44e4541df964a52051371fe3,1433
4d5f4ab6865a224b7c369d85,1434
4c5609bafb5aa59351dc0b7f,1435
4d9a8aa6422ea1cd98f6e84c,1436
4d9e7e76ae31b1f7431cb103,1437
4e220e09ae6015b212acbc5b,1438
4e7b245eae60877a8aa02896,1439
4ba257e3f964a52038ef37e3,1440
4aabc152f964a520f15920e3,1441
4de7a57eb0fb2165e1aaaa1d,1442
4c2e8f153896e21eb88ae290,1443
4a9d8f44f964a5207e3820e3,1444
42055e00f964a520681f1fe3,1445
4a3fbfacf964a520eaa31fe3,1446
4a69f764f964a5204bcc1fe3,1447
4be63bdd910020a1452cd414,1448
4ac7d78cf964a52011ba20e3,1449
4f199811e4b026aa4df487bb,1450
4cbe5493611abfb717f5a405,1451
4b08d5d9f964a520c91223e3,1452
4530db29f964a520613b1fe3,1453
4a97b7c3f964a520b52920e3,1454
4a91768cf964a520441a20e3,1455
4c08065b7c9ad13ab19e2c1e,1456
4d59fbb724466ea8c4507d9f,1457
4e3695d5483bf3839a3a0c1b,1458
4f555da0e4b0b1295c78126c,1459
4d9885ae647d8cfa23ccf03d,1460
4f1c4386e4b08fa665a1598a,1461
4e6aa429b61cc3728dafe88b,1462
4f13f6686d863f284d12387c,1463
4bfd59c7f61dc9b626e49ede,1464
4e28161ce4cd6c6cb342b688,1465
4fa95817e4b06f5e7b3ae2f5,1466
4b4fa9faf964a520d00f27e3,1467
4b51f650f964a520ae5d27e3,1468
4ec7c0f5722e143796a232c3,1469
4ec34517722e5b8e03d67d9c,1470
4f49abc9e4b07165fa77eb39,1471
4b0c6a4bf964a520c63c23e3,1472
4ce6f877fe90a35d3c4e390e,1473
4dbaeb446e815ab0de5dd848,1474
4b50870af964a5202e2627e3,1475
4afb324ef964a520001c22e3,1476
4aa57787f964a5207c4820e3,1477
4e87e08d93ad69fee81d7c9d,1478
50071752e4b0921582576f29,1479
4bf9e8e85ec320a10d0d8bd3,1480
4f8bad82e4b05ae88ae6dc6a,1481
40abf500f964a52035f31ee3,1482
49cbb6f9f964a5200f591fe3,1483
4e034363b61ce80e5d67d09f,1484
4a99898ff964a520f22e20e3,1485
4c879d1bb504a1435cd6b71c,1486
4c720c75ad69b60c14a982b9,1487
4e1fd244c65b2b5e353615f2,1488
4e6e89b5d22daab469b62696,1489
4df53b7bd4c01ff6b2f262ec,1490
4e26fd0f1f6eb1ae139ad929,1491
4c64e410cdb6e21ebed7333e,1492
4a9bc45ef964a5202f3520e3,1493
4efbd8c32c5b0c24c9b97cda,1494
4a0ce46ff964a52068751fe3,1495
4a6f3aa4f964a520add51fe3,1496
4f5e82dae4b01989c438cbb6,1497
4a70539cf964a52049d71fe3,1498
4d7e60eb564b8cfa2ac8f064,1499
4f36b52de4b02a70e07ad7c5,1500
4c00297392a6c9280cc243e2,1501
4ae33a3df964a520f99121e3,1502
4c62bfd0e1621b8dfe232453,1503
4c0008bddaf9c9b6b426fbef,1504
4fcd726ce4b0d49882078a21,1505
4d93828762ad5481a4cd834b,1506
4bf6bda6b182c9b66869745a,1507
4a19b667f964a5203a7a1fe3,1508
4a51088cf964a52079b01fe3,1509
4c33562b3ffc95216f8f90f5,1510
4c6fd808d274b60c0fa9d70d,1511
4bd58ae76f649521ce2c6fec,1512
4ebc10798231dffdaf6139c6,1513
4aabea99f964a520ec5a20e3,1514
4b934941f964a5209c3e34e3,1515
4cfe57d0d7206ea89ee24d69,1516
4ad35d08f964a520fae320e3,1517
41196180f964a5200b0c1fe3,1518
4f386335e4b08f009a8525de,1519
4ed020cb5c5c9528f8f2d34a,1520
4c0babf57e3fc9286193f582,1521
4c550d5afd2ea593c95a112b,1522
4e9ebd486da161b08dad4196,1523
4a8e031cf964a520be1120e3,1524
4a01af35f964a520ea701fe3,1525
4b756932f964a520fe0a2ee3,1526
4e2aefd4aeb745b1fabd9ba8,1527
4adc960bf964a520932d21e3,1528
4e9cada082310f9e5f38ec70,1529
4ede2b88f790c0454a1a7989,1530
4b521c6cf964a520be6827e3,1531
451d2920f964a5208d3a1fe3,1532
4116be80f964a520fc0b1fe3,1533
4bfbd408f214a59364abaf0e,1534
4a415001f964a52014a51fe3,1535
4f99ce90e4b0193a1e4a7613,1536
4bd879e909ecb713f3f0487c,1537
4bdf502a89ca76b062b75d5e,1538
4b8577dff964a520e25f31e3,1539
4ad507bff964a520660121e3,1540
4bd5e59f6f649521b7e86fec,1541
49f3417bf964a5207a6a1fe3,1542
4d8f74cf1716a143e3ed4af7,1543
4f9bff42e4b01da4ffcb8814,1544
4bcb54a23740b7132e426265,1545
4f71179ee4b005ed80d6f4dd,1546
4a6dff78f964a5208dd31fe3,1547
4b15b66bf964a52015b323e3,1548
4db479a693a017099dd9c8b8,1549
4b89ce3cf964a520e74d32e3,1550
4bb2a8d3a32876b080f200fe,1551
4cdf4390df986ea8d331e116,1552
4b609138f964a5200cee29e3,1553
4f5df924e4b008b1589a3ef7,1554
4d40b56fb7c25941ca6abbdb,1555
4b9ffda2f964a5206c5037e3,1556
4b049219f964a520425522e3,1557
4bfc3c96d6f2c9b625e74ec8,1558
462a6065f964a520d9451fe3,1559
4db83fdcfa8c377d83ba8dc5,1560
4cb647b49c7ba35dc7c19006,1561
4427bd00f964a520b6311fe3,1562
4bc0cc22920eb713b995192c,1563
4fa44262e4b017e938190073,1564
4bdd72b0d33f2d7f46f38a3c,1565
4b1bf775f964a520d0ff23e3,1566
4a6ddef7f964a52033d31fe3,1567
4cdc24343f6a8cfade82efea,1568
4badc1bcf964a52047673be3,1569
4b868537f964a520bc8d31e3,1570
4bc4687eb492d13af9f0a960,1571
4a5e05c3f964a520e8bd1fe3,1572
4bbf8a28f8219c74a127b010,1573
4d0382fa30a58cfa181399e7,1574
4ddb05fb8877102e8a85cc02,1575
4b1be8cef964a520defe23e3,1576
4a81f0bef964a5200cf81fe3,1577
4f4f43c6e4b0f022a0503400,1578
4a9bc4d8f964a520303520e3,1579
4ba22d7df964a5208be137e3,1580
4c18fe064ff90f47d1370f49,1581
4b0737c3f964a520e4f922e3,1582
4a426fc3f964a520dda51fe3,1583
4f01242d8b81b0190c18b47f,1584
4b902989f964a5206a7933e3,1585
4bdc528dfed22d7fcea057c9,1586
4c64835a3f69c9b6ced788d9,1587
49d012ecf964a520fc5a1fe3,1588
4c8f8d10d68c6dcba53905a2,1589
3fd66200f964a520def11ee3,1590
4e64fd017d8b85408abf4ba1,1591
4ba8b4fdf964a5209ee839e3,1592
4df5fac0d22d8c5470e5bbd4,1593
4afcad9ff964a520052522e3,1594
4eefa14a29c28028e148e40c,1595
4a97f535f964a520f92920e3,1596
3fd66200f964a5205ae91ee3,1597
4be1db7dedbb0f47c5eaa615,1598
4a98863df964a5207e2c20e3,1599
4e666a5f227168062a3b81bc,1600
482af93cf964a520cd4f1fe3,1601
4c35c2e57cc0c9b6a366f59a,1602
4b9a58e0f964a520e0ad35e3,1603
4daab34b43a1128196fe7329,1604
4cd896307d454688697deced,1605
42001800f964a520591f1fe3,1606
4be37fa5b02ec9b6b6d64fc0,1607
4daca907f7b17c2b98513650,1608
4f2ffa32e4b0d337d684b2d3,1609
4b8aa3e1f964a520e77632e3,1610
4b4f3d64f964a5206cfe26e3,1611
4f53022de4b02d0eb4152d42,1612
421a7600f964a5209d1f1fe3,1613
4555bea7f964a520253d1fe3,1614
4b280e7cf964a520568e24e3,1615
4e949c4adab40cefc9390b5a,1616
49dcd96bf964a520b15f1fe3,1617
4bf6bb57b1a7a593659ed65b,1618
4e26ef40a809510950dbce03,1619
4ddbb875d22d22fb7c83911e,1620
4a53d9a7f964a520c7b21fe3,1621
4a5e4f41f964a52059be1fe3,1622
4a592e94f964a520e6b81fe3,1623
4c703ddbd97fa1438e83f5ca,1624
444bb024f964a5207b321fe3,1625
44ca1c8af964a520f6351fe3,1626
4a746f9bf964a52023de1fe3,1627
4d07d705e5e96ea86dea3d5d,1628
4cac775536fa6dcb16abde78,1629
4b186023f964a520bbd123e3,1630
4f93f1c8e5e828f50a2b81d1,1631
4bc9ee9468f976b0032a5e83,1632
4a1b592ef964a520ee7a1fe3,1633
49ccd495f964a52091591fe3,1634
3fd66200f964a5200ae61ee3,1635
4fcd67e7e4b0ef380f9d4e85,1636
4bbf3763006dc9b6252efc3f,1637
4de8bb6d81dcbe67153d862d,1638
4b6caaddf964a520ac4a2ce3,1639
4f22c7bde4b0b2f98daff0dc,1640
4cfb90ee2d80a143302e4cd8,1641
43df8ad6f964a520b92e1fe3,1642
4b8578daf964a520206031e3,1643
4e6dfab3b61cf2b03c254994,1644
4b572861f964a520ac2828e3,1645
4cf2622de9425481cbe96fc5,1646
4840fef8f964a52031501fe3,1647
4b67309bf964a52059402be3,1648
4aaecd8af964a5205d6320e3,1649
4c23ab9ab7b8a5936e3b3be8,1650
4e7365ae18386b46491d0f9a,1651
4b722301f964a52079702de3,1652
4bc490c7b492d13af22eaa60,1653
49c170abf964a520a7551fe3,1654
4b283971f964a520289124e3,1655
4c79d385566db60c9679460e,1656
509aaca2fe70fdaaea894fd3,1657
4dab7425fa8cc764974da770,1658
50abeb91e4b04d7b173c0466,1659
4d594a2b3281b1f79875b92f,1660
4dcf439b52b1f8915bacf008,1661
41390580f964a520dc1a1fe3,1662
4a32c3f9f964a5208c9a1fe3,1663
4db99e916a2334682dac5e74,1664
49f1c450f964a520b6691fe3,1665
4f8bf1fee4b0ab0c1d4a0158,1666
4ff4c10ce4b01d081f52b0b8,1667
4a20b852f964a520b97c1fe3,1668
4b71f6d2f964a52012672de3,1669
43a52546f964a520532c1fe3,1670
5088ad7fe4b00b147d1d09b2,1671
4b22fbf3f964a520975124e3,1672
4bfec352daf9c9b64038f9ef,1673
4d4d70c9b887a1cd88cabba0,1674
4af180a2f964a52027e121e3,1675
4bdaf8c60ef39c7488c71d2d,1676
4b82efaef964a5202fee30e3,1677
4bd39c8241b9ef3b3fab00e6,1678
4ad75f23f964a520e30921e3,1679
4edca47446907c1b45463ea5,1680
4bedb01ce24d20a128d57114,1681
4b6d9bb6f964a520ec7f2ce3,1682
4bc4a8a2920eb7139b0c1f2c,1683
4a27d838f964a5208b911fe3,1684
46d43138f964a520634a1fe3,1685
49e4df73f964a52062631fe3,1686
3fd66200f964a52049e81ee3,1687
4f3d9498e4b0fbbbd6b25528,1688
4adccf82f964a520133021e3,1689
4aff3636f964a520ed3522e3,1690
4b92dc22f964a520432234e3,1691
4fa93241e4b02c573a9a87c9,1692
4bf6e7534a67c9284ba522cf,1693
4d8a4fd11508a1431d16221e,1694
4ba51a2bf964a52074dd38e3,1695
4f97a579e4b075734624c95b,1696
4ae1ed7cf964a520d58821e3,1697
4ec27c885c5c3d470deb0904,1698
4f3bd9b7e5e8de74f181a825,1699
4e570b29aeb74e5d15c50321,1700
4aca2ceef964a520bfc020e3,1701
4dd17130d164679b8d47054b,1702
4c49c9469e3e2d7f66fc3f49,1703
4bb52e252ea19521bd20aa2f,1704
4a43ae41f964a520aba61fe3,1705
4d84ce358de9721ef39c3851,1706
4a3d735cf964a5204ba21fe3,1707
4ae6258af964a52013a521e3,1708
4ba6c2c2f964a520ee6d39e3,1709
4ff4271ae4b0b8fda8c37cc8,1710
4bbe675182a2ef3bf7542bd2,1711
4f4b3acae4b0c132f3c11107,1712
4e9364f2cc2178bffe297c09,1713
4bc4cad7b492d13aeb93aa60,1714
4e4dce43483bb77048f99eea,1715
4aaa7709f964a520105620e3,1716
4ba8dcd2f964a52019f539e3,1717
4a5a713bf964a52054ba1fe3,1718
4da8800143a12d0c26532ae7,1719
4be3499f1dd22d7fdd4296bd,1720
4b3bef0df964a520bb7e25e3,1721
4b3bf3f3f964a520187f25e3,1722
4b46b35ef964a520062726e3,1723
4c02ec6bf56c2d7f442f1c66,1724
4a60c306f964a52028c11fe3,1725
4b15b4f9f964a520f3b223e3,1726
4bc3ba974cdfc9b634d39721,1727
4a33eb53f964a5206a9b1fe3,1728
4f908390e4b0082e439eb993,1729
4adc5ed9f964a520e42b21e3,1730
4c3531fded37a593a2417003,1731
5071c35de4b0f11f52de6876,1732
4e4f96fe483bb770491139a8,1733
4e25b190814d0c070b6b3f50,1734
4e4955c0b61c6886484ccb2c,1735
4c7e630a5af8b60c9d419210,1736
4ad494d5f964a5203ce820e3,1737
4ed7082a77c86e4f2b10b351,1738
49d23a22f964a5209f5b1fe3,1739
4c8509cfd4e2370470c67e88,1740
3fd66200f964a52008f11ee3,1741
4b5882e7f964a520665b28e3,1742
4cd7f12a7bb06dcb988d9fb2,1743
4e7161f162e116e94546de73,1744
4addf75cf964a520d66621e3,1745
4cb06cd5aef16dcb8883b054,1746
4ec101392c5b252c1a28429a,1747
40d77680f964a52059011fe3,1748
4f8c801fe4b0e5ed774c0951,1749
4f540c75e4b0c416063473a9,1750
4ab38f3df964a520ca6d20e3,1751
4aedc59af964a520c3ce21e3,1752
4e7a39122271920e476b47e3,1753
4a5519d5f964a520adb31fe3,1754
4b15922ef964a52009af23e3,1755
4b20ed51f964a5206c3524e3,1756
4f106a1de4b067f66e78b229,1757
4d857db65ad3a0938b29e7fd,1758
4a982ad4f964a520c12a20e3,1759
4d44de972e326ea872f8e8a6,1760
4bb7d645cf2fc9b608e39e02,1761
4afd7f51f964a520232822e3,1762
4a9e7e1af964a5204c3a20e3,1763
4fc18975e4b0d516251fbca0,1764
4baeb616f964a52039d13be3,1765
4c5a2aa52091a593b6ec5ed0,1766
43edddc3f964a520552f1fe3,1767
4a97e23df964a520db2920e3,1768
4bf6f7e413aed13a6e8ceaf7,1769
4b55fb4af964a5203efa27e3,1770
4c1c2ac8eac020a1872d46c2,1771
4e5cba23183883e00c0c1b0a,1772
4f74a494e4b0da64dfe954dd,1773
49cf9381f964a520af5a1fe3,1774
4e3ae8a418a80688f96d7583,1775
3fd66200f964a520d8f11ee3,1776
43fa07c9f964a520d92f1fe3,1777
3fd66200f964a520bbe61ee3,1778
4ed1eb9a77c8ea62fdf51ef0,1779
4e44553c7d8bee28239c268f,1780
4b61c5adf964a520c1212ae3,1781
4af5a46af964a520b5fa21e3,1782
4bdb0b343c4fef3ba3baf4bf,1783
4eda1085f5b921398839dd94,1784
4b39446cf964a520655925e3,1785
4af3150ef964a52073ea21e3,1786
4a728f52f964a52037db1fe3,1787
4f3c31d0e4b026d357d12fea,1788
4fa4a231e4b09571de93b9a7,1789
4ddc9302887775ea9c44a155,1790
4c0fc26c98102d7f28bee506,1791
4a7c7fd1f964a520ceec1fe3,1792
4b085910f964a520b90923e3,1793
4ad8795ff964a520a21121e3,1794
4c614e8512e5c928d935214c,1795
4aa52d50f964a520834720e3,1796
4fcd709f6b74fbb96faee284,1797
4a525e9df964a52094b11fe3,1798
4dd3c987b0fbf653b64518c6,1799
40ede000f964a5203c0a1fe3,1800
4f9c3302e4b0f1efa7ea0e56,1801
4e6a06081495acb0c68d2ca3,1802
4db12e95a86e63d21166092b,1803
4ca9e4d897c8a1cdef2593a5,1804
4f67c6d5e4b0e34eb630101a,1805
4ed6c15ee300234fec8ed987,1806
4adc9f3af964a520072e21e3,1807
4f7efafde5e8cf764f54b073,1808
4a1afeb7f964a520b77a1fe3,1809
4e278f841f6e88a15459fc8f,1810
4b1158fdf964a520b07a23e3,1811
49ef2af5f964a52084681fe3,1812
4b7831d2f964a5205ebb2ee3,1813
4bb0aa94f964a5206d533ce3,1814
4a60a6fef964a520f6c01fe3,1815
4f1999ade4b08b384e4c2208,1816
4f286f1b754a9436fd90d383,1817
4d069c5be350b60c7c428e42,1818
5016624be4b0073bd13b9303,1819
4b64e55df964a52032d82ae3,1820
4bd62c5b5631c9b65383a530,1821
4f6cbcd3e4b0e3b3bc49693f,1822
49e7c7c6f964a5201b651fe3,1823
4d8132b59d78a35df9a9500f,1824
4e59ca2faeb7d78d9f7cda81,1825
4b659666f964a52078f52ae3,1826
4ee5295c9adf398200319470,1827
4c390fc70a71c9b6f5e841c9,1828
4c97edbdf419a09395806b88,1829
4f13f57d6d863f284d122cae,1830
4f044f5993ad64af7ace411b,1831
4a689777f964a520a0ca1fe3,1832
4b5cb461f964a520813f29e3,1833
4b8f2a2df964a520d94b33e3,1834
4b2b9539f964a520e0b724e3,1835
4ce6d1330f196dcb0a0f3aae,1836
4da8562c0cb65e9aae656017,1837
3fd66200f964a52028e41ee3,1838
4b9ad66cf964a520b6da35e3,1839
4bf4b96898ac0f47a66464a8,1840
438d6b12f964a520322b1fe3,1841
4b17d9a2f964a520d8c823e3,1842
4b7c9fe1f964a520559e2fe3,1843
4ecee40d02d5feaa1a85a14d,1844
4c4798891ddec92873069e32,1845
4cbc63b976ad9c7435e5e7cb,1846
4de42417fa7651589f27bc0b,1847
4b03242cf964a520f94c22e3,1848
49cdac4cf964a5200e5a1fe3,1849
4a9fc4fbf964a520493d20e3,1850
4c05304339d476b0227b32a7,1851
4fc26f8fe4b01d45bf074757,1852
3fd66200f964a520f6e61ee3,1853
4a7a0832f964a5203ce81fe3,1854
4a81c425f964a52083f71fe3,1855
4ada106af964a520ed1d21e3,1856
4e68c13d483bc776308ceb32,1857
4f7db8eae4b021182169e8f0,1858
4fa0bcc1e4b0f5a96db8c557,1859
4a3ffdc5f964a5202da41fe3,1860
49d164f1f964a5207c5b1fe3,1861
4ca9c9c9f47ea14304388221,1862
4c700bc7d97fa143bac0f4ca,1863
4dd7d3e845ddced8208ffa61,1864
4c833cccd8086dcbdeb87e52,1865
4be19a4a594bc928e006acbb,1866
4cc6053db3de9c74da0eb4c9,1867
4f08b026e4b0540ca2633a2f,1868
4df2f04dd4c01ff6b2eaca87,1869
4e56dcb252b1d8d4e3115217,1870
4c7170dafa49a1cd60e6a8e3,1871
4b57b30cf964a520973c28e3,1872
4abbe19ef964a520548520e3,1873
4a78f566f964a520b2e61fe3,1874
4558b83bf964a5204b3d1fe3,1875
4e658473d22d509a3af0046f,1876
466ec638f964a520b7471fe3,1877
4eb6999ccc2143e828778409,1878
4e271458149503e3719cd115,1879
4abadd53f964a520338320e3,1880
4e91bf4561afcfde2a59a226,1881
4e55cc9763651dfb132106e4,1882
4baa673bf964a520d8663ae3,1883
3fd66200f964a52081e71ee3,1884
4b06db2df964a5208df122e3,1885
4cec13060f196dcb7b8e5bae,1886
4c9259247088a143b7aab843,1887
4c1a0d91fe5a76b03a710415,1888
3fd66200f964a520cee51ee3,1889
4d4fea287ee1a35d65138034,1890
4ad139f1f964a52092dd20e3,1891
4b253da7f964a520906e24e3,1892
4b689cabf964a520cf822be3,1893
4dfcd55bc65b31579b2fa309,1894
4df27137ae609e69dd95ef3f,1895
3fd66200f964a52038e41ee3,1896
4dbdebed6e810768bf82ad95,1897
4bc8f5db0687ef3b970ad9cc,1898
4b9830a5f964a520c73235e3,1899
4f7b11d3e4b01ee86808da9c,1900
4d226b656e8c3704e69c0ba0,1901
4de94ed6b0fbcb7c9ada3448,1902
503bee84e4b0e79b22202bf1,1903
4ae8906ef964a52071b021e3,1904
4baeb1f6f964a5209ccf3be3,1905
4c068305d3842d7f85b7bf41,1906
4aa53eccf964a520b24720e3,1907
4b3613a9f964a520013025e3,1908
4d1829fae190721e1b3f2021,1909
4ad3d174f964a5207be620e3,1910
4c3a1d102c8020a1f9d58d00,1911
4ba02868f964a520615e37e3,1912
4b6c5958f964a5209e322ce3,1913
3fd66200f964a5207eea1ee3,1914
4c419ad3cc410f471767ab61,1915
4ccdd65a511b236a04bbf9c9,1916
4a4b9d1ef964a52080ac1fe3,1917
4fc58112e4b0505c6e029179,1918
4cced0adaa25a35dcbbf220f,1919
4afefbe2f964a5207b3222e3,1920
4a9fe58bf964a5207e3d20e3,1921
4bfd63edf7c82d7f831d8e04,1922
4b2d93a9f964a5201fd924e3,1923
4ec7ef6a93ad41338d60c36a,1924
4c0ed3cad64c0f47d2dc285d,1925
4c0e4252336220a1a7ddcb77,1926
4c882dc9ed0aa143bb8ca7f3,1927
4ae32c6ef964a520489121e3,1928
4d500a037ee1a35d828b8134,1929
4be2144d21d5a59302ca1511,1930
4c69911c8e7c0f4794f8df0f,1931
4c28f5bfce3fc9289e006e88,1932
427d5680f964a520a8211fe3,1933
4f7147c2e4b005ed80fa2d4f,1934
4dcb9d9a1f6ea1401d42d7b7,1935
4d378b226eef5481afca3848,1936
49d2b43ef964a520cb5b1fe3,1937
49da74aef964a5208b5e1fe3,1938
4e9020e6c2ee0d7f4f692e87,1939
4d384e769784a0931000dfe8,1940
4800619cf964a520ec4e1fe3,1941
4eb71f2f9adfc68713220233,1942
4b11a66cf964a5206a8123e3,1943
4161e400f964a520721d1fe3,1944
4ba685d0f964a520c45a39e3,1945
43cbf323f964a520c52d1fe3,1946
4b709d01f964a5204c252de3,1947
4b8d5d69f964a5204af732e3,1948
46cbd4edf964a520344a1fe3,1949
4ba3045bf964a520102838e3,1950
4a4560a7f964a5201aa81fe3,1951
4c6926091a6620a1beb6628c,1952
4d0a9b2f27f8a35dd0432713,1953
48f0fcdcf964a52041521fe3,1954
4cc384c142d1b60cba011813,1955
4e863b32f790e3cd5056eff1,1956
4bbcab328ec3d13a99081b28,1957
4f3a5687e4b03d78318d2208,1958
4a718a5af964a52041d91fe3,1959
3fd66200f964a520b7e41ee3,1960
4bd842d2f645c9b63a77a7e0,1961
3fd66200f964a5203ee41ee3,1962
4bfdf5cb2b83b7137cd2a998,1963
4a078b2ff964a5207f731fe3,1964
50abeee2e4b0570fe336d7fa,1965
4ef6571c722e34060e72b97f,1966
4ce691779f776ea8778f5222,1967
4bfa85ed5317a59307c0027f,1968
4bff9551369476b029fc8d1f,1969
4eb9f83ccc21a9a7a1b2c579,1970
4b3ff06cf964a52097b225e3,1971
49c224c6f964a520e2551fe3,1972
50988e54e4b0fd23874c1700,1973
4c1956036a21c9b62b6bca97,1974
4da4d091fa8c7394fc86d456,1975
4bc743d68b7c9c74df1536cf,1976
43ed7e9ef964a5204e2f1fe3,1977
3fd66200f964a520cce51ee3,1978
4aa329cef964a5208d4320e3,1979
4e4fe3902271a1bdc3e47f05,1980
4e0977b87d8b2a0180676fa4,1981
4f2a6d55e4b04e33ba6416f9,1982
3fd66200f964a52060e81ee3,1983
4ee24976d3e3a823d5cb90fe,1984
4b53b0fcf964a520ffa727e3,1985
4d02d8b726adb1f76cd2c870,1986
4ad60397f964a520770421e3,1987
4bd76168e914a593ed1b51fa,1988
4b105534f964a5200a6e23e3,1989
429ba900f964a52093241fe3,1990
4f4f7d0be4b0e5248142bc5f,1991
4df6cab0aeb7da11e1a72c4c,1992
4e807bdd77c8b3558801aaa0,1993
4b61a925f964a520231c2ae3,1994
4c1137ab8559ef3b5db06a53,1995
46cb0dedf964a5202a4a1fe3,1996
4d21fb8429292d436d6f5274,1997
4d5bf2d1590b224b809e9b6d,1998
4dab754b43a112819710e6c7,1999
4b8c205cf964a52081bf32e3,2000
4c917220ae96a0933fcda346,2001
4dba1fa093a08055482fe31b,2002
4e2d8527b0fbc2edac36e30d,2003
4b3febc4f964a52019b225e3,2004
4d56bce5e7f1a1cda66d0aa5,2005
4d15545cbb488cfaf6c29ed4,2006
4c1a2bbf838020a1adc4e661,2007
4b5e70e7f964a520d08e29e3,2008
4b77007bf964a5204b732ee3,2009
4c9371f49273bfb7c04b0c72,2010
4a19bdd6f964a520477a1fe3,2011
3fd66200f964a52014eb1ee3,2012
4ec9763849010f98cee35863,2013
4fb946fae4b0bb5119584b08,2014
4cae1f8a1463a143d0ff89a9,2015
4d840239f1e56ea802cf6c8a,2016
4e3cb594fa76455375af1684,2017
4ea237b0f7909c68de07935c,2018
4f7042d4a17cff2ad64f4951,2019
4c744e26ff1fb60cb731f3a7,2020
4e6665701fc747ca49e8d231,2021
4b5b6d6bf964a52037fd28e3,2022
4b5b389ff964a5203fec28e3,2023
4f0226b200395214c70f902d,2024
4c360f57dfb0e21e706aaaa8,2025
4d7e74cde7e1721ef8cfe00b,2026
4a98966ff964a520d42c20e3,2027
4b75af66f964a520e31c2ee3,2028
4fec4c01e4b06e7fdf8594e8,2029
4da1210d540ea1cd2bc361de,2030
3fd66200f964a52053eb1ee3,2031
4a65c4eef964a52098c71fe3,2032
4e348676b61cddd1cd33c67d,2033
4e43c5c752b18fcc7991cffa,2034
40e74880f964a520150a1fe3,2035
43a72ba0f964a520672c1fe3,2036
4c93d27458d4b60c5cd62229,2037
4b1d4d9bf964a520780e24e3,2038
4e9cab36b8f77a8b46dd92b4,2039
4a5778a6f964a5202cb61fe3,2040
4d99f332a2c6548100631354,2041
4bbf97b174a9a59311b9cef6,2042
4ac60ba4f964a520b1b220e3,2043
5095afaae4b0147d2e0cb6e3,2044
4528a216f964a520173b1fe3,2045
4d83d942d5fab60c3b42d59b,2046
4e4712d7b61c03d0cd158c78,2047
50732dd2e4b0d30a5e3ca05c,2048
4e3c2d30ae6045423653c241,2049
3fd66200f964a5205de41ee3,2050
4f3287b8e4b0f6064c42542e,2051
4aa01922f964a520483e20e3,2052
4b509489f964a520272827e3,2053
4a7b36e0f964a52056ea1fe3,2054
50b7fa6ee4b0f99bbcdf2a6b,2055
4f88c077e4b005979da5c996,2056
4b3a1855f964a520026125e3,2057
4e8725b5b634744399350cbe,2058
4c45d0eb2d3ec9b61ec630ae,2059
4ccaea11e47a95218e59fd99,2060
4ab7e859f964a5206f7b20e3,2061
4ab41590f964a520c46f20e3,2062
4c3df53e6faac9b6c48a0d76,2063
4a43bcb7f964a520bba61fe3,2064
504a9950e4b00e670c3dd31f,2065
4a083214f964a520a3731fe3,2066
4d2cc14bb47d2c0fd1608594,2067
4a8c0960f964a520e50c20e3,2068
4ecd244ce30072984c20c9b2,2069
4f0ba727e4b0261c937b8781,2070
4e2c85ccd164223a698d6b22,2071
4a413bb8f964a52000a51fe3,2072
4ed3a7fab634dd29954a1053,2073
481dfa3af964a5207f4f1fe3,2074
3fd66200f964a5205fe41ee3,2075
4e558a3dd22d9b4ff4b61c4a,2076
4d8bec979f3fb1f7cb94fcbc,2077
4d7a3d77fed6a09338d79e56,2078
4a3d4aecf964a52012a21fe3,2079
4b14699bf964a520c7a223e3,2080
431e2d80f964a52079271fe3,2081
49be9addf964a520c4541fe3,2082
4f3e757ee4b038a0550cd6df,2083
4c71cd588efc3704f090117d,2084
4a7b8beaf964a52058eb1fe3,2085
4e1bb93518a8c65001f5b391,2086
4c33d277452620a1cb46240f,2087
4af07915f964a5206ddc21e3,2088
503e61efe4b02cb326f4a87e,2089
4bae3634f964a520e6923be3,2090
4f75b8e7e4b0b8451d425348,2091
4a5eac1ff964a52008bf1fe3,2092
4a416369f964a52036a51fe3,2093
4eaa3e3d49015844896ef36e,2094
4b8fbf80f964a5202a6033e3,2095
4d573ff9e7f1a1cd258611a5,2096
4af42a00f964a52055f021e3,2097
4c02c91d0d0e0f47c9a6019a,2098
45a62f89f964a52003411fe3,2099
4b5ca9dcf964a520f83c29e3,2100
412d2800f964a520df0c1fe3,2101
4a5f5a54f964a52071bf1fe3,2102
4c8045d9d4e23704336f5388,2103
4cfd0890c671721e54becb18,2104
46dd1429f964a5208d4a1fe3,2105
49b79f54f964a5202c531fe3,2106
4a7dcf5cf964a520b5ef1fe3,2107
4da307d5e7b8a09077802121,2108
4f48749de4b0e13229e306a7,2109
4d990fb097d06ea8eff1420b,2110
4bc39a73461576b0e8e17e32,2111
4d85caba5091370410239e5b,2112
4c22beee99282d7f17b667b0,2113
4ea21c72722ec75ade2911c7,2114
4e04aa572271233b767de49e,2115
4b538c3cf964a520a4a127e3,2116
4dd27f5c1f6ef5f6ccd5df9c,2117
4f9f70c5e4b061430ded05d7,2118
4a7dff4df964a52091f01fe3,2119
4bf0dbba6f8aa5935657c23c,2120
4276bf00f964a5208c211fe3,2121
4d2f32b573e5a0935c5158cf,2122
4ac51996f964a52052b020e3,2123
47e100b9f964a520414e1fe3,2124
4a774047f964a520f6e31fe3,2125
4c38e55118e72d7f094119f5,2126
47273fc8f964a520df4b1fe3,2127
3fd66200f964a520d1e31ee3,2128
4c7f9209171b224b3b1211b1,2129
45112af0f964a5208d391fe3,2130
4e8bac9b6c25fbeecd5147f8,2131
4bff4281daf9c9b68c0cfaef,2132
4ba8fa3df964a520ecff39e3,2133
4c1a47228b3aa5936051955f,2134
4ab7e0d7f964a520417b20e3,2135
4b0cb04df964a520054123e3,2136
4ce16dc4ac908eec3e695a06,2137
4e053973636520fa74e59c42,2138
4f6f7804e4b08610787b7bdb,2139
4eeb4c51775b1d4812e0261c,2140
4dbf37e24b2221ec2d5611b0,2141
4d9a2f78d97ba1430b43336b,2142
4bcc4cee3740b7132dba6365,2143
4faf2643e4b0604808298cc7,2144
49f76cc2f964a5209d6c1fe3,2145
4a954328f964a520cf2220e3,2146
4c1fd342920076b03559c5e9,2147
4b0b1b41f964a520fd2c23e3,2148
4d291bbe6e27a1435d752124,2149
4bdeb11b6198c9b6aa7f14ff,2150
4d5bedbb5d153704613a6ce7,2151
4f0a4ea7e4b033211b9d7660,2152
4e628332d22d509a39a9a788,2153
4dec2ba1b0fb8293f80250c8,2154
4e7f79e9754afa2da1adec7f,2155
4f7c238be4b02cdb82b94324,2156
4f2e153ee4b03caf538a8607,2157
505f3874e4b010db7379cc23,2158
4b9aa74cf964a52014ca35e3,2159
50286ae5e4b07f3295f9166d,2160
4a40f778f964a520afa41fe3,2161
474d3e5df964a520a24c1fe3,2162
4eebf2a48231688f1ca181db,2163
5009e918e4b0ddfaa6625df9,2164
4aba9edbf964a520248220e3,2165
4d9ca3097958f04d7c0004fa,2166
441a8599f964a52036311fe3,2167
4b1f3cccf964a520122524e3,2168
4fa2c66ae4b0dc1d01359ad5,2169
4f7996c9e4b05bfd59346a83,2170
4c0a9f936071a593f3e4df32,2171
3fd66200f964a52023e41ee3,2172
4c72cd15376da0930861a7c6,2173
4b95995af964a52075ab34e3,2174
4d585ef592326ea8954d65c0,2175
4cd544d894848cfa6a0de5b1,2176
4f194039e4b0cfc595e6ee11,2177
4a48080ff964a52075aa1fe3,2178
4bfade10ab180f475e11b3ce,2179
4b4d04e2f964a520fdc726e3,2180
4c8688ffd92ea093ea416f72,2181
4b992b04f964a520726635e3,2182
4b0dc4abf964a520b64f23e3,2183
3fd66200f964a52061e41ee3,2184
4b6188cef964a52026172ae3,2185
4c7c2e64aa3ba093dc0daa74,2186
4b00a2abf964a520264022e3,2187
4a6f77a1f964a5203ed61fe3,2188
4c619e7feb82d13aa96a03d6,2189
4f2871d3754a9436fd912c9e,2190
4a7f0913f964a5208af21fe3,2191
4e7a4294b61c0c4cb58f56ce,2192
40fb0f00f964a520ee0a1fe3,2193
49becfd3f964a520e0541fe3,2194
4b9d5e2af964a52046a736e3,2195
3fd66200f964a52035e41ee3,2196
4cf66a2664e3721e5d0e21c8,2197
4d532b096bc33704ea07ffd2,2198
4be42d27d4f7c9b6bcc02320,2199
4c178177c2dfc928c816a869,2200
4e6938ef45dd0f430c1834c5,2201
4c56e1f3b7a31b8d70ea4eda,2202
4bd1a262a8b3a593ae06665f,2203
4ddfe92e8877e0877e661125,2204
4b16f47bf964a5201ac023e3,2205
4b82ac15f964a520a5dd30e3,2206
4dd4039bc65b69f93638ee56,2207
4e7fdff20aafbd4bf63b3998,2208
4c76b5e6947ca1cd1d144537,2209
4b65168ff964a52091e32ae3,2210
4c81773e74d7b60c6e2577d8,2211
4b015037f964a5200e4222e3,2212
4d838e0940a7a35d987ef8bd,2213
4b0c16c3f964a520ad3623e3,2214
428a8580f964a52083231fe3,2215
4c4ca999b301b7130ad70789,2216
4b14029ef964a520b39b23e3,2217
4e60eb5c52b1260c1271ff52,2218
4b666793f964a52074202be3,2219
4b7f0390f964a520611030e3,2220
4e540e4018381367473717c8,2221
4b897be0f964a520bb3a32e3,2222
4f1120fce4b0725febba8c2b,2223
4a847222f964a520a1fc1fe3,2224
4c23e755f7ced13a3dfd216d,2225
4bf85bee508c0f476b693e31,2226
4ba0e0edf964a520138437e3,2227
4101a680f964a5205a0b1fe3,2228
4e5d406118a8463c4d94db19,2229
4ee03cc6d3e38ddb2a91672f,2230
4cd03c82a03a9eb0bd58b103,2231
4f80ed31e4b0bc141791c877,2232
4b7e95e5f964a520fdf32fe3,2233
4bbe2867eeca9521b8174df1,2234
4b6743e3f964a520b1442be3,2235
4b4c87f3f964a5204bb526e3,2236
49d6bed4f964a520015d1fe3,2237
4fd51cf2e4b0211979c2e273,2238
4ce1ef8278ddf04d7450ae98,2239
4ad79deff964a520d50c21e3,2240
4e00932062e12fb08937989a,2241
4bb90257314e9521b509499d,2242
4eff658d0aaffcf6f40c152c,2243
4f6b2a25e4b0803c8aaeab4c,2244
4f393be0e4b0e313d5665cac,2245
4cd584ca94848cfaa8dde6b1,2246
4beb073ea9900f47e2461740,2247
4e369eeb7d8b0c62b2e02138,2248
4c179f6430d30f4726c636a9,2249
4a819c70f964a52006f71fe3,2250
499dea48f964a5208c521fe3,2251
4b4f35a8f964a52063fd26e3,2252
4b105b45f964a520916e23e3,2253
4c1e31d5fcf8c9b61ad6ac0b,2254
4b515378f964a520f94a27e3,2255
4a676ff4f964a5206fc91fe3,2256
49e4ec34f964a5206e631fe3,2257
4b40cf3df964a5206bbb25e3,2258
4d9e5fb52052f04d07c8b494,2259
4e239509fa761d6710926ed4,2260
4bd6f47d29eb9c7462db95e1,2261
4edcd3198231efe39240ba6f,2262
4bb41dcd9af3b71349078c28,2263
4c7c071181bca09382ee0415,2264
4d3767939516236aeb928c51,2265
4b1d14e9f964a520af0b24e3,2266
4e7f5f3e02d5abdf69133cf7,2267
4c94be6cefecb713958ae09d,2268
4b05b044f964a520fce022e3,2269
4a8cc1d4f964a520130f20e3,2270
4bc5fba06c26b7131615ecf3,2271
4baaa3b7f964a520e37b3ae3,2272
4a75f517f964a520cbe11fe3,2273
40fb0f00f964a520df0a1fe3,2274
4b9fa9bcf964a520c53237e3,2275
4b191a58f964a520ffd723e3,2276
4be1ae703ef676b0e44ec0ca,2277
42ec1480f964a5209e261fe3,2278
4f62a0eee4b041039c0c09f8,2279
4cb73d67589f236ac95b3d3d,2280
4bb5ec1fef159c742c2b75f7,2281
4b70b2e2f964a520562a2de3,2282
50c302c1e4b00ce4a414b847,2283
4c0ab56f7e3fc9288c1df482,2284
4dc87e4b2271353fc8dee748,2285
4c37801edfb0e21e52e7aca8,2286
43920486f964a520662b1fe3,2287
4f45cffce4b027982e20856c,2288
4d3c9ef499c22d43c7db614b,2289
4efd28368231bcb7014c0a64,2290
4dddc4761f6e03694735a90f,2291
4db745a50437af5fb4c8f48b,2292
4c1836421436a593271a8d75,2293
4a9efc7af964a520103c20e3,2294
4b70977af964a520f7232de3,2295
4c13a8c6b7b9c928d5dfa937,2296
4bf453a66a31d13a92a0952e,2297
4a6a3c85f964a520e5cc1fe3,2298
4be6d905d4f7c9b6451b2720,2299
4b00a9cdf964a5205d4022e3,2300
4c40f8ab520fa59343f3c8ac,2301
4c37f0c0dfb0e21e80d8ada8,2302
4b0b68cef964a5202f3123e3,2303
4b68283bf964a5209c692be3,2304
4b574341f964a5200e2e28e3,2305
4a588000f964a52086b71fe3,2306
4deaecb2e4cdc079f49247db,2307
44e36de7f964a52040371fe3,2308
4bf5e106004ed13ab59641a0,2309
4b5848d0f964a520f55028e3,2310
4c59a8bfb05c1b8d1f50d6b1,2311
4c1918c7fe5a76b07b0f0315,2312
4c2a9a6ab34ad13a0196e8ce,2313
4fbfe16ae4b05190680fe0b1,2314
49b0c608f964a520cd521fe3,2315
4e57a82a227131507c90065d,2316
4cc998bdd063a143dbf00eb4,2317
4afa22cff964a520fd1622e3,2318
4bce1f82937ca593e0f8ad92,2319
4bea0d9f6295c9b6f70f8608,2320
4e6a93eb62e1cd1d54c419f7,2321
4ba3b569f964a520ee5638e3,2322
4f297313754afd81930ef192,2323
4e538e2d22711d4da5bccef1,2324
4edbdcdf9a5286d9211cacd6,2325
49f5ef43f964a520d86b1fe3,2326
4b06ab0bf964a5206dee22e3,2327
4e7b9f93b61c001c6b38f13f,2328
4b79975af964a520e2032fe3,2329
4169cd00f964a5208a1d1fe3,2330
4dfa70232271faf21fef862e,2331
3fd66200f964a520ccf11ee3,2332
4b85704ff964a520f25d31e3,2333
4a7717adf964a5208ee31fe3,2334
4ded31a052b13dda25dba0e8,2335
4bac2e75f964a52095e93ae3,2336
4bc535885935c9b618baa5d2,2337
4c38bc1fae2da593c23701c6,2338
4c60271113791b8dafe44eaf,2339
477a3514f964a520214d1fe3,2340
4fbd65f6e4b04d6c380fe8df,2341
4edac72c61af8a14b6d7f7a2,2342
49ebd1d6f964a52036671fe3,2343
4c1e250cb489b713deb1a9c7,2344
4be5dfe9910020a13ea2d314,2345
4b228503f964a520394824e3,2346
4a8a998af964a5202b0a20e3,2347
4c5443cd1b46c9b660794cce,2348
4c79d6804dc1ef3b30bb309e,2349
4ac5273df964a520acb020e3,2350
4a663a8ef964a5203ec81fe3,2351
4e1c02b6483bf2b0dbb57721,2352
4eed29af722ea776175c1dbf,2353
4e60318a483bd9a9735952ae,2354
4b93d226f964a520625334e3,2355
4d47001a0bcd2c0ffe9231a1,2356
4ab966c3f964a5203c7f20e3,2357
430d0a00f964a5203e271fe3,2358
4b072cbcf964a520cdf822e3,2359
4e5d3ee6aeb73819c62f46ad,2360
49ef4c99f964a52092681fe3,2361
4a423a67f964a520aba51fe3,2362
49c943d2f964a5204f581fe3,2363
509466b9e4b0f7ee4ad3d67f,2364
4aa868abf964a520295120e3,2365
4e86445d77c85dc9b1b6f790,2366
4dfd08bb1fc71fb37df997f4,2367
4d30768cf9daa1cd50686650,2368
4d329bc7d585a090a8a5a4cd,2369
44d9e8dbf964a5208a361fe3,2370
4aaadceff964a520c35720e3,2371
4e683b847d8bef8fc4624c6c,2372
4ac0ecf1f964a520019520e3,2373
4a35c715f964a5205e9d1fe3,2374
42508380f964a520bb201fe3,2375
4b7d6f3df964a52009be2fe3,2376
4dd7c0afd1647fcf3e518ff3,2377
4c6145c4832fa5933198f1d3,2378
4ed1c86df9f406f6fe8c958c,2379
4b7afd11f964a520664a2fe3,2380
4f8d8da3e4b013d9a55014a3,2381
4e666cc9a809de01ca03a8f5,2382
4eb4ce184901cef9d84576f8,2383
4ab8121ef964a520117c20e3,2384
4c690deac946e21e6d21e98e,2385
4be46d552468c928aac2fe42,2386
4dfcf67a183853f2cb529325,2387
4b5cece8f964a520144b29e3,2388
4a6c8461f964a520afd01fe3,2389
4feb7c1ae4b056b6803745b2,2390
4e34c95b7d8b0c62b2ce3b2e,2391
4b80c844f964a520cb8b30e3,2392
4eba55d94fc6624001a7e001,2393
4ed7c726f5b915cfe2a874f5,2394
3fd66200f964a5200fe41ee3,2395
4a6f8c85f964a52079d61fe3,2396
4a553eadf964a520ebb31fe3,2397
49e36914f964a5207b621fe3,2398
4a60902cf964a520e5c01fe3,2399
4aee3aa5f964a5201bd321e3,2400
49e644c6f964a5202f641fe3,2401
3fd66200f964a520f4e61ee3,2402
4e99f432f790b2a9191bebcd,2403
4dc0b7c145dd472e9b67c56b,2404
4b8ace56f964a5204a8232e3,2405
4e2593e118388c58be2d3573,2406
4e1273a5d4c07597ff8a0ba3,2407
4b9553a8f964a520999c34e3,2408
4c7c3286247cb60c7f7a5d5e,2409
4fd2931ee4b0052fbb25ca41,2410
4b46cdc4f964a520732826e3,2411
4cf836347b44224b54cecd05,2412
4cc35db6d43ba14387a35ff8,2413
4b586707f964a520225628e3,2414
4b44e33bf964a52051ff25e3,2415
4ccae9f3ee23a143247313a8,2416
49d77d4df964a5202a5d1fe3,2417
4f352147e4b0b9c464d1d9ef,2418
4e6e3d8f18380b4aac553e9f,2419
4bf33c3c6ba2b7131b1a8977,2420
4df0eea245ddbf3897d44510,2421
4bf5cedf4d5f20a1833d98fe,2422
4c7f04be7fd4ef3b108394a1,2423
4d15231f8312236a890e50ba,2424
4e6a850ac65b5bef286e2367,2425
4b5a2177f964a52027af28e3,2426
4d7511de170ab1f70edcfc94,2427
4e0530f6ae60a90eabbacc01,2428
4da6c2d3ced7e031f7c5c005,2429
4db84a97f7b15ca52ce70e7f,2430
4e35a4a3d22d86185a6e5f2d,2431
4e2648ef2271e4f30756de90,2432
4f36f004e4b0571dc6f83e7f,2433
4b0b6315f964a5200d3123e3,2434
4cf2f9bfcc61a35d23e91d9e,2435
4d270f6d8292236ac1eb0bbb,2436
4b96cb85f964a5200ce534e3,2437
4da7a737ec8ebe7ddcd287f2,2438
4a809c7df964a520b2f51fe3,2439
4fc2d33fe4b05570398e29e7,2440
3fd66200f964a52070e91ee3,2441
41059b00f964a520800b1fe3,2442
458976f5f964a520dd3f1fe3,2443
4b526d05f964a520ab7c27e3,2444
4a299005f964a520a8951fe3,2445
40bbc700f964a520a2001fe3,2446
4bcf4cfe9854d13a18caf54d,2447
4d2f5ae2940137044fa1eeda,2448
4bf14dbe564c0f473f366d49,2449
4ad684abf964a520970721e3,2450
4b11588cf964a520ab7a23e3,2451
4b5b08c9f964a520f9df28e3,2452
4c140c40a9c220a143ed569d,2453
4b44b650f964a5201afa25e3,2454
49b6d0b4f964a52012531fe3,2455
4a69c63bf964a52006cc1fe3,2456
4edcd8df0e61d46adae722a0,2457
4d2fe29e4db13704a1fef55d,2458
4aea4ec4f964a520eaba21e3,2459
42829c80f964a5206a221fe3,2460
4b5f3f33f964a520c8af29e3,2461
4bf54a01cad2c9285dd69c99,2462
4f415bcae4b0f9f81a643cf4,2463
4a411ea5f964a520cba41fe3,2464
4e616afe7d8b85408936dc9d,2465
4abfcad8f964a5203b9220e3,2466
4b8023c7f964a520cd5530e3,2467
4bed50be91380f47b4af9f18,2468
4ff8b332e4b02089192b07d2,2469
4efcba2377161596a8040d45,2470
4e7e6b125503f21e714e6906,2471
4b5175f7f964a520bc4d27e3,2472
44b7acf4f964a52073351fe3,2473
4aab7319f964a520935920e3,2474
4c1d8fb5b306c92891dc65b7,2475
4ae0c9e6f964a5207f8221e3,2476
4b092864f964a5207a1423e3,2477
4ca66eec5a1e952129d98ace,2478
4d8fb54a6174a0932c9ae4e3,2479
4e36ac14a8092599ee1111f9,2480
4d1b81e99aa5548136c5cee0,2481
4ecc046b0e61aaf0384f19c4,2482
4edcf3dea17c4dbad1071e53,2483
4bd876a009ecb71313e8487c,2484
4bb6aca66edc76b07b5d311c,2485
4f008bfa61af974bcea5389f,2486
4e9f38f65c5c8cb41c4a3028,2487
4bff048bc30a2d7ff462101d,2488
4bbf5eb682a2ef3bbba62cd2,2489
49c046f1f964a5205b551fe3,2490
44d8c155f964a52079361fe3,2491
4b5249fff964a520237527e3,2492
49ee4554f964a52042681fe3,2493
49e8aef4f964a52067651fe3,2494
4ed712f3b8f7e740d0bae0e0,2495
4bbd2747f57ba5936bccadb9,2496
4c6b02f46d390f4717d3099a,2497
4abd18aaf964a5206a8820e3,2498
4f5fcda9e4b071906baf9e2a,2499
4ace64bef964a52053d020e3,2500
4c769e21b474a1cd737cbcbf,2501
4a9e5cbbf964a520193a20e3,2502
4a0eb511f964a520ea751fe3,2503
4dfa853818a8ab1870be7385,2504
4f5b9500e4b082b23d35ec01,2505
4b0e1598f964a520c85423e3,2506
4f2ea82fe4b09d49e97faf80,2507
4b1a7c88f964a52003eb23e3,2508
4ef150fa8b81a12d8781e94c,2509
4ebd41d582317d5cdaffded9,2510
4e19c38514957dc705e3c599,2511
4b92d391f964a5205c1f34e3,2512
4eadae0677c8cdc66d6d1e56,2513
4cc080619ca8548179d7bc16,2514
4d671a927579224b1397fc99,2515
4aa5c657f964a5206d4920e3,2516
4b9fc0fff964a520873b37e3,2517
4b5764b8f964a5207a3528e3,2518
4bc19d1e920eb71359fe1a2c,2519
4ba61935f964a520673339e3,2520
4081c500f964a52081f21ee3,2521
4a0c2e7bf964a52014751fe3,2522
4bc8f659937ca59374e4a492,2523
4e7a90af775b50c568ddee15,2524
4ad04456f964a520c7d720e3,2525
42b75880f964a52088251fe3,2526
4fc6d424e4b08f659ecd5278,2527
4b0ff4a0f964a520b16623e3,2528
4cb12bf4db32f04dbc72c64d,2529
4aaaf5cdf964a520475820e3,2530
4a676321f964a52051c91fe3,2531
48970b66f964a52075511fe3,2532
4c531b5530f92d7f4dee3eb8,2533
502b8079e4b0a20ae1b50977,2534
4dcfec6b1f6eb122709f1a4a,2535
4d5b3dd522ad2d430a63e695,2536
4176fc00f964a520b61d1fe3,2537
4dd10cf4b0fb25f6e3817b33,2538
44c91345f964a520f3351fe3,2539
4a242c9af964a520fb7d1fe3,2540
4de797941fc7fcfe04ac1dcf,2541
4ae5a028f964a52022a121e3,2542
3fd66200f964a52020e71ee3,2543
4a9ac075f964a5207b3220e3,2544
4ee039c72c5bb0e03e90c60d,2545
4d3490bf2c76a143392c86c7,2546
4f79a81ae4b09489387bafb6,2547
4e6ff4f5d22d8c11efd2447d,2548
4b696ecdf964a5201fa22be3,2549
4bc3670fb492d13a9bb2a860,2550
4adc900ef964a520422d21e3,2551
4b720649f964a520c96a2de3,2552
4d98ba360caaa143bdf3b3b3,2553
4f2f24a2e4b01982f2cbf8b9,2554
4c799af381bca0930c18fe14,2555
49e17f24f964a520d1611fe3,2556
4bbd8213a8cf76b0e5e9b1fd,2557
4cde4467c4f6a35de3f4c86c,2558
4ad71c45f964a520b50821e3,2559
4e37e5de1838d056d2767a96,2560
4c3b3126be4620a16fe90b13,2561
4ca158382fb1a143f6880441,2562
4a3966c7f964a520689f1fe3,2563
4f1022a5e4b047204346ad31,2564
4e5dbf1e1f6e3022a71c242b,2565
4b047731f964a520645422e3,2566
4da3e303573d1456ad53227d,2567
4ba62142f964a520b43539e3,2568
4c9f07e00313370445d56ed5,2569
4f4faefbe4b05c40d6e2174b,2570
49c6630ef964a5203d571fe3,2571
4b298573f964a52050a024e3,2572
4b67b670f964a520af5b2be3,2573
4e57ad6fb3ad0addfaad76be,2574
4e741b50d1643f93b152e3ea,2575
4b6c43bdf964a5208f2c2ce3,2576
49c64842f964a5202e571fe3,2577
49e34b16f964a5206f621fe3,2578
4da4881522a5f04d67b03a55,2579
4b755890f964a52084072ee3,2580
4b06d110f964a520c3f022e3,2581
4cbfbedea0c4f04d1e085731,2582
4ee73945e30005f8ba684170,2583
42717900f964a5206f211fe3,2584
4d262ad8b7d5236a10401009,2585
4b4ec3acf964a52029f526e3,2586
4c98518bd799a1cd3f75b152,2587
4c55dc2d479fc928d1a18e95,2588
4c9a162d292a6dcbc4b6cb76,2589
4e91f563550342b5a4c99baf,2590
4f03fee92c5b145d090cc4fe,2591
4bbb88fee4529521d6d054a4,2592
50dff1a7e4b0a36649c8402e,2593
4a6b310df964a52024ce1fe3,2594
4b760c72f964a5201a392ee3,2595
4a01f87bf964a5201a711fe3,2596
4a494ce4f964a5202cab1fe3,2597
4c3e2f3e80bc20a193a8aa58,2598
4dadfa8d4df0f639f24297c5,2599
4bf16d7aef99c9b6c8495b42,2600
502826a4e4b0f23b022f3a5e,2601
4e272673b0fb1fae1ddaf462,2602
4bbd63494e069c7494c59ee3,2603
4c176109f693b7139f0f5f54,2604
4c998dbdd4b1b1f72ee2c835,2605
4a9ae1cef964a520543320e3,2606
4dda6c281f6ee146836984f4,2607
49fa554bf964a520ee6d1fe3,2608
4ce08a08ffcf370469b12082,2609
4aba2a01f964a520768020e3,2610
4d843e5c9324236af330b60e,2611
4ae1b6c2f964a520eb8621e3,2612
4f08fe51e4b0ca3a5ce8b8f1,2613
4d8512acd5fab60c65eaef9b,2614
4f674129e4b02cbb81861258,2615
4f320d9619833175d60bd4dd,2616
4f5f99dfe4b0e5574bf9c3d1,2617
447bf8f1f964a520ec331fe3,2618
4bdad87c3904a593608d479e,2619
4e25fd1f7d8bbc620ea01ca3,2620
4e300d723151250387b61125,2621
4f05d6a1e3002adb76a57deb,2622
4c5b433f2815c928d0ffae67,2623
4e2ce53dd22d3f83c89eb007,2624
4a84249ef964a520c8fb1fe3,2625
4bd8678f09ecb71310bd487c,2626
4bcb05dc0687ef3bcde2dccc,2627
4e8684590aaf882b7042b9d7,2628
4d4df5d7a7f86ea812823cde,2629
4e359a41814d2eb947337c4e,2630
46a9bed8f964a52054491fe3,2631
4b072e3ff964a520fff822e3,2632
4afc15ebf964a520cf1f22e3,2633
46b16b46f964a52098491fe3,2634
4b8fd0e5f964a520bc6333e3,2635
4af70950f964a5200f0522e3,2636
4ed6adfce5fabbd89f617d4f,2637
3fd66200f964a520e0e51ee3,2638
4b38e86ef964a520055225e3,2639
4f86fbade4b0dc6fc5096bcb,2640
4569264af964a520de3d1fe3,2641
4ae9014af964a520f4b321e3,2642
4b3fcc64f964a5200baf25e3,2643
4be1d2ad4283c9b62d9d54f8,2644
3fd66200f964a520ddf01ee3,2645
4fc64601e4b00d5559a7ac5c,2646
4ea306695c5cd12b35e4dd0b,2647
4d88e89226a36ea81a63d5ad,2648
4b676520f964a520404c2be3,2649
4cca1c3982bfa35df6e250c9,2650
4abd1192f964a520428820e3,2651
4bd63cad6798ef3b7ce9648d,2652
4c40d645520fa59375b2c8ac,2653
4bcb82a90687ef3b75e9ddcc,2654
4d2522feb9796dcb7e19a639,2655
4c225ae47e85c9283ee5bb21,2656
4ab939f0f964a520967e20e3,2657
4c003ec9c30a2d7fb345121d,2658
4e4e75a8cc3f9e658a78be15,2659
4b56ebc0f964a520511f28e3,2660
4b3fea3ff964a520fab125e3,2661
41102700f964a520d60b1fe3,2662
4bf1906899d02d7f9048c948,2663
4a3b9ffdf964a520a8a01fe3,2664
4bad9f36f964a520875f3be3,2665
4fd2fc7ce4b065401a58fbc2,2666
4b363b1af964a5205b3125e3,2667
4b2e82f9f964a52086e124e3,2668
4c83a1e451ada1cd8c332710,2669
4a2bfc41f964a52000971fe3,2670
4e050c11aeb74c399100f847,2671
4bf81a008d30d13a4f1c0018,2672
49bc3b0af964a52020541fe3,2673
4ad8fa6ef964a520ac1621e3,2674
4b8f50d9f964a520365133e3,2675
4c006f47efa2ef3bf74baa8c,2676
4e838ce193ad6c49304782dc,2677
43c922c9f964a520972d1fe3,2678
4b954535f964a520369934e3,2679
4e5577f445dd0a4826e6ab3e,2680
4ca4e519a6e08cfa884d6c94,2681
49ee004ef964a5200f681fe3,2682
4b342f9df964a520e52525e3,2683
4d95d384647d8cfa120ea93d,2684
4c7be24f566db60c98054c0e,2685
49de0156f964a52021601fe3,2686
5037f91716483e7c34e865a0,2687
4b566d80f964a520f10f28e3,2688
4db4d32f4df05e5aaae7ab26,2689
4a60eb5ef964a52078c11fe3,2690
4e77e40118387f865961f673,2691
4db44994cda1c57c82583709,2692
4f16bba4e4b09e81dde4b57b,2693
4ef5336e8b812e39d6708644,2694
4f174bfee4b078805c24065f,2695
4ad77a2bf964a520280b21e3,2696
4a5bece4f964a52000bc1fe3,2697
4a4d10fbf964a52082ad1fe3,2698
4c4b52ce9e6dbe9acbd4e10b,2699
4baa4c76f964a520705c3ae3,2700
4b54cfd0f964a520a1cd27e3,2701
4f6b4fdce4b0f7fc54a574f2,2702
4c7566d9604a370488958249,2703
4c066dde1cead13a9bd4a1db,2704
4f09d863e4b0aa2dc7c9990e,2705
50612821e4b01a2daccdbbbc,2706
4ba8cc8cf964a520c6ef39e3,2707
43222200f964a5209c271fe3,2708
4a79f9bcf964a5201ee81fe3,2709
42af6f80f964a5205a251fe3,2710
4cb3acd8aef16dcbf933ca54,2711
4aafba97f964a520946420e3,2712
4eba914eb634fa2e63034855,2713
4f8fed22e4b0926efa815ba9,2714
488deef8f964a52058511fe3,2715
4ef6440dbe7bb4784cba70d2,2716
4a679cbef964a520c9c91fe3,2717
4e54e3a17d8b96cd06121e05,2718
49ef216ef964a52080681fe3,2719
4b1319b4f964a520189423e3,2720
4d74eb5b1a8aa35d8a3e16a7,2721
4a5aaff5f964a520c3ba1fe3,2722
4b367d28f964a520963625e3,2723
4b461735f964a5200c1626e3,2724
4ab5c01df964a520017620e3,2725
4ad3dff7f964a520b2e620e3,2726
4e8a24187ee6c0611788114e,2727
4f759ecfe4b0f41a37ae150e,2728
4f3370e6e4b0de3f8581757d,2729
49fe2f8af964a5207b6f1fe3,2730
4b86ddcff964a520b0a231e3,2731
4ce86f18f1c6236afae35ff0,2732
4f33f87fe4b02be5072cd47f,2733
4c17d9974ff90f47a9890d49,2734
472ba436f964a520ff4b1fe3,2735
48778b89f964a52014511fe3,2736
49d91905f964a520005e1fe3,2737
4c7fc79ed860b60c8ad9619d,2738
4bea96e76295c9b6908b8608,2739
4b71f6c5f964a52010672de3,2740
4bb64e08ef159c74fcbd75f7,2741
4ae316a5f964a520609021e3,2742
40e9eb80f964a5201c0a1fe3,2743
49e4c784f964a52040631fe3,2744
4f1b5dd7e4b0e6badb952793,2745
4bf1ab8da09076b01fe829d4,2746
4283ee00f964a520ce221fe3,2747
4aaf803ef964a520376420e3,2748
4d94a4afcf46224b31709994,2749
4ae5e447f964a520eca221e3,2750
4cd1a3d601eaf04db979bf5d,2751
4ce47104ae896dcbee855038,2752
4ad68321f964a5208e0721e3,2753
4b1e78c2f964a520461a24e3,2754
4a06ff94f964a52017731fe3,2755
4a96a056f964a520672620e3,2756
4f5e0565e4b008b158a75a13,2757
4a9da316f964a520c03820e3,2758
4b7f151af964a5202b1530e3,2759
4b837318f964a520a30631e3,2760
4eaa287b0aafb00bd86ed1f7,2761
4e48a00a18a8f9804ce6802d,2762
4c65b657e75ac9284b94f5da,2763
4bd8df990115c9b618ba7580,2764
4d69f050de28224b66164abe,2765
4ce29677aba88cfa7d235cd7,2766
4b1e47faf964a5205d1824e3,2767
4750accef964a520b24c1fe3,2768
4acbcf3ef964a520c1c720e3,2769
4e1f052645dd3be9c4793cef,2770
4a78449bf964a52056e51fe3,2771
4f8c5995e4b00597a0fd48fe,2772
5053ac09e4b0e5434c1f466c,2773
4c0431b8310fc9b671f9c661,2774
4d40485889616dcb9cf002b5,2775
3fd66200f964a520d7f11ee3,2776
3fd66200f964a520f3e71ee3,2777
4dda5f517d8b32266434825b,2778
4ba3bc00f964a520a85938e3,2779
4a998174f964a520b62e20e3,2780
4ece4f0d29c223f92671e550,2781
4c063ac9d3842d7f1c3fbf41,2782
4d0304fc54d0236ac1a2e6d5,2783
4a357950f964a520079d1fe3,2784
4f0ca4b1e4b0553e20725601,2785
4c056da7517d0f475b87f415,2786
4a70ef9cf964a520d0d81fe3,2787
4b0591e5f964a5204cdf22e3,2788
4d151b74b15cb1f78b01a621,2789
4ec36fc4754a58e0f97f1766,2790
4b2a9723f964a520e6ab24e3,2791
4ce6f0dcf3bda14367eaaee4,2792
4f9ca67d77164e320e0ae1e3,2793
49bbd6c0f964a520f4531fe3,2794
4a35477cf964a520b79c1fe3,2795
4ecd466e722eff7fff40736b,2796
4e306fbe88778782372017c1,2797
4e57a6cf18382ada066fc343,2798
437d1980f964a520a82a1fe3,2799
4dd815df45ddced82097c83c,2800
4b52cd44f964a5204d8827e3,2801
4efc81a1722e35df6719f43b,2802
43d64177f964a5204c2e1fe3,2803
4b5f653df964a520e0b729e3,2804
4a888403f964a520bb0620e3,2805
