Original_Pid,Mapped_Pid
422921,1
37353,2
364004,3
13401,4
146847,5
202402,6
490882,7
759617,8
650030,9
56790,10
206969,11
32990,12
422685,13
39080,14
887540,15
27323,16
45758,17
411193,18
786011,19
51463,20
37351,21
561547,22
33173,23
129816,24
238731,25
13189,26
162387,27
1370965,28
25393,29
209743,30
40654,31
162341,32
109880,33
40128,34
30774,35
147883,36
1088801,37
89485,38
279960,39
12592,40
992719,41
1136304,42
255061,43
702450,44
262473,45
45711,46
249712,47
399147,48
190936,49
738999,50
80583,51
75969,52
26768,53
60059,54
170060,55
38189,56
23386,57
321926,58
811331,59
35172,60
316960,61
129786,62
1420116,63
211379,64
609918,65
676790,66
192590,67
370881,68
147455,69
32984,70
32020,71
116331,72
24930,73
273239,74
1233486,75
531040,76
248858,77
216352,78
50073,79
83597,80
28310,81
17385,82
59712,83
413209,84
110666,85
79259,86
92063,87
48310,88
99749,89
126874,90
31110,91
661616,92
328494,93
92655,94
442237,95
137096,96
293684,97
96561,98
61598,99
5109175,100
182022,101
139310,102
9140,103
299657,104
215584,105
803068,106
362201,107
165504,108
77992,109
139852,110
519319,111
117238,112
2782646,113
253229,114
188547,115
471523,116
391183,117
35037,118
90558,119
59847,120
17888,121
81300,122
530972,123
74391,124
129633,125
68209,126
11463,127
16120,128
31882,129
146385,130
382187,131
34367,132
264587,133
42172,134
117412,135
88289,136
155182,137
103892,138
91452,139
445759,140
48031,141
1458166,142
40813,143
37784,144
281008,145
154706,146
82598,147
17727,148
215597,149
182762,150
1180809,151
64661,152
146667,153
10200,154
772445,155
251964,156
126033,157
47745,158
287723,159
45629,160
51880,161
25931,162
19611,163
21149,164
332042,165
27428,166
261937,167
200287,168
50647,169
9138,170
791883,171
24817,172
1166226,173
49831,174
1469931,175
32785,176
714706,177
32814,178
75217,179
28978,180
22547,181
225806,182
72390,183
45593,184
235025,185
126764,186
158289,187
46314,188
120415,189
10567,190
238952,191
78538,192
4319275,193
372026,194
403750,195
1072774,196
24256,197
206931,198
309498,199
253519,200
21040,201
70280,202
69894,203
21751,204
219285,205
834062,206
678031,207
177836,208
44749,209
92600,210
40360,211
171140,212
1426662,213
33746,214
23713,215
22219,216
145192,217
1209421,218
126588,219
9380,220
60354,221
501235,222
399993,223
126372,224
29602,225
826028,226
187249,227
24345,228
413973,229
23393,230
273525,231
111717,232
174192,233
73619,234
53598,235
216220,236
40994,237
808348,238
38781,239
109032,240
32691,241
45656,242
33205,243
44898,244
122189,245
172747,246
114154,247
36077,248
261530,249
102616,250
40847,251
100962,252
566115,253
126590,254
1309296,255
32783,256
22179,257
238926,258
298880,259
1430123,260
86594,261
267944,262
221480,263
1350686,264
407498,265
68049,266
189780,267
17725,268
255911,269
202546,270
203842,271
22462,272
36936,273
384254,274
315350,275
147359,276
779204,277
1089239,278
462845,279
386444,280
59842,281
21534,282
51841,283
44117,284
107449,285
16628,286
227408,287
544508,288
356709,289
21187,290
16807,291
195673,292
41380,293
281309,294
90607,295
187142,296
344275,297
637938,298
415938,299
151042,300
575336,301
16500,302
183025,303
133666,304
335241,305
112842,306
308408,307
1468930,308
63313,309
48251,310
86122,311
104685,312
39667,313
21148,314
33521,315
608444,316
15800,317
27306,318
916962,319
1186451,320
175244,321
50020,322
132191,323
207041,324
55844,325
55254,326
106716,327
74232,328
426270,329
29177,330
383497,331
49427,332
56900,333
45607,334
88062,335
47917,336
203312,337
20082,338
539390,339
46678,340
16002,341
19096,342
697107,343
246668,344
211366,345
44914,346
183586,347
31537,348
10192,349
98987,350
232494,351
187002,352
303690,353
108469,354
107225,355
5527589,356
39145,357
1022585,358
43583,359
255599,360
35740,361
219813,362
1020925,363
55842,364
90699,365
33516,366
129751,367
1601529,368
154955,369
65490,370
94760,371
400090,372
63091,373
60276,374
1458569,375
70650,376
88368,377
70031,378
260639,379
14821,380
120833,381
143624,382
125914,383
511931,384
120104,385
190894,386
143664,387
19199,388
28534,389
15247,390
25193,391
1009584,392
35970,393
34701,394
552276,395
21202,396
200504,397
470104,398
1135521,399
165107,400
40918,401
46056,402
36768,403
293706,404
35198,405
135434,406
49448,407
53420,408
191850,409
510037,410
335575,411
37337,412
1258704,413
25843,414
68178,415
24329,416
23206,417
90334,418
122922,419
126394,420
50816,421
523976,422
77143,423
329118,424
447751,425
149335,426
244622,427
50888,428
1534746,429
210921,430
81029,431
537080,432
529959,433
104478,434
59294,435
117171,436
80564,437
232549,438
57197,439
24558,440
348403,441
41018,442
38965,443
97928,444
72089,445
59621,446
27221,447
88151,448
157748,449
135918,450
51542,451
325080,452
28577,453
16208,454
798917,455
192951,456
43687,457
314677,458
900646,459
72788,460
9884,461
96961,462
417255,463
24978,464
21925,465
1291718,466
323593,467
31541,468
517224,469
73624,470
490281,471
11121,472
55858,473
142755,474
23937,475
303397,476
194347,477
34091,478
38914,479
20900,480
22370,481
19038,482
21572,483
1055599,484
210943,485
24334,486
10456,487
126499,488
570979,489
101611,490
679730,491
46662,492
334384,493
21767,494
22548,495
133163,496
258905,497
43689,498
156364,499
26276,500
27981,501
28581,502
15688,503
21188,504
171534,505
43957,506
696700,507
53167,508
19893,509
47153,510
40057,511
160547,512
766804,513
267074,514
732475,515
492050,516
151063,517
19612,518
184389,519
712174,520
128899,521
24537,522
447333,523
79304,524
188268,525
348429,526
23022,527
114112,528
274895,529
1213356,530
118356,531
11580,532
88280,533
9169,534
38238,535
748273,536
232503,537
244632,538
96514,539
96079,540
93690,541
140434,542
33295,543
74038,544
151454,545
35860,546
925573,547
305891,548
364698,549
157353,550
84675,551
41506,552
144366,553
61215,554
74128,555
21329,556
31305,557
75886,558
57859,559
32978,560
404719,561
370739,562
348627,563
55013,564
297479,565
315238,566
34866,567
132456,568
128441,569
20146,570
1306705,571
170493,572
30723,573
153333,574
10458,575
52347,576
24652,577
23544,578
237976,579
464526,580
830557,581
942617,582
82864,583
82388,584
108774,585
28898,586
143298,587
94739,588
59922,589
36144,590
17848,591
47015,592
1238238,593
114289,594
265189,595
326149,596
555878,597
207628,598
42177,599
106905,600
31806,601
352926,602
567073,603
13367,604
214314,605
30639,606
13536,607
58684,608
254458,609
33772,610
63875,611
417010,612
561155,613
275049,614
259613,615
565351,616
1322978,617
881125,618
24748,619
88055,620
24965,621
120829,622
22335,623
29316,624
221489,625
1242463,626
856739,627
17316,628
22460,629
136217,630
83154,631
766908,632
58469,633
949882,634
90121,635
331404,636
88240,637
216144,638
1597952,639
573355,640
71984,641
86789,642
29894,643
132377,644
144723,645
17416,646
37779,647
40675,648
39042,649
43531,650
64191,651
116986,652
254231,653
10798,654
105187,655
181525,656
55485,657
4540874,658
27235,659
252695,660
78490,661
55232,662
763178,663
15801,664
273816,665
549825,666
120776,667
36274,668
242636,669
85505,670
737561,671
30243,672
57630,673
355396,674
25048,675
249526,676
22643,677
397958,678
52200,679
18421,680
394958,681
60047,682
14704,683
112011,684
44569,685
34166,686
510255,687
244551,688
11374,689
37359,690
16019,691
1132203,692
9069,693
64996,694
165012,695
199855,696
158660,697
72208,698
36923,699
129964,700
34085,701
129905,702
25869,703
52730,704
34811,705
224299,706
81304,707
88232,708
125890,709
76983,710
170907,711
88479,712
469822,713
323184,714
744269,715
646643,716
68639,717
34060,718
37803,719
236193,720
10136,721
199972,722
174968,723
238615,724
102454,725
592431,726
131777,727
404553,728
604325,729
197626,730
880313,731
758786,732
33132,733
656114,734
16000,735
467805,736
505656,737
293175,738
243700,739
28459,740
69790,741
157005,742
165127,743
610160,744
264888,745
74001,746
628216,747
64076,748
785427,749
211141,750
201138,751
139409,752
9131,753
184596,754
53515,755
35089,756
161151,757
130709,758
194563,759
31102,760
107484,761
29260,762
15907,763
123964,764
211335,765
262568,766
560863,767
229418,768
809642,769
79955,770
258861,771
529155,772
49162,773
169851,774
23372,775
41881,776
162646,777
320365,778
12855,779
73990,780
131512,781
46695,782
52298,783
19600,784
461969,785
139413,786
126113,787
97613,788
480963,789
82935,790
139070,791
111280,792
85908,793
483278,794
579565,795
2279458,796
35889,797
104792,798
292570,799
90552,800
11099,801
99704,802
120869,803
31357,804
432815,805
182747,806
41517,807
15198,808
77506,809
249715,810
37712,811
90610,812
9153,813
391622,814
120390,815
35237,816
210673,817
302435,818
382099,819
120101,820
27318,821
59542,822
85575,823
186058,824
811806,825
14181,826
39928,827
1471990,828
249578,829
1145717,830
17150,831
420678,832
10204,833
183281,834
40958,835
52335,836
210176,837
161421,838
139865,839
29840,840
305058,841
19542,842
64069,843
19396,844
197585,845
495698,846
643908,847
1412719,848
48053,849
564971,850
405171,851
9591,852
10707,853
360036,854
508364,855
231597,856
17212,857
241668,858
570164,859
38757,860
129693,861
35190,862
1103774,863
331947,864
31013,865
388870,866
1380942,867
255522,868
645817,869
20133,870
266827,871
165100,872
53439,873
769868,874
469558,875
24097,876
1485810,877
191532,878
1188662,879
15905,880
430974,881
75110,882
21778,883
458899,884
221280,885
561121,886
1919110,887
500246,888
60412,889
4017865,890
680666,891
2326857,892
55687,893
179001,894
1171416,895
114402,896
239140,897
584338,898
276594,899
144828,900
98222,901
9822,902
23442,903
40987,904
319247,905
326125,906
138976,907
90082,908
125933,909
848195,910
123406,911
409665,912
227096,913
203605,914
723007,915
81187,916
238096,917
104368,918
713064,919
36117,920
303747,921
44412,922
44758,923
57230,924
68580,925
20472,926
547623,927
25300,928
1522877,929
57220,930
9161,931
1079156,932
70725,933
27429,934
24327,935
237321,936
59184,937
292784,938
260495,939
1396842,940
49271,941
28493,942
11576,943
62951,944
207174,945
1049080,946
285302,947
2241578,948
172328,949
13225,950
531026,951
1895379,952
39166,953
788411,954
420626,955
36007,956
994198,957
716606,958
1377092,959
48165,960
54766,961
75976,962
219468,963
227025,964
117096,965
171713,966
252633,967
179248,968
667484,969
11559,970
33750,971
215865,972
17013,973
104655,974
182582,975
16814,976
35490,977
787380,978
61684,979
13846,980
52389,981
551903,982
959457,983
70706,984
215824,985
309943,986
102731,987
977889,988
195474,989
777877,990
172706,991
36288,992
444120,993
125810,994
390689,995
255780,996
326721,997
232759,998
68836,999
12808,1000
21776,1001
420807,1002
595368,1003
416932,1004
135982,1005
151084,1006
89923,1007
24431,1008
457827,1009
17384,1010
12856,1011
19763,1012
54259,1013
120226,1014
132299,1015
57156,1016
421421,1017
827778,1018
59911,1019
104601,1020
1340229,1021
35572,1022
249650,1023
93761,1024
42534,1025
20283,1026
440881,1027
48556,1028
824259,1029
23957,1030
1101390,1031
38990,1032
195399,1033
102850,1034
77466,1035
556056,1036
39183,1037
314249,1038
82221,1039
135659,1040
178802,1041
442651,1042
19085,1043
50862,1044
49693,1045
129882,1046
245048,1047
144340,1048
498829,1049
23808,1050
36040,1051
451758,1052
511562,1053
310610,1054
42736,1055
106090,1056
504249,1057
41048,1058
35651,1059
123195,1060
86581,1061
19461,1062
588992,1063
1207527,1064
46906,1065
366157,1066
59669,1067
340801,1068
663146,1069
196872,1070
175311,1071
57880,1072
219887,1073
79241,1074
276407,1075
64700,1076
9518,1077
349921,1078
309598,1079
715228,1080
136206,1081
328176,1082
184567,1083
83377,1084
215835,1085
96414,1086
15988,1087
214493,1088
18396,1089
1399594,1090
20755,1091
23438,1092
1043029,1093
72586,1094
90649,1095
143844,1096
294238,1097
27242,1098
11042,1099
70175,1100
41905,1101
29771,1102
66108,1103
27979,1104
154516,1105
242319,1106
304069,1107
202676,1108
780730,1109
41412,1110
35873,1111
343232,1112
433180,1113
508038,1114
525569,1115
253617,1116
22333,1117
444266,1118
491462,1119
9060,1120
340322,1121
555798,1122
292077,1123
103413,1124
61318,1125
342165,1126
472923,1127
27884,1128
1127338,1129
66807,1130
38797,1131
44907,1132
292006,1133
1031020,1134
494957,1135
86410,1136
600805,1137
27419,1138
25318,1139
142986,1140
524129,1141
566071,1142
435420,1143
27627,1144
43635,1145
54236,1146
47951,1147
86750,1148
881168,1149
42794,1150
128937,1151
505601,1152
372876,1153
78254,1154
9127,1155
75952,1156
77365,1157
273381,1158
44357,1159
838651,1160
346527,1161
36267,1162
9175,1163
252405,1164
147345,1165
68428,1166
156009,1167
11918,1168
37972,1169
308841,1170
948658,1171
749064,1172
154835,1173
36396,1174
15037,1175
51910,1176
21076,1177
35701,1178
399131,1179
61839,1180
29798,1181
86091,1182
85656,1183
226123,1184
70420,1185
52204,1186
29217,1187
51873,1188
24788,1189
103854,1190
38438,1191
120087,1192
213825,1193
187081,1194
58183,1195
38788,1196
123533,1197
59888,1198
239980,1199
55701,1200
47322,1201
17686,1202
79299,1203
262877,1204
25893,1205
867435,1206
94602,1207
269057,1208
9062,1209
187551,1210
10143,1211
378365,1212
27301,1213
47111,1214
40363,1215
228583,1216
166502,1217
126460,1218
40077,1219
187672,1220
224925,1221
9333,1222
29835,1223
85742,1224
443662,1225
2472900,1226
105928,1227
552809,1228
88892,1229
87937,1230
187064,1231
39016,1232
367258,1233
139084,1234
125567,1235
364887,1236
203579,1237
122271,1238
1143544,1239
132328,1240
262212,1241
22225,1242
34135,1243
18232,1244
10332,1245
13078,1246
303335,1247
60821,1248
13841,1249
123256,1250
38699,1251
22520,1252
45896,1253
86712,1254
17755,1255
841065,1256
140178,1257
43088,1258
109170,1259
275104,1260
771305,1261
308988,1262
226617,1263
209128,1264
363837,1265
10457,1266
1177727,1267
22744,1268
65225,1269
589502,1270
228638,1271
87435,1272
1261444,1273
168695,1274
20304,1275
68275,1276
183398,1277
215029,1278
94776,1279
111938,1280
269800,1281
72985,1282
1024408,1283
203755,1284
556676,1285
241317,1286
1049369,1287
32562,1288
367123,1289
80459,1290
154490,1291
83479,1292
306294,1293
15197,1294
206023,1295
205760,1296
376526,1297
162431,1298
390931,1299
306676,1300
905098,1301
24860,1302
40449,1303
249717,1304
265753,1305
62666,1306
506245,1307
27916,1308
21194,1309
131798,1310
26151,1311
47776,1312
10374,1313
26743,1314
172174,1315
38163,1316
209456,1317
1243075,1318
53235,1319
148231,1320
18949,1321
40140,1322
25496,1323
309467,1324
237813,1325
175402,1326
427117,1327
63205,1328
140493,1329
43058,1330
239380,1331
33153,1332
46326,1333
166319,1334
14793,1335
142666,1336
41928,1337
232668,1338
35752,1339
26528,1340
367160,1341
74285,1342
33129,1343
39992,1344
34116,1345
1363024,1346
39440,1347
41620,1348
17001,1349
154171,1350
502500,1351
146833,1352
25102,1353
83416,1354
85576,1355
209931,1356
10385,1357
340623,1358
10176,1359
34548,1360
284705,1361
1317751,1362
287680,1363
129833,1364
132402,1365
49353,1366
14610,1367
156805,1368
60993,1369
90324,1370
447202,1371
281423,1372
214365,1373
158162,1374
358950,1375
20987,1376
16494,1377
297750,1378
111688,1379
71835,1380
415656,1381
167226,1382
196125,1383
90609,1384
46975,1385
254015,1386
148221,1387
132941,1388
390388,1389
39806,1390
45697,1391
154695,1392
78570,1393
640558,1394
1061239,1395
68381,1396
214274,1397
138229,1398
83260,1399
33230,1400
21206,1401
178833,1402
579305,1403
34621,1404
238442,1405
578349,1406
113720,1407
54953,1408
306095,1409
794553,1410
283834,1411
35080,1412
466542,1413
281661,1414
63039,1415
25029,1416
316635,1417
206844,1418
109773,1419
407241,1420
41989,1421
24756,1422
116371,1423
215968,1424
50671,1425
230078,1426
56891,1427
127718,1428
50231,1429
21557,1430
77025,1431
37909,1432
68564,1433
23045,1434
68127,1435
280917,1436
81359,1437
90645,1438
32899,1439
407456,1440
68641,1441
187719,1442
280902,1443
57114,1444
792406,1445
153518,1446
518161,1447
33195,1448
381275,1449
66859,1450
410740,1451
128734,1452
1042136,1453
321519,1454
38666,1455
31092,1456
65659,1457
1025489,1458
197572,1459
40476,1460
243417,1461
39680,1462
54539,1463
40927,1464
214819,1465
22184,1466
138297,1467
479592,1468
137622,1469
40174,1470
39011,1471
118688,1472
636816,1473
191810,1474
21136,1475
347787,1476
596140,1477
487961,1478
47717,1479
236772,1480
26307,1481
78260,1482
40578,1483
310203,1484
140142,1485
206476,1486
685811,1487
54719,1488
238006,1489
32417,1490
87472,1491
17726,1492
39728,1493
262786,1494
32233,1495
428654,1496
3464309,1497
47596,1498
702407,1499
34094,1500
126241,1501
229777,1502
93549,1503
54757,1504
61662,1505
52779,1506
323369,1507
176576,1508
812326,1509
1318716,1510
129532,1511
954346,1512
21203,1513
26539,1514
502658,1515
18206,1516
17931,1517
372889,1518
14233,1519
623513,1520
102485,1521
109076,1522
46025,1523
166051,1524
64642,1525
151175,1526
119418,1527
63295,1528
39063,1529
40822,1530
132738,1531
118473,1532
28770,1533
167350,1534
525428,1535
33484,1536
42044,1537
172137,1538
16931,1539
14517,1540
220402,1541
109693,1542
186975,1543
27948,1544
49181,1545
156203,1546
792444,1547
27932,1548
874234,1549
98342,1550
1154629,1551
44660,1552
214636,1553
129236,1554
22413,1555
410519,1556
170260,1557
188331,1558
1122356,1559
50689,1560
15912,1561
934649,1562
43366,1563
29965,1564
902526,1565
86457,1566
307727,1567
528264,1568
185568,1569
206348,1570
9867,1571
219681,1572
94196,1573
239732,1574
62846,1575
26260,1576
1102162,1577
519581,1578
142615,1579
37275,1580
270290,1581
26349,1582
260940,1583
191089,1584
30297,1585
9954,1586
325896,1587
23384,1588
114417,1589
211388,1590
55409,1591
26049,1592
138511,1593
1162738,1594
157930,1595
279302,1596
37272,1597
183072,1598
24274,1599
15171,1600
105057,1601
90380,1602
40582,1603
13969,1604
1414376,1605
500288,1606
139986,1607
86753,1608
151238,1609
17442,1610
183393,1611
20139,1612
163623,1613
27752,1614
502271,1615
32663,1616
337206,1617
358813,1618
628949,1619
46948,1620
86245,1621
348987,1622
12591,1623
719268,1624
10570,1625
21245,1626
1593487,1627
726089,1628
313766,1629
171846,1630
453926,1631
133418,1632
43084,1633
27986,1634
20963,1635
497752,1636
37025,1637
52369,1638
10677,1639
191468,1640
29245,1641
560639,1642
94585,1643
218419,1644
41593,1645
361427,1646
422801,1647
23156,1648
153944,1649
280538,1650
43036,1651
60673,1652
192622,1653
37869,1654
10336,1655
63291,1656
222001,1657
259494,1658
200349,1659
180002,1660
51471,1661
104891,1662
64621,1663
84898,1664
184312,1665
99124,1666
10299,1667
17993,1668
52390,1669
2469780,1670
143512,1671
75256,1672
43146,1673
43749,1674
2572651,1675
27424,1676
244045,1677
115504,1678
79928,1679
65035,1680
57184,1681
166790,1682
92667,1683
81072,1684
36142,1685
525461,1686
303740,1687
39828,1688
23197,1689
186282,1690
2016689,1691
167218,1692
70749,1693
30596,1694
215898,1695
537082,1696
54764,1697
403903,1698
126527,1699
43400,1700
11376,1701
186735,1702
107581,1703
262020,1704
21950,1705
1252201,1706
32392,1707
176580,1708
248964,1709
581712,1710
9136,1711
393640,1712
38496,1713
99630,1714
136391,1715
347683,1716
45396,1717
470061,1718
505867,1719
352284,1720
79844,1721
127579,1722
344834,1723
36385,1724
1024090,1725
739222,1726
568923,1727
89905,1728
31614,1729
693894,1730
517833,1731
1073602,1732
49470,1733
153494,1734
14515,1735
36240,1736
162672,1737
183033,1738
225674,1739
679603,1740
1468206,1741
23510,1742
38792,1743
95710,1744
86709,1745
366539,1746
1319787,1747
143865,1748
686501,1749
169544,1750
584321,1751
86641,1752
395247,1753
9931,1754
111974,1755
90557,1756
258305,1757
68766,1758
36975,1759
132098,1760
303780,1761
35216,1762
60958,1763
33946,1764
72437,1765
202016,1766
980142,1767
1483295,1768
349146,1769
119903,1770
873219,1771
94675,1772
128642,1773
1394259,1774
40656,1775
469825,1776
242098,1777
211401,1778
37344,1779
36099,1780
30836,1781
56747,1782
253860,1783
194473,1784
358485,1785
248843,1786
416062,1787
41874,1788
5535074,1789
63327,1790
10355,1791
24862,1792
21536,1793
275098,1794
16152,1795
63935,1796
47817,1797
342123,1798
356459,1799
175231,1800
315772,1801
47982,1802
722921,1803
26290,1804
15539,1805
538018,1806
90599,1807
19108,1808
290979,1809
327263,1810
88690,1811
906164,1812
46059,1813
490645,1814
483534,1815
525860,1816
59539,1817
103111,1818
124806,1819
238067,1820
934842,1821
83168,1822
783903,1823
377432,1824
24673,1825
52292,1826
52234,1827
162611,1828
56620,1829
11102,1830
270699,1831
260875,1832
299951,1833
893779,1834
23445,1835
34380,1836
31407,1837
592222,1838
21331,1839
1463535,1840
44238,1841
52260,1842
32757,1843
202553,1844
143284,1845
112107,1846
26264,1847
75441,1848
317080,1849
179857,1850
32648,1851
19112,1852
530694,1853
931483,1854
555916,1855
42189,1856
111365,1857
845210,1858
79222,1859
857649,1860
346343,1861
1199529,1862
74345,1863
96850,1864
203824,1865
33180,1866
501940,1867
47117,1868
499822,1869
350815,1870
80708,1871
770337,1872
34182,1873
83132,1874
1354325,1875
188340,1876
497019,1877
468022,1878
57155,1879
1110417,1880
470071,1881
827262,1882
244559,1883
276636,1884
955865,1885
42783,1886
184394,1887
239348,1888
40351,1889
73827,1890
26329,1891
195144,1892
1233603,1893
44723,1894
42100,1895
63332,1896
33483,1897
114443,1898
9416,1899
29781,1900
132058,1901
966839,1902
64332,1903
77028,1904
15023,1905
3315099,1906
80762,1907
214974,1908
622858,1909
248708,1910
731207,1911
69886,1912
27286,1913
55449,1914
18938,1915
10082,1916
27439,1917
235394,1918
73828,1919
47830,1920
636767,1921
407409,1922
27993,1923
203648,1924
639878,1925
262876,1926
88204,1927
200966,1928
111041,1929
104138,1930
683651,1931
774119,1932
31322,1933
99663,1934
27317,1935
532415,1936
21216,1937
270702,1938
72254,1939
50854,1940
90010,1941
99444,1942
309235,1943
37847,1944
68729,1945
20342,1946
113226,1947
25322,1948
27148,1949
61782,1950
35890,1951
132084,1952
24576,1953
70132,1954
129591,1955
10378,1956
45754,1957
28938,1958
14637,1959
297316,1960
38174,1961
61920,1962
56667,1963
27892,1964
21332,1965
618056,1966
718000,1967
48566,1968
950556,1969
15028,1970
27369,1971
723063,1972
94283,1973
13521,1974
36182,1975
17398,1976
314343,1977
1058900,1978
646359,1979
36849,1980
828025,1981
60066,1982
23588,1983
506778,1984
802581,1985
157138,1986
59591,1987
281532,1988
2114417,1989
93804,1990
573924,1991
306873,1992
280262,1993
90123,1994
705105,1995
62820,1996
66897,1997
320737,1998
154867,1999
36341,2000
72871,2001
24370,2002
315480,2003
269420,2004
61617,2005
872827,2006
78159,2007
1226236,2008
140015,2009
17068,2010
104903,2011
361186,2012
109707,2013
32387,2014
355302,2015
150181,2016
101076,2017
83566,2018
35124,2019
96804,2020
202838,2021
21169,2022
86746,2023
102096,2024
321978,2025
120756,2026
12548,2027
72157,2028
25026,2029
584194,2030
15116,2031
682984,2032
48124,2033
336749,2034
361833,2035
950189,2036
249586,2037
29825,2038
30835,2039
475444,2040
1564644,2041
44585,2042
1468964,2043
617854,2044
188583,2045
157387,2046
467388,2047
132257,2048
74893,2049
11039,2050
73701,2051
239947,2052
332336,2053
539866,2054
72044,2055
25165,2056
83439,2057
51736,2058
404622,2059
12922,2060
599415,2061
712818,2062
585162,2063
262863,2064
25625,2065
606261,2066
556260,2067
41010,2068
354567,2069
29778,2070
123408,2071
1343204,2072
120363,2073
454574,2074
407349,2075
52286,2076
162565,2077
880321,2078
86686,2079
279778,2080
539113,2081
176092,2082
1462948,2083
133664,2084
138957,2085
136304,2086
18612,2087
2780834,2088
15024,2089
166762,2090
847530,2091
111874,2092
20274,2093
27431,2094
50560,2095
102673,2096
15018,2097
55247,2098
36251,2099
51730,2100
106803,2101
54094,2102
1061300,2103
303135,2104
123814,2105
125439,2106
154549,2107
22624,2108
220824,2109
16568,2110
12343,2111
139598,2112
101991,2113
575198,2114
28763,2115
552220,2116
1469982,2117
220227,2118
64372,2119
1181045,2120
131194,2121
33811,2122
30625,2123
36367,2124
41827,2125
72929,2126
41953,2127
17662,2128
11404,2129
69961,2130
331979,2131
393242,2132
203602,2133
33124,2134
152880,2135
451732,2136
1507031,2137
249585,2138
883853,2139
15031,2140
155969,2141
70617,2142
1023793,2143
52232,2144
486875,2145
404749,2146
31945,2147
351982,2148
344601,2149
52229,2150
24396,2151
63321,2152
17914,2153
294105,2154
258740,2155
67820,2156
20294,2157
161126,2158
404800,2159
13464,2160
314626,2161
433137,2162
41862,2163
19873,2164
102704,2165
17355,2166
154051,2167
881025,2168
21743,2169
190260,2170
35905,2171
65973,2172
130061,2173
15285,2174
76917,2175
83457,2176
38778,2177
112030,2178
51600,2179
85173,2180
88643,2181
153400,2182
349596,2183
287327,2184
233388,2185
133271,2186
149667,2187
165019,2188
57085,2189
325052,2190
22767,2191
1058681,2192
55159,2193
426342,2194
18621,2195
67750,2196
17653,2197
274385,2198
39009,2199
74259,2200
64128,2201
326440,2202
457065,2203
32308,2204
188218,2205
72430,2206
31648,2207
66832,2208
39046,2209
48283,2210
22334,2211
297621,2212
1008818,2213
92645,2214
24066,2215
286140,2216
258077,2217
233202,2218
383712,2219
24571,2220
10362,2221
9641,2222
1368547,2223
633208,2224
39137,2225
23385,2226
179542,2227
488078,2228
47030,2229
13450,2230
1277226,2231
3833131,2232
25249,2233
54689,2234
96760,2235
14522,2236
427044,2237
75474,2238
67190,2239
452963,2240
255633,2241
232837,2242
40108,2243
22361,2244
90603,2245
595840,2246
120671,2247
24187,2248
12425,2249
153797,2250
86445,2251
342068,2252
112950,2253
469777,2254
589265,2255
67205,2256
156029,2257
33691,2258
233356,2259
38846,2260
219756,2261
42158,2262
42143,2263
31413,2264
38864,2265
17767,2266
244613,2267
142971,2268
478740,2269
295895,2270
61883,2271
411061,2272
40897,2273
216241,2274
63316,2275
1298166,2276
43500,2277
611341,2278
111931,2279
16414,2280
233033,2281
348346,2282
247549,2283
444252,2284
50511,2285
534123,2286
183288,2287
1512316,2288
10076,2289
28105,2290
31098,2291
389858,2292
49941,2293
388360,2294
47746,2295
79730,2296
109680,2297
123588,2298
514625,2299
14998,2300
77090,2301
147475,2302
386395,2303
39549,2304
384449,2305
96854,2306
68802,2307
83016,2308
452323,2309
64627,2310
964428,2311
47060,2312
104558,2313
811208,2314
68024,2315
102031,2316
94542,2317
43701,2318
598398,2319
583435,2320
768101,2321
261892,2322
395156,2323
391788,2324
37392,2325
26303,2326
33156,2327
123137,2328
45955,2329
346141,2330
108687,2331
659183,2332
175963,2333
32810,2334
95699,2335
218708,2336
284954,2337
9523,2338
18126,2339
1593140,2340
53482,2341
226204,2342
34314,2343
41970,2344
1484691,2345
161697,2346
10344,2347
23324,2348
79174,2349
53288,2350
75232,2351
381094,2352
643919,2353
68129,2354
43576,2355
66091,2356
98632,2357
428188,2358
1102170,2359
52125,2360
74919,2361
33155,2362
191645,2363
887844,2364
581772,2365
305306,2366
267975,2367
110014,2368
188252,2369
384274,2370
31578,2371
27955,2372
24850,2373
60042,2374
78901,2375
96858,2376
147812,2377
356240,2378
657240,2379
323617,2380
114459,2381
575538,2382
36365,2383
64295,2384
161268,2385
11799,2386
60085,2387
1909475,2388
176534,2389
28594,2390
279886,2391
29000,2392
49364,2393
24214,2394
188683,2395
26086,2396
73811,2397
150153,2398
33214,2399
255390,2400
53584,2401
48618,2402
50378,2403
912561,2404
19878,2405
286777,2406
33577,2407
435941,2408
156251,2409
376595,2410
61626,2411
27418,2412
360254,2413
62574,2414
176402,2415
11904,2416
874476,2417
439229,2418
276214,2419
792810,2420
372663,2421
250004,2422
27150,2423
64420,2424
360818,2425
44379,2426
367293,2427
38679,2428
231911,2429
555539,2430
452043,2431
25925,2432
308416,2433
50152,2434
356850,2435
1269828,2436
31081,2437
82602,2438
10353,2439
479836,2440
328966,2441
1209422,2442
760793,2443
49483,2444
174708,2445
416762,2446
705464,2447
44308,2448
75822,2449
554079,2450
2486228,2451
320855,2452
120093,2453
110058,2454
63161,2455
56686,2456
113538,2457
194043,2458
92642,2459
120535,2460
2268164,2461
85998,2462
1209519,2463
1589411,2464
162764,2465
32820,2466
464123,2467
255787,2468
355974,2469
70908,2470
32818,2471
9120,2472
467824,2473
18109,2474
26252,2475
209524,2476
38074,2477
120799,2478
735922,2479
54190,2480
32442,2481
47330,2482
147443,2483
332046,2484
85153,2485
91717,2486
4491500,2487
59909,2488
37274,2489
50484,2490
315606,2491
261011,2492
17414,2493
656147,2494
21261,2495
79958,2496
120106,2497
164951,2498
314897,2499
292960,2500
22421,2501
132453,2502
78294,2503
75469,2504
342007,2505
360993,2506
42207,2507
153353,2508
942946,2509
99786,2510
163849,2511
35240,2512
27720,2513
36119,2514
12479,2515
238328,2516
70366,2517
361786,2518
21789,2519
112048,2520
34620,2521
214095,2522
209838,2523
104957,2524
176587,2525
72111,2526
61191,2527
1570192,2528
229407,2529
125583,2530
254943,2531
47158,2532
2158720,2533
92004,2534
196966,2535
217545,2536
252710,2537
954496,2538
847853,2539
10301,2540
1117415,2541
184331,2542
178351,2543
590593,2544
83254,2545
47797,2546
9901,2547
46486,2548
104976,2549
92737,2550
215208,2551
113602,2552
86201,2553
337203,2554
35667,2555
42086,2556
534376,2557
24990,2558
88233,2559
13213,2560
128580,2561
59778,2562
43552,2563
743621,2564
1208601,2565
38126,2566
61727,2567
44804,2568
227204,2569
102662,2570
43594,2571
245051,2572
27987,2573
32344,2574
4089460,2575
232983,2576
44770,2577
130191,2578
434719,2579
264730,2580
55026,2581
172543,2582
908225,2583
602052,2584
10688,2585
1237387,2586
184006,2587
847594,2588
324746,2589
704775,2590
86741,2591
215963,2592
9074,2593
33720,2594
212559,2595
50778,2596
140499,2597
10185,2598
52304,2599
148077,2600
119570,2601
32039,2602
56864,2603
81218,2604
45257,2605
116321,2606
628853,2607
176708,2608
36290,2609
757453,2610
276654,2611
1009108,2612
154671,2613
579807,2614
145203,2615
757633,2616
18762,2617
161143,2618
76941,2619
316987,2620
977800,2621
9724,2622
39061,2623
38966,2624
55642,2625
63352,2626
1132468,2627
1077605,2628
325507,2629
221767,2630
226148,2631
275947,2632
213724,2633
750136,2634
33793,2635
135737,2636
125356,2637
17413,2638
10190,2639
696059,2640
564849,2641
36944,2642
51737,2643
583485,2644
1204970,2645
64350,2646
23297,2647
39690,2648
414787,2649
539623,2650
45382,2651
689845,2652
74389,2653
39703,2654
294117,2655
54581,2656
253612,2657
591620,2658
72839,2659
40895,2660
1122591,2661
505199,2662
151188,2663
242860,2664
532635,2665
179025,2666
69982,2667
182262,2668
68248,2669
1018399,2670
64204,2671
123747,2672
552439,2673
280371,2674
56361,2675
57994,2676
60759,2677
810674,2678
206431,2679
35337,2680
1148750,2681
347064,2682
583430,2683
41005,2684
32422,2685
37839,2686
162159,2687
44154,2688
907809,2689
184739,2690
337526,2691
855076,2692
131965,2693
22785,2694
67957,2695
464000,2696
42036,2697
378253,2698
794845,2699
1245161,2700
749698,2701
452039,2702
39486,2703
201063,2704
11440,2705
117179,2706
411178,2707
61452,2708
40446,2709
218829,2710
164980,2711
106117,2712
44162,2713
96355,2714
75145,2715
219574,2716
1374182,2717
367004,2718
72269,2719
783209,2720
291279,2721
138997,2722
41518,2723
128674,2724
519241,2725
51755,2726
1473204,2727
144435,2728
705628,2729
147913,2730
33227,2731
721027,2732
63357,2733
158463,2734
47026,2735
30535,2736
58554,2737
287572,2738
575647,2739
35102,2740
113991,2741
49466,2742
634634,2743
47152,2744
16555,2745
1205608,2746
114084,2747
244090,2748
195215,2749
33181,2750
477048,2751
59366,2752
337853,2753
44720,2754
63242,2755
18060,2756
139278,2757
1937314,2758
126466,2759
645396,2760
1063296,2761
461382,2762
533124,2763
255784,2764
818063,2765
40989,2766
362169,2767
287364,2768
165060,2769
166263,2770
34860,2771
347599,2772
11128,2773
164845,2774
1584026,2775
27983,2776
96252,2777
9421,2778
60936,2779
1537960,2780
208903,2781
105085,2782
25042,2783
76824,2784
52372,2785
561142,2786
985274,2787
320828,2788
88658,2789
355485,2790
9540,2791
31492,2792
55635,2793
55011,2794
117039,2795
51770,2796
326649,2797
308734,2798
34371,2799
68562,2800
813946,2801
104132,2802
52264,2803
258872,2804
39357,2805
445433,2806
206807,2807
376189,2808
2069655,2809
45863,2810
116316,2811
150319,2812
20473,2813
176468,2814
64691,2815
41056,2816
23302,2817
170487,2818
32017,2819
39171,2820
107502,2821
50133,2822
188269,2823
64434,2824
308261,2825
146412,2826
435080,2827
348816,2828
633724,2829
143291,2830
107463,2831
29119,2832
202692,2833
738531,2834
44966,2835
67281,2836
907856,2837
516482,2838
128229,2839
495950,2840
72413,2841
706060,2842
167278,2843
787389,2844
171397,2845
280024,2846
13448,2847
117252,2848
171432,2849
1352440,2850
73524,2851
162529,2852
41801,2853
596792,2854
33791,2855
86545,2856
154768,2857
28354,2858
16083,2859
38995,2860
158330,2861
729083,2862
693985,2863
1240778,2864
658317,2865
83539,2866
68349,2867
262805,2868
60904,2869
21598,2870
119070,2871
65501,2872
22250,2873
814478,2874
244527,2875
496278,2876
18368,2877
834573,2878
469449,2879
66362,2880
28721,2881
92650,2882
243448,2883
32076,2884
320910,2885
131094,2886
49438,2887
249696,2888
32819,2889
726095,2890
356809,2891
79799,2892
94668,2893
820628,2894
43505,2895
443029,2896
407269,2897
645382,2898
562658,2899
1308458,2900
146601,2901
11104,2902
207345,2903
493142,2904
214688,2905
111596,2906
28504,2907
238887,2908
579410,2909
49374,2910
237585,2911
154434,2912
10349,2913
55861,2914
75695,2915
48252,2916
475970,2917
150556,2918
650072,2919
356582,2920
741570,2921
2735377,2922
42112,2923
52300,2924
22845,2925
461789,2926
37318,2927
28381,2928
1112602,2929
148195,2930
287660,2931
55860,2932
37809,2933
50365,2934
54763,2935
71241,2936
18737,2937
632723,2938
34436,2939
1546580,2940
53486,2941
1208370,2942
1261650,2943
316863,2944
111995,2945
22866,2946
524529,2947
116912,2948
10166,2949
122933,2950
23743,2951
167284,2952
40074,2953
108367,2954
10110,2955
506314,2956
40631,2957
43511,2958
24859,2959
574150,2960
208979,2961
1065545,2962
60120,2963
83843,2964
629874,2965
1527333,2966
45360,2967
150840,2968
43746,2969
226151,2970
68064,2971
786981,2972
194443,2973
34446,2974
270344,2975
138324,2976
40362,2977
13971,2978
93784,2979
814160,2980
589149,2981
227256,2982
519185,2983
9171,2984
194765,2985
69668,2986
948828,2987
2329779,2988
21334,2989
961688,2990
23503,2991
128341,2992
33236,2993
468609,2994
30903,2995
225685,2996
526123,2997
191199,2998
1484698,2999
72954,3000
309102,3001
633897,3002
475474,3003
115543,3004
43239,3005
26757,3006
25317,3007
379263,3008
973123,3009
1105331,3010
151275,3011
510965,3012
422825,3013
61800,3014
38768,3015
33735,3016
33515,3017
102624,3018
88271,3019
497455,3020
36946,3021
94835,3022
368971,3023
481109,3024
85956,3025
11071,3026
283830,3027
144822,3028
28527,3029
207480,3030
282014,3031
235997,3032
1219731,3033
23379,3034
10555,3035
50864,3036
472851,3037
688602,3038
316764,3039
25504,3040
23308,3041
119543,3042
132950,3043
1250952,3044
90079,3045
115815,3046
98514,3047
103713,3048
344747,3049
184517,3050
250047,3051
723789,3052
20252,3053
53545,3054
60056,3055
33509,3056
341451,3057
328467,3058
10868,3059
236580,3060
13788,3061
173964,3062
244259,3063
147711,3064
10356,3065
33210,3066
349069,3067
55171,3068
39196,3069
158208,3070
174426,3071
945207,3072
9710,3073
332243,3074
232783,3075
372893,3076
1012916,3077
1584402,3078
1523662,3079
324384,3080
317168,3081
116595,3082
94446,3083
43166,3084
150519,3085
26221,3086
102638,3087
479224,3088
165729,3089
299777,3090
211312,3091
255573,3092
32581,3093
17591,3094
48043,3095
48104,3096
9730,3097
217731,3098
1129201,3099
10193,3100
29670,3101
110059,3102
64354,3103
982947,3104
27946,3105
39474,3106
63181,3107
53885,3108
215655,3109
692212,3110
184650,3111
345927,3112
32842,3113
35840,3114
42979,3115
317415,3116
65013,3117
776376,3118
21215,3119
24502,3120
17804,3121
435172,3122
151206,3123
324855,3124
35839,3125
186318,3126
532368,3127
512855,3128
348869,3129
42071,3130
10450,3131
45642,3132
961118,3133
737349,3134
1364814,3135
741489,3136
1527340,3137
10931,3138
1531270,3139
169565,3140
197646,3141
45471,3142
57602,3143
1363798,3144
643848,3145
230385,3146
187959,3147
678075,3148
887756,3149
79229,3150
40968,3151
246845,3152
28152,3153
39948,3154
68703,3155
10377,3156
21295,3157
78745,3158
101757,3159
17402,3160
443956,3161
24694,3162
25834,3163
360407,3164
310178,3165
402471,3166
1468838,3167
966741,3168
43627,3169
178442,3170
707662,3171
165341,3172
61562,3173
197428,3174
318869,3175
1195233,3176
116127,3177
686557,3178
88740,3179
62528,3180
38812,3181
23991,3182
18065,3183
289969,3184
364062,3185
125136,3186
40717,3187
70097,3188
68762,3189
44543,3190
35177,3191
90413,3192
291465,3193
111567,3194
88316,3195
101337,3196
340398,3197
78484,3198
210365,3199
34756,3200
68105,3201
112103,3202
48697,3203
35832,3204
107222,3205
120752,3206
25480,3207
30232,3208
815174,3209
1137040,3210
360922,3211
409000,3212
360848,3213
259953,3214
496044,3215
169878,3216
702930,3217
55791,3218
150873,3219
53528,3220
245969,3221
228886,3222
24258,3223
41807,3224
511214,3225
206717,3226
77514,3227
26607,3228
34141,3229
941746,3230
25246,3231
10141,3232
72754,3233
1567303,3234
86593,3235
892745,3236
49352,3237
188514,3238
44076,3239
65367,3240
80376,3241
67272,3242
347831,3243
375634,3244
188750,3245
479484,3246
53432,3247
389448,3248
43141,3249
40615,3250
157321,3251
43338,3252
33770,3253
358200,3254
30527,3255
30271,3256
207617,3257
132740,3258
24368,3259
215394,3260
305321,3261
1372556,3262
16497,3263
211348,3264
14427,3265
11025,3266
302713,3267
61692,3268
78495,3269
102333,3270
33890,3271
53438,3272
36414,3273
84866,3274
188589,3275
188615,3276
19610,3277
178531,3278
810455,3279
9063,3280
217312,3281
170845,3282
26706,3283
287664,3284
184767,3285
234944,3286
65834,3287
13883,3288
39581,3289
115214,3290
54054,3291
39770,3292
68344,3293
170313,3294
251442,3295
59832,3296
60990,3297
27647,3298
935545,3299
37018,3300
62140,3301
110033,3302
30032,3303
77548,3304
2257538,3305
47636,3306
50472,3307
16971,3308
86523,3309
34588,3310
59925,3311
203466,3312
31458,3313
360280,3314
46011,3315
239284,3316
42175,3317
828083,3318
39052,3319
22765,3320
154581,3321
16665,3322
239097,3323
500865,3324
733404,3325
92047,3326
1167831,3327
46724,3328
399086,3329
38671,3330
347290,3331
90087,3332
281800,3333
16133,3334
31859,3335
55468,3336
1022699,3337
467535,3338
325386,3339
27365,3340
773489,3341
105199,3342
26297,3343
480336,3344
29801,3345
49472,3346
239289,3347
400206,3348
90237,3349
487593,3350
18058,3351
137077,3352
1054790,3353
101783,3354
207153,3355
45532,3356
28600,3357
28133,3358
389117,3359
1355154,3360
19943,3361
840418,3362
25798,3363
57105,3364
852778,3365
37773,3366
215471,3367
206479,3368
821271,3369
175721,3370
458590,3371
1277019,3372
220910,3373
345555,3374
530915,3375
36253,3376
179375,3377
295761,3378
64449,3379
91459,3380
30089,3381
236960,3382
33013,3383
58499,3384
227150,3385
105192,3386
74193,3387
38701,3388
768391,3389
101447,3390
48041,3391
122298,3392
114390,3393
361193,3394
964970,3395
253878,3396
381817,3397
111903,3398
107390,3399
215844,3400
664268,3401
33174,3402
72573,3403
2521512,3404
431460,3405
172527,3406
123698,3407
697225,3408
3293678,3409
184430,3410
38228,3411
37328,3412
104464,3413
16223,3414
916160,3415
506907,3416
40601,3417
66890,3418
58230,3419
122745,3420
1250936,3421
740259,3422
517413,3423
62953,3424
1115215,3425
5475294,3426
225723,3427
1232173,3428
131042,3429
56355,3430
320557,3431
53143,3432
50587,3433
459671,3434
39084,3435
50028,3436
221486,3437
372935,3438
53835,3439
728167,3440
330732,3441
579647,3442
32708,3443
56464,3444
51696,3445
161274,3446
146541,3447
389358,3448
205444,3449
128583,3450
109761,3451
1496020,3452
287455,3453
31464,3454
691209,3455
30424,3456
236871,3457
147698,3458
88061,3459
80437,3460
17375,3461
56442,3462
94664,3463
557122,3464
176389,3465
33117,3466
117496,3467
9094,3468
276055,3469
160519,3470
102516,3471
244620,3472
90280,3473
35556,3474
236463,3475
91996,3476
559575,3477
537888,3478
31572,3479
105189,3480
266989,3481
36826,3482
9073,3483
54512,3484
1141458,3485
35626,3486
112832,3487
24754,3488
38363,3489
183972,3490
194380,3491
81100,3492
201513,3493
487953,3494
45499,3495
62600,3496
106844,3497
252424,3498
497365,3499
147780,3500
33110,3501
334371,3502
40762,3503
70832,3504
119092,3505
53312,3506
298392,3507
148125,3508
48915,3509
157357,3510
63637,3511
50768,3512
34104,3513
76566,3514
200589,3515
55192,3516
32027,3517
166964,3518
27826,3519
270066,3520
219530,3521
40471,3522
267440,3523
50061,3524
269473,3525
116495,3526
30787,3527
289691,3528
61470,3529
25399,3530
25096,3531
952148,3532
856737,3533
19682,3534
30301,3535
320931,3536
47156,3537
35729,3538
107181,3539
48643,3540
112752,3541
12594,3542
105214,3543
45371,3544
774160,3545
35148,3546
71562,3547
72366,3548
83675,3549
44140,3550
253166,3551
161279,3552
36013,3553
24758,3554
878480,3555
385627,3556
45158,3557
48702,3558
1020676,3559
184297,3560
171669,3561
560904,3562
821253,3563
49788,3564
47927,3565
261910,3566
25185,3567
253784,3568
47702,3569
38852,3570
46833,3571
286288,3572
37002,3573
49716,3574
731844,3575
38929,3576
31981,3577
34318,3578
63271,3579
51988,3580
26731,3581
73982,3582
521280,3583
203328,3584
82761,3585
45688,3586
74446,3587
184803,3588
82816,3589
150229,3590
155148,3591
356547,3592
265954,3593
99502,3594
43043,3595
30755,3596
209813,3597
391197,3598
270729,3599
107272,3600
102870,3601
329556,3602
182904,3603
463339,3604
262795,3605
239780,3606
27231,3607
34652,3608
90122,3609
854856,3610
53135,3611
180398,3612
334415,3613
195669,3614
17795,3615
428301,3616
247853,3617
41096,3618
790656,3619
90748,3620
53433,3621
42212,3622
298252,3623
63964,3624
26068,3625
192627,3626
309149,3627
54231,3628
86490,3629
234231,3630
444081,3631
157342,3632
32775,3633
11874,3634
86289,3635
39056,3636
62712,3637
19840,3638
1478203,3639
1024931,3640
38763,3641
267706,3642
97010,3643
46004,3644
32721,3645
367112,3646
110030,3647
67591,3648
36950,3649
1229708,3650
237399,3651
227551,3652
249780,3653
169323,3654
147571,3655
104889,3656
188842,3657
82807,3658
342356,3659
16932,3660
74320,3661
1178298,3662
30895,3663
38188,3664
411372,3665
66565,3666
154084,3667
120250,3668
67045,3669
309288,3670
772201,3671
170321,3672
43667,3673
335630,3674
496405,3675
232559,3676
211522,3677
54127,3678
50777,3679
15748,3680
2499843,3681
155042,3682
371538,3683
347569,3684
475907,3685
15126,3686
225602,3687
176198,3688
68035,3689
175994,3690
38762,3691
238916,3692
238505,3693
54783,3694
104991,3695
1599510,3696
23985,3697
214923,3698
121076,3699
60038,3700
22748,3701
77015,3702
37345,3703
51720,3704
19452,3705
279136,3706
537779,3707
233408,3708
10697,3709
12383,3710
203118,3711
107495,3712
230346,3713
10702,3714
1589649,3715
370710,3716
493569,3717
273318,3718
116744,3719
167524,3720
59961,3721
62768,3722
88562,3723
260314,3724
202178,3725
63245,3726
52316,3727
251343,3728
102924,3729
86290,3730
26793,3731
174859,3732
358678,3733
226989,3734
10382,3735
365448,3736
53305,3737
19572,3738
309718,3739
261875,3740
27970,3741
151410,3742
832073,3743
188705,3744
512468,3745
1386177,3746
179118,3747
340885,3748
116661,3749
86745,3750
2500501,3751
268070,3752
26522,3753
90190,3754
68154,3755
75509,3756
144694,3757
434633,3758
9139,3759
24883,3760
57882,3761
44431,3762
30897,3763
34344,3764
10003,3765
133556,3766
152687,3767
10004,3768
96802,3769
113684,3770
62312,3771
16165,3772
821378,3773
229729,3774
44802,3775
714949,3776
162029,3777
312789,3778
105293,3779
116455,3780
340936,3781
391083,3782
51406,3783
111265,3784
23760,3785
72952,3786
60350,3787
718734,3788
120300,3789
18589,3790
104282,3791
91797,3792
126080,3793
249922,3794
15881,3795
556122,3796
458458,3797
23716,3798
247695,3799
786099,3800
40886,3801
68637,3802
44366,3803
446153,3804
475329,3805
43499,3806
233678,3807
128166,3808
147739,3809
405580,3810
308126,3811
290192,3812
11815,3813
531169,3814
239249,3815
967113,3816
1073708,3817
91991,3818
149613,3819
1221512,3820
29667,3821
25945,3822
65553,3823
21200,3824
275181,3825
942831,3826
231823,3827
93324,3828
803614,3829
58504,3830
181571,3831
288046,3832
81241,3833
202561,3834
300257,3835
64142,3836
68838,3837
1431077,3838
743338,3839
162659,3840
238619,3841
74853,3842
21556,3843
14193,3844
107436,3845
279386,3846
1112854,3847
121718,3848
17216,3849
898265,3850
44486,3851
17393,3852
66128,3853
51559,3854
39657,3855
41095,3856
90814,3857
402392,3858
48331,3859
101541,3860
496385,3861
351407,3862
101267,3863
21384,3864
107063,3865
355488,3866
71873,3867
31094,3868
76620,3869
33233,3870
147906,3871
292660,3872
57872,3873
538904,3874
74497,3875
1350110,3876
129628,3877
279213,3878
1530388,3879
29072,3880
894150,3881
61819,3882
72093,3883
667232,3884
40633,3885
40146,3886
53896,3887
48838,3888
2156973,3889
57537,3890
3801135,3891
139733,3892
49460,3893
875865,3894
16580,3895
21207,3896
116307,3897
347781,3898
577393,3899
166587,3900
29826,3901
528616,3902
66846,3903
765856,3904
274474,3905
43214,3906
30933,3907
148209,3908
52838,3909
10496,3910
165176,3911
26645,3912
293729,3913
201122,3914
25014,3915
837705,3916
947869,3917
628198,3918
146579,3919
10359,3920
59838,3921
262392,3922
50639,3923
27385,3924
244740,3925
22712,3926
52314,3927
608310,3928
227388,3929
5107429,3930
151406,3931
631706,3932
227190,3933
147176,3934
1586023,3935
174756,3936
80033,3937
1477996,3938
44505,3939
126585,3940
21025,3941
44562,3942
170518,3943
167076,3944
25878,3945
61503,3946
107518,3947
2718306,3948
972227,3949
713346,3950
710657,3951
243186,3952
38204,3953
355954,3954
143174,3955
1256350,3956
266713,3957
24665,3958
72033,3959
329344,3960
356224,3961
102095,3962
54785,3963
80888,3964
1144443,3965
62520,3966
496098,3967
248827,3968
223631,3969
135407,3970
96776,3971
187549,3972
44855,3973
35011,3974
21609,3975
149807,3976
564037,3977
24829,3978
19598,3979
42042,3980
488549,3981
24742,3982
22373,3983
266024,3984
292592,3985
52771,3986
178182,3987
359509,3988
269616,3989
441522,3990
10191,3991
105301,3992
29261,3993
120834,3994
259904,3995
10387,3996
52437,3997
58617,3998
908377,3999
63368,4000
63209,4001
101686,4002
739733,4003
171098,4004
1322781,4005
31526,4006
74278,4007
175857,4008
67645,4009
140605,4010
9862,4011
316405,4012
87805,4013
232650,4014
21965,4015
72371,4016
45334,4017
491440,4018
38647,4019
28987,4020
27119,4021
88657,4022
92431,4023
583417,4024
180633,4025
1060344,4026
41026,4027
317332,4028
22149,4029
50613,4030
50574,4031
561523,4032
28102,4033
994202,4034
646649,4035
50272,4036
265443,4037
1171039,4038
120258,4039
118965,4040
53171,4041
10029,4042
74801,4043
203080,4044
75067,4045
188648,4046
116977,4047
508083,4048
50376,4049
992976,4050
33610,4051
44285,4052
74939,4053
274975,4054
221770,4055
700254,4056
536647,4057
104245,4058
486369,4059
153586,4060
32335,4061
37332,4062
50189,4063
77512,4064
39712,4065
34990,4066
1015796,4067
36459,4068
78711,4069
287961,4070
287934,4071
188400,4072
56767,4073
64651,4074
578222,4075
353840,4076
183418,4077
298007,4078
226163,4079
126009,4080
10511,4081
53196,4082
171282,4083
443907,4084
21555,4085
68808,4086
43697,4087
397046,4088
186972,4089
299090,4090
92008,4091
24937,4092
194938,4093
74027,4094
771582,4095
61512,4096
356666,4097
39139,4098
367589,4099
160554,4100
454210,4101
179972,4102
9625,4103
80970,4104
40409,4105
191375,4106
14587,4107
568307,4108
65511,4109
37782,4110
562440,4111
662497,4112
35902,4113
37478,4114
26971,4115
116335,4116
33202,4117
58506,4118
67352,4119
44805,4120
221147,4121
1208296,4122
557263,4123
10186,4124
42087,4125
32615,4126
356712,4127
314856,4128
18202,4129
137009,4130
11371,4131
114389,4132
583433,4133
119807,4134
244542,4135
1225922,4136
161123,4137
25857,4138
19850,4139
416798,4140
82886,4141
171597,4142
120105,4143
288074,4144
39438,4145
179957,4146
206481,4147
651989,4148
102723,4149
398444,4150
102521,4151
122881,4152
104802,4153
49534,4154
50554,4155
172697,4156
310650,4157
68485,4158
872318,4159
971606,4160
48160,4161
187025,4162
2629518,4163
162008,4164
54210,4165
1050865,4166
122483,4167
1116331,4168
19348,4169
229616,4170
39123,4171
897607,4172
174639,4173
536629,4174
13272,4175
774370,4176
54591,4177
209728,4178
78424,4179
68761,4180
23813,4181
220252,4182
16132,4183
407391,4184
313991,4185
69628,4186
29128,4187
10397,4188
56901,4189
153386,4190
10540,4191
48155,4192
561688,4193
231842,4194
293289,4195
45548,4196
65610,4197
767468,4198
220039,4199
194370,4200
18398,4201
169968,4202
15425,4203
353642,4204
17379,4205
50582,4206
13628,4207
47798,4208
25812,4209
104255,4210
69975,4211
25631,4212
21525,4213
78195,4214
57284,4215
35189,4216
251926,4217
174528,4218
9113,4219
63160,4220
9064,4221
70556,4222
9891,4223
209078,4224
205077,4225
16200,4226
229414,4227
214619,4228
231748,4229
382984,4230
407597,4231
65820,4232
77456,4233
188578,4234
254252,4235
22628,4236
31370,4237
5063468,4238
38717,4239
417836,4240
32600,4241
348483,4242
356730,4243
39434,4244
55668,4245
879522,4246
107349,4247
67349,4248
426950,4249
27437,4250
38719,4251
364861,4252
931181,4253
107487,4254
48319,4255
167503,4256
37354,4257
414490,4258
40971,4259
701680,4260
1484015,4261
223017,4262
54282,4263
262822,4264
55691,4265
18446,4266
394120,4267
16838,4268
3937848,4269
868002,4270
125687,4271
903990,4272
122935,4273
23012,4274
18449,4275
373029,4276
49380,4277
115315,4278
421054,4279
1501870,4280
246041,4281
54449,4282
777551,4283
33184,4284
86109,4285
18455,4286
1060581,4287
342179,4288
562619,4289
361993,4290
50603,4291
1208564,4292
23599,4293
192040,4294
962376,4295
324285,4296
247529,4297
35075,4298
25628,4299
35176,4300
514284,4301
35047,4302
417196,4303
115492,4304
1198172,4305
53472,4306
241915,4307
187705,4308
231819,4309
1104985,4310
23790,4311
59075,4312
36107,4313
111315,4314
146046,4315
86677,4316
46069,4317
283935,4318
45717,4319
407335,4320
306425,4321
35244,4322
1255291,4323
259946,4324
525448,4325
105099,4326
284313,4327
22420,4328
881126,4329
43482,4330
259238,4331
1514053,4332
683104,4333
24852,4334
2158765,4335
38402,4336
10746,4337
31248,4338
33103,4339
38633,4340
583109,4341
25851,4342
51281,4343
49263,4344
18527,4345
55849,4346
72903,4347
33147,4348
73469,4349
138438,4350
482859,4351
113171,4352
710635,4353
16381,4354
358757,4355
105180,4356
29923,4357
730083,4358
35933,4359
578402,4360
90409,4361
76545,4362
304560,4363
234866,4364
88386,4365
36972,4366
30970,4367
32052,4368
23753,4369
299857,4370
160499,4371
96067,4372
38794,4373
102674,4374
318751,4375
162142,4376
48325,4377
1225589,4378
49390,4379
38959,4380
255257,4381
16008,4382
91388,4383
25018,4384
290722,4385
662586,4386
46551,4387
161312,4388
302144,4389
1187834,4390
19809,4391
53168,4392
367016,4393
50076,4394
1016090,4395
372669,4396
32298,4397
17838,4398
244703,4399
140139,4400
99724,4401
12970,4402
736072,4403
300036,4404
85688,4405
513754,4406
361773,4407
475029,4408
232414,4409
51439,4410
68352,4411
48909,4412
101692,4413
342463,4414
17381,4415
38722,4416
17773,4417
46945,4418
64123,4419
284150,4420
309561,4421
53449,4422
9670,4423
1034828,4424
612582,4425
120726,4426
13338,4427
409512,4428
111559,4429
337185,4430
11100,4431
383267,4432
413389,4433
13694,4434
117225,4435
538911,4436
105161,4437
26335,4438
201253,4439
44854,4440
42884,4441
266234,4442
31341,4443
370333,4444
62828,4445
162641,4446
104663,4447
639647,4448
497548,4449
45609,4450
340399,4451
199903,4452
63035,4453
43178,4454
36184,4455
23584,4456
105157,4457
330421,4458
93767,4459
9122,4460
119595,4461
259345,4462
1042613,4463
17579,4464
409991,4465
105278,4466
96084,4467
481184,4468
1570016,4469
73812,4470
1204619,4471
98312,4472
26788,4473
77609,4474
61213,4475
34022,4476
270202,4477
77561,4478
54641,4479
227850,4480
122835,4481
9114,4482
191226,4483
144952,4484
85940,4485
54117,4486
1167279,4487
604429,4488
315101,4489
496988,4490
33018,4491
139048,4492
19578,4493
249449,4494
366186,4495
154343,4496
58216,4497
74261,4498
10346,4499
123017,4500
129065,4501
704071,4502
49946,4503
309054,4504
10350,4505
105351,4506
236794,4507
44540,4508
34584,4509
75394,4510
46637,4511
215601,4512
36242,4513
17551,4514
67377,4515
38222,4516
65207,4517
18197,4518
132306,4519
123857,4520
27727,4521
175415,4522
21701,4523
26800,4524
378159,4525
70768,4526
53009,4527
52741,4528
247353,4529
9116,4530
74107,4531
35256,4532
64374,4533
171371,4534
170174,4535
68545,4536
39150,4537
274962,4538
346682,4539
326943,4540
377973,4541
154467,4542
31301,4543
742961,4544
146672,4545
476096,4546
947608,4547
107185,4548
525833,4549
86754,4550
1211786,4551
13893,4552
57022,4553
376599,4554
440525,4555
1427281,4556
48678,4557
223407,4558
262082,4559
534817,4560
50047,4561
211441,4562
314011,4563
554845,4564
973179,4565
232481,4566
449104,4567
76952,4568
804022,4569
35863,4570
116030,4571
10130,4572
114375,4573
23911,4574
119665,4575
82285,4576
49037,4577
9135,4578
638815,4579
147727,4580
23505,4581
20955,4582
32074,4583
61708,4584
261080,4585
213722,4586
16593,4587
17728,4588
928524,4589
48110,4590
10481,4591
719422,4592
49331,4593
476259,4594
59924,4595
238341,4596
1006654,4597
36266,4598
275140,4599
95570,4600
31861,4601
253473,4602
492605,4603
96894,4604
539677,4605
524893,4606
45301,4607
512508,4608
59830,4609
162036,4610
86770,4611
171426,4612
50030,4613
88237,4614
40564,4615
138910,4616
100875,4617
342386,4618
61685,4619
140543,4620
65537,4621
224959,4622
233205,4623
78501,4624
171472,4625
569861,4626
70929,4627
23726,4628
33867,4629
33142,4630
833480,4631
120154,4632
21777,4633
12938,4634
63403,4635
64152,4636
109962,4637
32408,4638
4266167,4639
47161,4640
87439,4641
23812,4642
29152,4643
2337802,4644
267367,4645
8947,4646
17957,4647
11450,4648
95697,4649
370415,4650
687830,4651
490099,4652
32780,4653
249496,4654
4770885,4655
1014601,4656
254722,4657
221847,4658
87423,4659
31628,4660
23427,4661
45631,4662
166370,4663
37765,4664
55697,4665
86299,4666
28559,4667
961419,4668
72001,4669
60633,4670
38108,4671
176643,4672
3486583,4673
66121,4674
716241,4675
1217132,4676
1351807,4677
48864,4678
34055,4679
152581,4680
14858,4681
68691,4682
206658,4683
285468,4684
107447,4685
33175,4686
14115,4687
33209,4688
31472,4689
46825,4690
65463,4691
225180,4692
36032,4693
262244,4694
50066,4695
116016,4696
44195,4697
22868,4698
102302,4699
13968,4700
116243,4701
339060,4702
32362,4703
122079,4704
105197,4705
30825,4706
314682,4707
40670,4708
85915,4709
156391,4710
804127,4711
45384,4712
274633,4713
29272,4714
920392,4715
19109,4716
92185,4717
416906,4718
224589,4719
184301,4720
1233025,4721
450996,4722
172024,4723
111108,4724
97026,4725
427129,4726
192905,4727
422175,4728
32841,4729
954544,4730
171680,4731
30666,4732
255348,4733
73460,4734
126201,4735
162773,4736
99396,4737
195737,4738
279849,4739
52463,4740
59891,4741
45729,4742
270638,4743
95590,4744
47045,4745
3892207,4746
34818,4747
222708,4748
187194,4749
38389,4750
604052,4751
38197,4752
143146,4753
336905,4754
154846,4755
114200,4756
410582,4757
30869,4758
24086,4759
170700,4760
221153,4761
28198,4762
290029,4763
269034,4764
99255,4765
226255,4766
72248,4767
42025,4768
218655,4769
988965,4770
39144,4771
105337,4772
1253905,4773
44684,4774
13089,4775
24556,4776
30846,4777
10023,4778
140430,4779
365424,4780
144995,4781
229225,4782
2823159,4783
101710,4784
42020,4785
98490,4786
340958,4787
47691,4788
306561,4789
376443,4790
67270,4791
172286,4792
924690,4793
43234,4794
1091631,4795
1172480,4796
182019,4797
106907,4798
72748,4799
18336,4800
86546,4801
104383,4802
325186,4803
69312,4804
143903,4805
197557,4806
221255,4807
15429,4808
69381,4809
73816,4810
42659,4811
54214,4812
192438,4813
30312,4814
278854,4815
123497,4816
10360,4817
96757,4818
285152,4819
306021,4820
191507,4821
133063,4822
669076,4823
25876,4824
37807,4825
64082,4826
76915,4827
987122,4828
244219,4829
327111,4830
61706,4831
70430,4832
517878,4833
142298,4834
255543,4835
207421,4836
93288,4837
80525,4838
240036,4839
31863,4840
313406,4841
47019,4842
55286,4843
33498,4844
18111,4845
126051,4846
801902,4847
42831,4848
20350,4849
4544860,4850
2689718,4851
361807,4852
90643,4853
189913,4854
133273,4855
90243,4856
788291,4857
105357,4858
32289,4859
112101,4860
12386,4861
19764,4862
9129,4863
433425,4864
10058,4865
35127,4866
70824,4867
337245,4868
38521,4869
628331,4870
144307,4871
212673,4872
78129,4873
591755,4874
10534,4875
125515,4876
39899,4877
77021,4878
86576,4879
914430,4880
31965,4881
17069,4882
16677,4883
819779,4884
336586,4885
170062,4886
284410,4887
205895,4888
36183,4889
414769,4890
90705,4891
1544913,4892
300331,4893
389523,4894
50287,4895
255374,4896
166822,4897
13215,4898
35072,4899
645853,4900
13626,4901
451523,4902
183153,4903
135374,4904
37832,4905
221908,4906
174998,4907
105185,4908
1359071,4909
56706,4910
126695,4911
387003,4912
162126,4913
603948,4914
154763,4915
35411,4916
39331,4917
361275,4918
645548,4919
596079,4920
38878,4921
98548,4922
680211,4923
58289,4924
239516,4925
151248,4926
371359,4927
688588,4928
37484,4929
17149,4930
1547286,4931
270245,4932
2204225,4933
241119,4934
36789,4935
211257,4936
85685,4937
72378,4938
29226,4939
1186843,4940
783429,4941
52201,4942
39004,4943
92647,4944
98504,4945
4259745,4946
59684,4947
298768,4948
166722,4949
47109,4950
18906,4951
38344,4952
10863,4953
120336,4954
191586,4955
743806,4956
51688,4957
100748,4958
240084,4959
33187,4960
86470,4961
24853,4962
83526,4963
99760,4964
303006,4965
830013,4966
147950,4967
19344,4968
111994,4969
36214,4970
32418,4971
334602,4972
40046,4973
785836,4974
38691,4975
43463,4976
405764,4977
342152,4978
284986,4979
30382,4980
39662,4981
33116,4982
159593,4983
127601,4984
214088,4985
683390,4986
14498,4987
99388,4988
23527,4989
40131,4990
103819,4991
11017,4992
1158329,4993
232345,4994
166734,4995
415354,4996
27202,4997
31914,4998
66028,4999
31478,5000
346208,5001
120791,5002
1168302,5003
9672,5004
372761,5005
122952,5006
39954,5007
81375,5008
47076,5009
731848,5010
44621,5011
29206,5012
75820,5013
1238347,5014
144218,5015
268061,5016
280525,5017
111772,5018
293750,5019
51436,5020
260320,5021
444375,5022
345164,5023
306100,5024
24104,5025
110953,5026
55088,5027
15113,5028
37316,5029
364204,5030
332120,5031
214854,5032
1443103,5033
90059,5034
27586,5035
64990,5036
638045,5037
75267,5038
169613,5039
43663,5040
186918,5041
56265,5042
1371298,5043
954190,5044
123342,5045
90664,5046
107527,5047
370942,5048
90550,5049
297971,5050
38759,5051
109772,5052
162717,5053
117092,5054
45900,5055
44587,5056
195809,5057
354235,5058
182188,5059
24872,5060
1034165,5061
342332,5062
36945,5063
1495416,5064
211295,5065
1209869,5066
111098,5067
26638,5068
265992,5069
85848,5070
115708,5071
88200,5072
930531,5073
199937,5074
35196,5075
241207,5076
31656,5077
251417,5078
68156,5079
228889,5080
54759,5081
35809,5082
341001,5083
9157,5084
138597,5085
86343,5086
230724,5087
342440,5088
74836,5089
94656,5090
636591,5091
32024,5092
846552,5093
771417,5094
209909,5095
42201,5096
39850,5097
180021,5098
652347,5099
14770,5100
63457,5101
478698,5102
33077,5103
35533,5104
512345,5105
46023,5106
281830,5107
48842,5108
123755,5109
374753,5110
342002,5111
12551,5112
26042,5113
227427,5114
566725,5115
425967,5116
55660,5117
226252,5118
22191,5119
270135,5120
145051,5121
220690,5122
12424,5123
10195,5124
15025,5125
138548,5126
336587,5127
88351,5128
303034,5129
25059,5130
316719,5131
118573,5132
215379,5133
138037,5134
14760,5135
73521,5136
221527,5137
68754,5138
260236,5139
96950,5140
150410,5141
147859,5142
170815,5143
564916,5144
57261,5145
14728,5146
107703,5147
125610,5148
814934,5149
17797,5150
1224595,5151
161353,5152
15034,5153
355662,5154
310011,5155
229415,5156
34882,5157
535296,5158
157154,5159
319032,5160
58287,5161
355356,5162
78601,5163
88665,5164
214602,5165
310270,5166
178397,5167
50847,5168
180246,5169
310796,5170
113116,5171
136549,5172
209798,5173
211258,5174
304014,5175
556196,5176
233767,5177
16699,5178
171463,5179
133064,5180
709734,5181
99640,5182
359998,5183
360174,5184
219991,5185
369443,5186
162122,5187
185816,5188
422515,5189
83508,5190
294999,5191
89992,5192
138984,5193
21038,5194
10373,5195
738030,5196
284280,5197
63787,5198
242945,5199
161530,5200
61928,5201
19794,5202
41067,5203
43680,5204
26709,5205
1099513,5206
433345,5207
27375,5208
323811,5209
106174,5210
4650155,5211
54644,5212
119675,5213
116367,5214
376232,5215
179297,5216
284050,5217
542778,5218
30260,5219
339929,5220
44620,5221
129941,5222
344201,5223
313534,5224
35463,5225
133506,5226
19838,5227
854669,5228
314609,5229
439016,5230
122617,5231
31521,5232
16468,5233
30771,5234
743851,5235
444142,5236
58277,5237
730171,5238
180366,5239
31433,5240
167508,5241
126412,5242
287421,5243
81272,5244
340326,5245
363871,5246
129750,5247
54751,5248
28498,5249
21306,5250
137907,5251
21151,5252
735832,5253
33158,5254
38058,5255
773120,5256
55186,5257
78607,5258
40995,5259
90795,5260
785977,5261
1284703,5262
106741,5263
166663,5264
27961,5265
33198,5266
80962,5267
114462,5268
120899,5269
832651,5270
771475,5271
41041,5272
777276,5273
1018826,5274
210087,5275
275015,5276
370992,5277
9162,5278
203290,5279
41621,5280
160893,5281
180405,5282
70819,5283
897075,5284
1060459,5285
518824,5286
129332,5287
132997,5288
85196,5289
532937,5290
238540,5291
128984,5292
123744,5293
373005,5294
325271,5295
135351,5296
14791,5297
202138,5298
37333,5299
74871,5300
927973,5301
236945,5302
29236,5303
321787,5304
33660,5305
129061,5306
206177,5307
255781,5308
270537,5309
33123,5310
197895,5311
57536,5312
102529,5313
40163,5314
44439,5315
107265,5316
74148,5317
74020,5318
259992,5319
40042,5320
977314,5321
292205,5322
61913,5323
323375,5324
30898,5325
35993,5326
77366,5327
603936,5328
164857,5329
216121,5330
255847,5331
590645,5332
125844,5333
827784,5334
33462,5335
22788,5336
488174,5337
13972,5338
2500795,5339
434954,5340
16202,5341
32660,5342
82197,5343
9781,5344
86592,5345
383994,5346
225213,5347
235804,5348
58028,5349
369349,5350
88754,5351
1102156,5352
66955,5353
36862,5354
46594,5355
33133,5356
111317,5357
34653,5358
1114706,5359
52934,5360
21581,5361
85091,5362
1024301,5363
407420,5364
99788,5365
760395,5366
16016,5367
31817,5368
178966,5369
90687,5370
39015,5371
317137,5372
1918892,5373
131555,5374
319728,5375
33453,5376
200580,5377
743604,5378
39110,5379
24158,5380
238488,5381
319022,5382
490086,5383
44610,5384
383152,5385
468931,5386
120993,5387
1034905,5388
1061234,5389
250044,5390
16153,5391
116967,5392
127406,5393
94809,5394
117260,5395
731935,5396
74255,5397
361677,5398
32380,5399
104350,5400
9130,5401
176236,5402
247427,5403
131296,5404
321511,5405
65892,5406
20127,5407
129658,5408
420835,5409
500468,5410
329204,5411
28466,5412
89836,5413
88518,5414
36352,5415
68737,5416
53589,5417
41522,5418
161585,5419
14557,5420
74373,5421
114507,5422
49083,5423
68327,5424
31455,5425
603318,5426
309579,5427
806985,5428
262936,5429
120747,5430
253798,5431
595004,5432
21725,5433
37037,5434
463390,5435
151309,5436
369734,5437
23021,5438
28291,5439
129834,5440
316255,5441
42755,5442
61254,5443
40954,5444
33739,5445
578370,5446
170835,5447
529246,5448
305379,5449
443209,5450
20147,5451
74009,5452
939655,5453
206980,5454
1388452,5455
749297,5456
63418,5457
11097,5458
22397,5459
233331,5460
44577,5461
10747,5462
44709,5463
595713,5464
22644,5465
34089,5466
931104,5467
42103,5468
12546,5469
1045733,5470
49555,5471
126049,5472
1519787,5473
153561,5474
22463,5475
33211,5476
728713,5477
331805,5478
40171,5479
62094,5480
74874,5481
9133,5482
237914,5483
148180,5484
1174575,5485
24212,5486
361335,5487
238193,5488
360076,5489
11040,5490
43543,5491
9855,5492
123697,5493
55605,5494
331338,5495
26184,5496
23068,5497
25172,5498
1389519,5499
285031,5500
184534,5501
61491,5502
22790,5503
61768,5504
48239,5505
64535,5506
82620,5507
284838,5508
167394,5509
135336,5510
1354092,5511
20025,5512
19514,5513
139924,5514
61574,5515
345217,5516
24099,5517
75645,5518
86761,5519
59279,5520
349023,5521
48815,5522
10673,5523
292590,5524
721493,5525
42971,5526
293048,5527
43313,5528
60727,5529
86379,5530
42156,5531
168716,5532
88663,5533
9946,5534
11096,5535
25192,5536
306688,5537
37563,5538
33185,5539
1183748,5540
376575,5541
330254,5542
1204555,5543
132085,5544
66792,5545
43347,5546
457605,5547
89353,5548
211510,5549
59298,5550
244149,5551
37319,5552
41040,5553
33122,5554
97058,5555
244030,5556
242763,5557
38767,5558
9150,5559
170833,5560
20219,5561
80534,5562
142426,5563
55750,5564
63415,5565
227311,5566
15280,5567
190442,5568
51704,5569
90638,5570
165178,5571
220283,5572
118860,5573
749630,5574
42009,5575
157370,5576
53328,5577
42746,5578
266559,5579
421644,5580
17475,5581
17153,5582
33030,5583
33472,5584
44396,5585
38707,5586
41023,5587
305177,5588
210128,5589
72515,5590
159375,5591
86499,5592
687638,5593
726019,5594
152657,5595
22487,5596
298129,5597
11490,5598
574372,5599
252214,5600
497854,5601
604254,5602
39401,5603
1055315,5604
726231,5605
53821,5606
22264,5607
276078,5608
30584,5609
73900,5610
120887,5611
244424,5612
209280,5613
9668,5614
780939,5615
25856,5616
1214865,5617
39604,5618
12282,5619
1455382,5620
213727,5621
9071,5622
71925,5623
279716,5624
109172,5625
55021,5626
12954,5627
143792,5628
57126,5629
215840,5630
138856,5631
29054,5632
27677,5633
28848,5634
321340,5635
184520,5636
14045,5637
39361,5638
469753,5639
61750,5640
49332,5641
388048,5642
59688,5643
366569,5644
24385,5645
138706,5646
96302,5647
38786,5648
16770,5649
491357,5650
19469,5651
1167426,5652
337237,5653
507502,5654
117236,5655
28728,5656
72596,5657
20568,5658
78602,5659
28516,5660
1066388,5661
900742,5662
29218,5663
70532,5664
313820,5665
9631,5666
143839,5667
318582,5668
176046,5669
57243,5670
83517,5671
422113,5672
53585,5673
33722,5674
77110,5675
681260,5676
11101,5677
808315,5678
25817,5679
102297,5680
153900,5681
316623,5682
310792,5683
33223,5684
9783,5685
502125,5686
1529016,5687
306435,5688
335621,5689
123625,5690
45770,5691
114605,5692
40944,5693
2893864,5694
85330,5695
52720,5696
102685,5697
567080,5698
31811,5699
16696,5700
795501,5701
287685,5702
704039,5703
15445,5704
71432,5705
1984809,5706
121759,5707
566721,5708
33014,5709
299704,5710
12694,5711
17063,5712
649868,5713
52724,5714
43258,5715
363674,5716
74325,5717
153344,5718
129932,5719
289363,5720
33985,5721
1020997,5722
298889,5723
120998,5724
2782269,5725
157360,5726
2286591,5727
24900,5728
44697,5729
26286,5730
390008,5731
131596,5732
824355,5733
1030186,5734
1437084,5735
354271,5736
33255,5737
10330,5738
89532,5739
12439,5740
265549,5741
21992,5742
337470,5743
109722,5744
319683,5745
269884,5746
54636,5747
94811,5748
32870,5749
184546,5750
363776,5751
90682,5752
21214,5753
45748,5754
147570,5755
9583,5756
349192,5757
41666,5758
119821,5759
25748,5760
23589,5761
247848,5762
54810,5763
457174,5764
27724,5765
154892,5766
57939,5767
170001,5768
1102165,5769
591775,5770
123493,5771
243592,5772
112086,5773
187061,5774
61915,5775
74277,5776
90545,5777
710951,5778
16887,5779
22227,5780
203627,5781
280877,5782
1934845,5783
1156597,5784
270253,5785
83598,5786
14709,5787
183750,5788
144846,5789
277918,5790
31813,5791
50431,5792
139921,5793
331014,5794
510889,5795
22603,5796
119973,5797
176472,5798
388669,5799
111877,5800
78281,5801
20908,5802
107353,5803
34503,5804
142970,5805
24946,5806
201706,5807
143477,5808
81004,5809
226273,5810
1047860,5811
226907,5812
303940,5813
1078216,5814
49350,5815
16211,5816
113373,5817
188698,5818
428109,5819
421026,5820
54678,5821
52793,5822
733198,5823
38848,5824
203456,5825
72773,5826
166724,5827
81046,5828
62560,5829
154049,5830
994558,5831
883413,5832
325504,5833
3782344,5834
353811,5835
29854,5836
45898,5837
46063,5838
266668,5839
261687,5840
866049,5841
63259,5842
286701,5843
182836,5844
25201,5845
1131672,5846
355305,5847
49811,5848
10024,5849
31544,5850
220814,5851
51764,5852
30778,5853
242587,5854
16976,5855
40788,5856
24879,5857
366411,5858
61557,5859
68676,5860
129920,5861
41073,5862
171872,5863
166441,5864
160237,5865
13890,5866
49382,5867
184181,5868
58308,5869
1205729,5870
91268,5871
73018,5872
35990,5873
18620,5874
578870,5875
107557,5876
19110,5877
57205,5878
40142,5879
22356,5880
300425,5881
111905,5882
112084,5883
10171,5884
19480,5885
22385,5886
27902,5887
157947,5888
422653,5889
693413,5890
144843,5891
313865,5892
26358,5893
200855,5894
201044,5895
28569,5896
9579,5897
848130,5898
599963,5899
87901,5900
135795,5901
261549,5902
24747,5903
933578,5904
27585,5905
105176,5906
341046,5907
43003,5908
9174,5909
139125,5910
216187,5911
58472,5912
270765,5913
196098,5914
667770,5915
26257,5916
125669,5917
41710,5918
152928,5919
66829,5920
669161,5921
51517,5922
104152,5923
642256,5924
19086,5925
372406,5926
240161,5927
36133,5928
142790,5929
1429153,5930
773507,5931
41649,5932
98523,5933
985696,5934
25818,5935
69805,5936
114202,5937
83786,5938
61251,5939
53491,5940
1187644,5941
330167,5942
28345,5943
390603,5944
936352,5945
98648,5946
21262,5947
407399,5948
21150,5949
1166186,5950
33768,5951
83792,5952
247531,5953
73853,5954
188598,5955
38738,5956
213924,5957
88737,5958
802388,5959
54814,5960
206434,5961
241227,5962
16108,5963
106417,5964
26031,5965
114130,5966
732237,5967
33991,5968
173907,5969
251329,5970
281953,5971
235673,5972
1468420,5973
11066,5974
120340,5975
773515,5976
62733,5977
413695,5978
433900,5979
37735,5980
556860,5981
175996,5982
215734,5983
30920,5984
244599,5985
99367,5986
315640,5987
192349,5988
254691,5989
787207,5990
1087966,5991
203387,5992
18590,5993
226229,5994
109299,5995
81149,5996
137529,5997
17159,5998
255057,5999
317006,6000
31575,6001
103468,6002
113558,6003
213715,6004
300290,6005
132418,6006
75711,6007
70487,6008
301787,6009
125848,6010
114470,6011
49309,6012
72582,6013
458587,6014
340872,6015
10383,6016
42976,6017
184425,6018
765647,6019
22859,6020
91808,6021
367003,6022
131924,6023
27183,6024
238758,6025
25401,6026
1485823,6027
9125,6028
50867,6029
46959,6030
346585,6031
10341,6032
1039345,6033
59883,6034
227182,6035
117258,6036
148017,6037
1399266,6038
98508,6039
180644,6040
40606,6041
22095,6042
1934734,6043
1157501,6044
731550,6045
89685,6046
22787,6047
192242,6048
139886,6049
53185,6050
543707,6051
32057,6052
50153,6053
116053,6054
68075,6055
1519970,6056
78632,6057
339542,6058
123542,6059
267690,6060
203666,6061
839537,6062
49423,6063
24499,6064
184658,6065
560248,6066
265958,6067
9141,6068
9152,6069
1398764,6070
160038,6071
120272,6072
61108,6073
62816,6074
27815,6075
43631,6076
346677,6077
1696268,6078
23506,6079
147591,6080
463687,6081
383531,6082
826177,6083
39067,6084
63649,6085
215316,6086
614000,6087
64119,6088
43718,6089
123492,6090
125576,6091
403991,6092
114015,6093
178481,6094
367509,6095
99667,6096
646647,6097
836798,6098
62752,6099
43209,6100
113435,6101
230377,6102
366751,6103
422414,6104
178164,6105
1387697,6106
157854,6107
25214,6108
29718,6109
242420,6110
23508,6111
145194,6112
428471,6113
273486,6114
1143342,6115
35669,6116
238778,6117
63176,6118
40394,6119
334810,6120
230547,6121
505555,6122
75951,6123
225670,6124
375452,6125
578351,6126
85070,6127
733336,6128
64553,6129
10578,6130
57653,6131
45897,6132
58974,6133
72288,6134
28557,6135
37083,6136
816868,6137
203431,6138
36743,6139
182685,6140
39148,6141
584786,6142
43600,6143
331953,6144
440047,6145
334426,6146
575468,6147
477823,6148
892781,6149
309333,6150
46837,6151
187702,6152
19477,6153
591172,6154
21561,6155
33226,6156
600651,6157
29104,6158
28508,6159
499532,6160
980376,6161
96374,6162
23811,6163
107584,6164
578743,6165
45632,6166
236396,6167
151045,6168
67234,6169
530167,6170
267700,6171
104542,6172
20813,6173
321017,6174
41054,6175
336488,6176
68442,6177
31657,6178
19476,6179
160439,6180
715634,6181
34695,6182
1111915,6183
10594,6184
286069,6185
22706,6186
14608,6187
441879,6188
269839,6189
178920,6190
727973,6191
321432,6192
732894,6193
27603,6194
73758,6195
197846,6196
51923,6197
61052,6198
281521,6199
64636,6200
242896,6201
32815,6202
39147,6203
69904,6204
24918,6205
11863,6206
131242,6207
556847,6208
9542,6209
39133,6210
629873,6211
549588,6212
772055,6213
115610,6214
224629,6215
409104,6216
237853,6217
49100,6218
370786,6219
119992,6220
904714,6221
35773,6222
38112,6223
20136,6224
119497,6225
214144,6226
64162,6227
26687,6228
419130,6229
147975,6230
44888,6231
37509,6232
22489,6233
422580,6234
23294,6235
1578925,6236
19608,6237
1319838,6238
70034,6239
196859,6240
164426,6241
11119,6242
48211,6243
54263,6244
83048,6245
42981,6246
86519,6247
147561,6248
54978,6249
54633,6250
47162,6251
9619,6252
113518,6253
64567,6254
361188,6255
123487,6256
633032,6257
21201,6258
180273,6259
64669,6260
233017,6261
345172,6262
23426,6263
52966,6264
491198,6265
349615,6266
63663,6267
40678,6268
43445,6269
38888,6270
301953,6271
314641,6272
22791,6273
99666,6274
4221265,6275
380668,6276
667095,6277
166570,6278
202082,6279
432215,6280
68701,6281
298788,6282
31129,6283
733973,6284
41617,6285
11524,6286
2433906,6287
1253772,6288
16947,6289
1519291,6290
260934,6291
293740,6292
156398,6293
40779,6294
162172,6295
61860,6296
18444,6297
174253,6298
78859,6299
44716,6300
33189,6301
74144,6302
846069,6303
382311,6304
647913,6305
109901,6306
336700,6307
14596,6308
162536,6309
692907,6310
59396,6311
529893,6312
285561,6313
326881,6314
763632,6315
83796,6316
53613,6317
33160,6318
129161,6319
677098,6320
903821,6321
17382,6322
240071,6323
38525,6324
25202,6325
231659,6326
284209,6327
273376,6328
287283,6329
336116,6330
192704,6331
47151,6332
39160,6333
233324,6334
66083,6335
27968,6336
206954,6337
306081,6338
195621,6339
91941,6340
24183,6341
39559,6342
1407485,6343
35637,6344
1048410,6345
28596,6346
378198,6347
30650,6348
135727,6349
398547,6350
1212150,6351
46953,6352
372734,6353
158085,6354
219113,6355
1210288,6356
302121,6357
61709,6358
63366,6359
90110,6360
15114,6361
13774,6362
72411,6363
129635,6364
202389,6365
76939,6366
916801,6367
1351066,6368
49957,6369
140423,6370
690236,6371
162149,6372
37771,6373
1525119,6374
23926,6375
263480,6376
136301,6377
57814,6378
179081,6379
11112,6380
174904,6381
9109,6382
45599,6383
99577,6384
162344,6385
21772,6386
2050358,6387
119736,6388
1356748,6389
1479101,6390
78587,6391
191100,6392
347777,6393
65483,6394
25344,6395
113597,6396
238675,6397
42165,6398
57821,6399
34614,6400
13151,6401
448725,6402
1024475,6403
310676,6404
65935,6405
26050,6406
21273,6407
77383,6408
92664,6409
54642,6410
21255,6411
28979,6412
10187,6413
267457,6414
1714455,6415
16865,6416
828085,6417
61886,6418
55797,6419
994196,6420
274287,6421
129331,6422
62871,6423
554811,6424
123752,6425
80287,6426
38709,6427
39875,6428
115896,6429
129934,6430
19386,6431
67250,6432
17313,6433
114387,6434
30005,6435
33169,6436
41642,6437
86444,6438
378360,6439
435404,6440
26064,6441
44779,6442
994695,6443
107398,6444
24813,6445
138935,6446
27398,6447
778769,6448
286977,6449
319377,6450
83235,6451
97705,6452
140170,6453
1140683,6454
25918,6455
191072,6456
38184,6457
223933,6458
3624403,6459
13370,6460
33215,6461
1181355,6462
363940,6463
81076,6464
72995,6465
42228,6466
147665,6467
16098,6468
1389734,6469
81317,6470
25865,6471
422532,6472
1321903,6473
75395,6474
167088,6475
124089,6476
287151,6477
27784,6478
304063,6479
758366,6480
314850,6481
275353,6482
466659,6483
243928,6484
750590,6485
679884,6486
1221889,6487
298140,6488
70354,6489
241916,6490
773246,6491
9623,6492
113646,6493
1242636,6494
63326,6495
78710,6496
69379,6497
47033,6498
261591,6499
68853,6500
300127,6501
43734,6502
101887,6503
150450,6504
732136,6505
52915,6506
986335,6507
45894,6508
68313,6509
1188239,6510
34678,6511
56761,6512
55761,6513
13902,6514
11486,6515
220270,6516
105063,6517
78736,6518
109842,6519
56356,6520
179000,6521
892876,6522
53610,6523
156702,6524
1242988,6525
696980,6526
1803378,6527
596553,6528
377439,6529
39170,6530
49249,6531
443999,6532
186650,6533
49491,6534
27313,6535
99208,6536
566244,6537
10391,6538
101802,6539
321637,6540
651624,6541
269867,6542
47799,6543
52451,6544
93608,6545
57833,6546
314418,6547
524468,6548
46465,6549
110601,6550
70823,6551
390350,6552
26820,6553
22220,6554
44108,6555
40345,6556
106634,6557
387735,6558
64600,6559
123481,6560
55131,6561
281218,6562
72910,6563
243036,6564
162033,6565
1034693,6566
176532,6567
49950,6568
451464,6569
113651,6570
12925,6571
18523,6572
64694,6573
170664,6574
53138,6575
50595,6576
281329,6577
1248884,6578
337625,6579
75317,6580
38899,6581
170323,6582
294251,6583
46746,6584
326434,6585
342030,6586
50500,6587
380794,6588
275716,6589
275334,6590
57276,6591
179308,6592
15742,6593
88355,6594
21197,6595
536800,6596
539596,6597
60398,6598
706068,6599
297597,6600
25158,6601
733476,6602
23444,6603
1021049,6604
336519,6605
162490,6606
10543,6607
37336,6608
68832,6609
35173,6610
44442,6611
1104831,6612
487835,6613
200329,6614
162587,6615
195274,6616
916627,6617
258141,6618
79921,6619
97877,6620
79803,6621
62860,6622
36076,6623
538933,6624
158142,6625
30302,6626
86708,6627
144416,6628
227384,6629
48592,6630
2001125,6631
879638,6632
95438,6633
446032,6634
35073,6635
239362,6636
133255,6637
58489,6638
182198,6639
714558,6640
153630,6641
15268,6642
188816,6643
354582,6644
49478,6645
166818,6646
41823,6647
90602,6648
34840,6649
17970,6650
768009,6651
259705,6652
17688,6653
48344,6654
44884,6655
50805,6656
287900,6657
43014,6658
572664,6659
269932,6660
123718,6661
43085,6662
157095,6663
17003,6664
1075396,6665
1567172,6666
179558,6667
38754,6668
105065,6669
107510,6670
296061,6671
656013,6672
41612,6673
147974,6674
262486,6675
58466,6676
750232,6677
2501613,6678
369373,6679
24390,6680
238927,6681
44705,6682
139150,6683
22093,6684
9176,6685
28374,6686
94767,6687
566659,6688
298339,6689
215526,6690
493042,6691
184330,6692
77367,6693
21217,6694
266028,6695
486672,6696
701515,6697
166714,6698
61365,6699
90605,6700
170532,6701
25258,6702
120773,6703
825624,6704
1046372,6705
1266586,6706
63253,6707
1587657,6708
1444118,6709
547423,6710
254160,6711
43567,6712
1025624,6713
94630,6714
150714,6715
578161,6716
59997,6717
123754,6718
811829,6719
66036,6720
154839,6721
137887,6722
561759,6723
1084831,6724
162011,6725
1136768,6726
85260,6727
70811,6728
195232,6729
116625,6730
67594,6731
309788,6732
48699,6733
47786,6734
23775,6735
238943,6736
33144,6737
88693,6738
78078,6739
247861,6740
270683,6741
13412,6742
22600,6743
166197,6744
167630,6745
122514,6746
49421,6747
367018,6748
60677,6749
64921,6750
741269,6751
315981,6752
11109,6753
219954,6754
27658,6755
269634,6756
443494,6757
36919,6758
23993,6759
845382,6760
1303435,6761
75843,6762
40775,6763
17696,6764
201426,6765
163727,6766
243234,6767
785194,6768
188216,6769
180523,6770
247388,6771
325135,6772
387107,6773
443747,6774
293635,6775
31376,6776
51806,6777
777443,6778
44744,6779
1219753,6780
330500,6781
464431,6782
22145,6783
48114,6784
10767,6785
39993,6786
492800,6787
147048,6788
182732,6789
1056550,6790
16375,6791
505213,6792
10361,6793
117187,6794
34867,6795
38186,6796
17214,6797
603739,6798
39900,6799
215250,6800
116188,6801
382231,6802
249999,6803
42095,6804
24418,6805
447691,6806
302451,6807
616621,6808
132197,6809
31518,6810
11062,6811
682730,6812
22271,6813
21196,6814
520113,6815
801590,6816
30715,6817
524885,6818
241905,6819
77346,6820
10139,6821
1171476,6822
83290,6823
267530,6824
158406,6825
27044,6826
31868,6827
92632,6828
40178,6829
80455,6830
87950,6831
404690,6832
40963,6833
907184,6834
108380,6835
264954,6836
51835,6837
14710,6838
41618,6839
99655,6840
72526,6841
166667,6842
30768,6843
93792,6844
80267,6845
310632,6846
75499,6847
10194,6848
43733,6849
178095,6850
25402,6851
58482,6852
32858,6853
220944,6854
522053,6855
55495,6856
17209,6857
448996,6858
74410,6859
37322,6860
1185883,6861
305663,6862
1432135,6863
37842,6864
9519,6865
65487,6866
57645,6867
61373,6868
21335,6869
856150,6870
112054,6871
287779,6872
40638,6873
72936,6874
48126,6875
51687,6876
283107,6877
46658,6878
808714,6879
40659,6880
9134,6881
64143,6882
112705,6883
52373,6884
85980,6885
35562,6886
442630,6887
206420,6888
154442,6889
136161,6890
226738,6891
60840,6892
188515,6893
2303938,6894
105258,6895
49210,6896
1030994,6897
101813,6898
182051,6899
384030,6900
30023,6901
32777,6902
33631,6903
29928,6904
114163,6905
24858,6906
26426,6907
25648,6908
207563,6909
845794,6910
320272,6911
651965,6912
