Original_Uid,Mapped_Uid
70707,1
114479,2
16473,3
3425,4
79484,5
46644,6
5743,7
83447,8
71184,9
39700,10
9202,11
73430,12
44912,13
41823,14
40141,15
84186,16
53446,17
118444,18
12592,19
12720,20
137396,21
72312,22
171412,23
123796,24
71177,25
109945,26
113693,27
4366,28
29418,29
19048,30
43786,31
24597,32
85722,33
117761,34
44674,35
4903,36
4221,37
2505,38
4923,39
12236,40
522,41
39447,42
172155,43
11060,44
82014,45
5088,46
84339,47
132717,48
31744,49
150061,50
28974,51
29480,52
28488,53
10463,54
1358,55
26856,56
38339,57
159232,58
125240,59
3277,60
32144,61
157435,62
22886,63
116165,64
11936,65
20658,66
39370,67
38340,68
4824,69
10772,70
38217,71
126176,72
2467,73
131743,74
53503,75
4111,76
75563,77
10328,78
16219,79
3449,80
109723,81
3970,82
477,83
10410,84
5829,85
124680,86
3413,87
126896,88
183654,89
4926,90
4399,91
141622,92
124511,93
31776,94
35742,95
105130,96
29478,97
6062,98
19566,99
48117,100
114126,101
21583,102
122330,103
2363,104
123684,105
33007,106
26893,107
7565,108
31773,109
3543,110
34830,111
115176,112
33535,113
54366,114
68131,115
602,116
97122,117
92683,118
7458,119
7371,120
4226,121
2842,122
1511,123
157,124
25487,125
5109,126
36018,127
5575,128
44885,129
33569,130
43780,131
399,132
2305,133
36520,134
1128,135
81184,136
6205,137
3542,138
63939,139
70835,140
66074,141
5097,142
108463,143
49274,144
34061,145
4693,146
38213,147
2300,148
113956,149
413,150
10431,151
114431,152
119902,153
44720,154
33006,155
128564,156
26193,157
5802,158
105455,159
4905,160
18339,161
137757,162
19542,163
5596,164
21586,165
10412,166
24677,167
6930,168
157210,169
7278,170
11535,171
38347,172
26348,173
11019,174
75272,175
17465,176
8418,177
105458,178
4860,179
76790,180
12879,181
326,182
2311,183
166687,184
137640,185
52478,186
27285,187
158783,188
72842,189
86,190
11084,191
32400,192
1689,193
39384,194
56292,195
35160,196
33712,197
118740,198
2125,199
38320,200
168105,201
52271,202
3539,203
125160,204
70730,205
3155,206
25188,207
31804,208
2,209
668,210
1891,211
43105,212
109587,213
27895,214
54358,215
27484,216
38259,217
34212,218
11410,219
4669,220
86017,221
26890,222
33303,223
5023,224
102397,225
38354,226
680,227
100035,228
10816,229
2935,230
1108,231
145720,232
80018,233
58925,234
3529,235
66923,236
3355,237
92737,238
71444,239
71319,240
49400,241
68803,242
10511,243
3129,244
5901,245
435,246
3438,247
24624,248
32090,249
3439,250
5244,251
3002,252
144748,253
62050,254
29217,255
44017,256
25781,257
42790,258
5640,259
114245,260
64765,261
57837,262
6619,263
48122,264
2980,265
446,266
119448,267
4884,268
34821,269
3579,270
472,271
55914,272
188847,273
64186,274
35387,275
155319,276
158267,277
2884,278
57756,279
28737,280
3661,281
21983,282
56996,283
8555,284
68785,285
27319,286
844,287
41498,288
10490,289
29790,290
4580,291
8492,292
10459,293
11439,294
32329,295
4244,296
66419,297
10508,298
173874,299
231,300
7467,301
34306,302
18131,303
15025,304
33503,305
8445,306
41250,307
17694,308
4125,309
18505,310
15024,311
3768,312
124426,313
8266,314
120259,315
120711,316
57948,317
71977,318
47635,319
34042,320
10831,321
1785,322
43935,323
22836,324
134805,325
32900,326
60832,327
9656,328
333,329
504,330
11027,331
599,332
39343,333
110858,334
2798,335
777,336
137388,337
10765,338
71162,339
2021,340
10359,341
52,342
3500,343
2582,344
114485,345
416,346
2298,347
37661,348
136111,349
7406,350
7756,351
3242,352
22954,353
32291,354
17354,355
4466,356
129928,357
97714,358
15372,359
5328,360
5504,361
113766,362
49562,363
6533,364
149307,365
5353,366
74218,367
119904,368
33856,369
69894,370
3221,371
38236,372
6536,373
57407,374
99636,375
5831,376
154690,377
88418,378
6872,379
9303,380
73034,381
324,382
50609,383
36519,384
119045,385
7557,386
8606,387
33915,388
66614,389
1801,390
10335,391
204,392
6348,393
3817,394
51500,395
17881,396
506,397
4892,398
16112,399
8670,400
159115,401
77,402
88443,403
90920,404
85181,405
5526,406
85468,407
32190,408
89079,409
168491,410
27658,411
31191,412
5965,413
15281,414
6183,415
113055,416
159500,417
900,418
2982,419
22059,420
11702,421
123971,422
30441,423
25180,424
67807,425
74349,426
17765,427
42926,428
4302,429
101,430
24682,431
7297,432
4250,433
122160,434
4893,435
4340,436
29115,437
1120,438
10782,439
19510,440
7921,441
331,442
10990,443
18421,444
34825,445
47499,446
18,447
69505,448
661,449
559,450
14814,451
5788,452
37856,453
35660,454
32479,455
3697,456
191,457
476,458
23059,459
3769,460
53359,461
6568,462
3545,463
669,464
18569,465
5048,466
143001,467
6378,468
39034,469
2389,470
126579,471
118785,472
28858,473
67782,474
69774,475
32514,476
696,477
16531,478
189040,479
109887,480
33313,481
34170,482
1740,483
5103,484
33414,485
31766,486
81913,487
103,488
73872,489
109221,490
3233,491
65171,492
10308,493
33877,494
125118,495
94143,496
426,497
2046,498
174265,499
65508,500
2481,501
30588,502
11037,503
190,504
29671,505
118226,506
39371,507
81971,508
76319,509
30075,510
27316,511
447,512
2779,513
43819,514
31385,515
38286,516
22921,517
742,518
69996,519
11107,520
32474,521
4047,522
5808,523
126694,524
163193,525
1146,526
60502,527
120286,528
71239,529
118071,530
5447,531
123606,532
1900,533
10089,534
19122,535
92152,536
7864,537
42565,538
74611,539
142472,540
102689,541
11233,542
26047,543
15,544
5315,545
3463,546
9062,547
5332,548
63445,549
103995,550
5566,551
59178,552
26245,553
130210,554
127957,555
28056,556
4318,557
946,558
10326,559
22896,560
42699,561
116442,562
16277,563
132469,564
165571,565
39530,566
28448,567
4645,568
11612,569
51774,570
73598,571
28450,572
134446,573
11119,574
30187,575
157511,576
38342,577
11282,578
64666,579
14802,580
1005,581
24107,582
15543,583
76177,584
94240,585
25402,586
32403,587
31377,588
118533,589
74501,590
124664,591
28406,592
5581,593
39502,594
32746,595
81432,596
78792,597
82479,598
4874,599
7294,600
39496,601
3642,602
29185,603
153789,604
153297,605
46335,606
47614,607
24105,608
60821,609
32662,610
34337,611
2135,612
120342,613
3063,614
71225,615
63,616
15614,617
4335,618
11042,619
1440,620
70291,621
2408,622
33721,623
74580,624
5895,625
1586,626
92748,627
219,628
3145,629
189644,630
77385,631
2960,632
38228,633
40485,634
6301,635
3518,636
69223,637
69326,638
694,639
69858,640
33591,641
34393,642
1464,643
7995,644
185,645
1755,646
136385,647
63529,648
74645,649
47496,650
20061,651
126983,652
29458,653
108224,654
9554,655
43697,656
33250,657
81938,658
124332,659
9211,660
27639,661
113558,662
7429,663
70393,664
1754,665
155059,666
7104,667
8827,668
151361,669
26990,670
19809,671
18481,672
38947,673
63591,674
25343,675
90808,676
113628,677
4798,678
26226,679
3715,680
434,681
19082,682
6547,683
515,684
67657,685
155894,686
33358,687
31363,688
132716,689
31445,690
125803,691
507,692
27926,693
60781,694
16851,695
360,696
53455,697
86622,698
58127,699
59847,700
128614,701
295,702
20461,703
92214,704
74616,705
1444,706
26764,707
68309,708
49836,709
39498,710
2790,711
101708,712
32128,713
158998,714
78080,715
4639,716
118155,717
168866,718
128224,719
47683,720
161260,721
159175,722
8207,723
158702,724
67812,725
37151,726
6031,727
86630,728
59122,729
85756,730
29294,731
18426,732
110717,733
81473,734
41203,735
2198,736
100876,737
5847,738
20095,739
4560,740
2661,741
440,742
16542,743
73596,744
5072,745
12796,746
126539,747
49343,748
4840,749
32575,750
143057,751
41533,752
125853,753
439,754
39041,755
18908,756
8582,757
118154,758
6577,759
6308,760
32315,761
148347,762
6323,763
70292,764
7173,765
102017,766
4137,767
111747,768
121229,769
157331,770
5860,771
2090,772
8823,773
116054,774
75277,775
7161,776
115410,777
38437,778
22946,779
4251,780
3833,781
22582,782
79043,783
32576,784
26832,785
47387,786
7956,787
10461,788
100875,789
124354,790
1028,791
125345,792
66157,793
2479,794
19157,795
44916,796
10311,797
1557,798
82678,799
166685,800
184,801
138111,802
73388,803
152723,804
3358,805
119,806
105866,807
74475,808
8588,809
71161,810
34346,811
39493,812
653,813
102536,814
5839,815
33434,816
39814,817
73536,818
23091,819
372,820
5996,821
5548,822
163249,823
8554,824
113596,825
38996,826
22312,827
33410,828
1454,829
44663,830
8571,831
1453,832
163115,833
6507,834
8246,835
2073,836
123666,837
34013,838
59,839
16787,840
7231,841
113660,842
113958,843
17024,844
34480,845
127958,846
153417,847
312,848
22882,849
61972,850
9159,851
75692,852
25,853
1582,854
5496,855
3679,856
27173,857
34124,858
9083,859
4259,860
31772,861
10426,862
22782,863
9339,864
4161,865
73093,866
3602,867
9215,868
11160,869
1051,870
28261,871
93197,872
14406,873
73028,874
61641,875
125304,876
28765,877
31323,878
140,879
652,880
5468,881
13007,882
6767,883
14457,884
2527,885
83871,886
4235,887
55399,888
178080,889
52246,890
43725,891
1121,892
41399,893
6064,894
141,895
10768,896
29557,897
79494,898
3440,899
13456,900
167384,901
16717,902
1531,903
156891,904
156893,905
57787,906
221,907
1768,908
7971,909
49336,910
90802,911
9182,912
9977,913
2971,914
5611,915
47586,916
71473,917
117901,918
2184,919
160,920
101499,921
3106,922
71395,923
81,924
5509,925
85623,926
15486,927
81909,928
83187,929
47007,930
75753,931
10513,932
85,933
35988,934
4914,935
121453,936
176,937
82841,938
4743,939
60200,940
347,941
3167,942
39451,943
156673,944
71123,945
38229,946
11708,947
179306,948
24843,949
2900,950
16081,951
19652,952
127133,953
146208,954
72982,955
3574,956
19179,957
15479,958
6322,959
7473,960
3172,961
1860,962
113086,963
769,964
106205,965
26600,966
119855,967
7372,968
124685,969
126242,970
31326,971
118158,972
19445,973
11157,974
85560,975
4397,976
11366,977
6307,978
10109,979
6257,980
81185,981
4806,982
48136,983
1522,984
38006,985
125982,986
77966,987
83621,988
1423,989
77995,990
34207,991
4234,992
531,993
99638,994
27847,995
81702,996
18315,997
363,998
753,999
31400,1000
5530,1001
35725,1002
7806,1003
32951,1004
4260,1005
65963,1006
149831,1007
23231,1008
69466,1009
1789,1010
111278,1011
10432,1012
546,1013
3236,1014
1940,1015
6184,1016
65969,1017
23785,1018
10764,1019
33395,1020
154293,1021
24573,1022
78032,1023
4539,1024
73760,1025
11098,1026
39492,1027
4020,1028
165589,1029
131424,1030
1480,1031
118446,1032
4473,1033
10947,1034
1568,1035
58083,1036
7073,1037
7963,1038
376,1039
41804,1040
102535,1041
1302,1042
2263,1043
34380,1044
28379,1045
3103,1046
4257,1047
69954,1048
2167,1049
121681,1050
29405,1051
38315,1052
3353,1053
2818,1054
4343,1055
81925,1056
118882,1057
2515,1058
111277,1059
19886,1060
7472,1061
719,1062
22837,1063
3279,1064
3476,1065
143576,1066
18677,1067
141269,1068
4248,1069
22302,1070
10612,1071
80997,1072
6766,1073
156,1074
52201,1075
120510,1076
519,1077
3189,1078
43261,1079
19193,1080
22126,1081
88,1082
195570,1083
123478,1084
4319,1085
6566,1086
2514,1087
12301,1088
126520,1089
6623,1090
157163,1091
114410,1092
1116,1093
106718,1094
138140,1095
31767,1096
33023,1097
2957,1098
4775,1099
26427,1100
10451,1101
120430,1102
11896,1103
106,1104
8632,1105
19709,1106
157758,1107
24119,1108
1999,1109
105339,1110
7606,1111
40055,1112
2070,1113
4379,1114
4118,1115
3520,1116
18584,1117
24175,1118
32435,1119
57766,1120
39717,1121
292,1122
2283,1123
11500,1124
30030,1125
17633,1126
22372,1127
33361,1128
104377,1129
5556,1130
11396,1131
26513,1132
29242,1133
25399,1134
6207,1135
70010,1136
2028,1137
80645,1138
10956,1139
30969,1140
37574,1141
25475,1142
4398,1143
22066,1144
54348,1145
60506,1146
6608,1147
20238,1148
829,1149
4936,1150
74022,1151
460,1152
68663,1153
10368,1154
8066,1155
4051,1156
111771,1157
43985,1158
43754,1159
370,1160
1304,1161
33777,1162
26743,1163
68627,1164
3165,1165
56317,1166
105456,1167
4617,1168
35747,1169
4368,1170
20166,1171
82172,1172
75311,1173
11025,1174
75086,1175
6594,1176
22363,1177
36569,1178
22057,1179
3821,1180
9341,1181
41499,1182
16441,1183
8583,1184
90459,1185
24517,1186
37131,1187
46897,1188
2277,1189
58239,1190
26941,1191
140635,1192
40112,1193
39676,1194
1026,1195
70389,1196
9340,1197
38337,1198
5544,1199
4523,1200
82835,1201
469,1202
1833,1203
9385,1204
1921,1205
14666,1206
16433,1207
28094,1208
16351,1209
26135,1210
7570,1211
161766,1212
21286,1213
31227,1214
11151,1215
11560,1216
106447,1217
2404,1218
27441,1219
633,1220
11999,1221
104,1222
141210,1223
165314,1224
49841,1225
5439,1226
3452,1227
1578,1228
56443,1229
149574,1230
8316,1231
678,1232
27391,1233
62904,1234
119453,1235
2004,1236
34878,1237
43401,1238
10624,1239
465,1240
73253,1241
34069,1242
6204,1243
1703,1244
143451,1245
51269,1246
38428,1247
48093,1248
4370,1249
40548,1250
33238,1251
5617,1252
4264,1253
72720,1254
4858,1255
11481,1256
510,1257
6389,1258
61373,1259
100183,1260
6182,1261
42849,1262
412,1263
10497,1264
9633,1265
128473,1266
28705,1267
124684,1268
33024,1269
1174,1270
1019,1271
75640,1272
3760,1273
15284,1274
6199,1275
51786,1276
4254,1277
18024,1278
90806,1279
11212,1280
36546,1281
24670,1282
122180,1283
3396,1284
73871,1285
3747,1286
86573,1287
134243,1288
11322,1289
10769,1290
4262,1291
102399,1292
64827,1293
129469,1294
33368,1295
62478,1296
106686,1297
2890,1298
124905,1299
94877,1300
6278,1301
6755,1302
5875,1303
112430,1304
14474,1305
503,1306
10678,1307
42796,1308
100414,1309
71996,1310
359,1311
27137,1312
695,1313
12341,1314
44899,1315
1827,1316
37797,1317
158132,1318
114403,1319
2536,1320
32785,1321
58725,1322
6356,1323
15116,1324
114480,1325
1345,1326
119394,1327
1784,1328
2926,1329
4489,1330
521,1331
4378,1332
254,1333
5280,1334
10711,1335
3669,1336
152720,1337
133156,1338
3019,1339
19372,1340
1598,1341
25569,1342
2744,1343
26356,1344
7542,1345
73700,1346
81443,1347
33067,1348
4242,1349
9275,1350
124514,1351
34301,1352
121998,1353
48123,1354
94734,1355
22412,1356
33681,1357
2745,1358
19202,1359
7938,1360
28034,1361
120906,1362
12877,1363
23430,1364
2171,1365
5348,1366
15086,1367
19507,1368
155940,1369
43811,1370
15569,1371
118874,1372
82494,1373
12815,1374
32901,1375
5224,1376
19242,1377
9179,1378
18993,1379
145548,1380
28282,1381
8159,1382
29987,1383
32332,1384
88505,1385
3371,1386
122671,1387
8922,1388
82831,1389
7638,1390
110661,1391
8964,1392
27845,1393
4791,1394
5717,1395
585,1396
73878,1397
2679,1398
3485,1399
26899,1400
5409,1401
5840,1402
73175,1403
129,1404
39728,1405
23148,1406
33039,1407
222,1408
33843,1409
28603,1410
33798,1411
7777,1412
8668,1413
39638,1414
135,1415
56488,1416
15236,1417
31912,1418
1897,1419
32180,1420
4027,1421
16442,1422
4811,1423
2196,1424
190206,1425
102676,1426
2755,1427
53512,1428
126034,1429
15568,1430
6534,1431
110348,1432
33821,1433
1274,1434
518,1435
573,1436
128467,1437
71134,1438
79077,1439
124789,1440
5603,1441
155886,1442
178577,1443
392,1444
130465,1445
7959,1446
36001,1447
36185,1448
7989,1449
116040,1450
84141,1451
8591,1452
4764,1453
110562,1454
30481,1455
50624,1456
119429,1457
10561,1458
35616,1459
11843,1460
1777,1461
18748,1462
10855,1463
3303,1464
10941,1465
15546,1466
8996,1467
2868,1468
4465,1469
2075,1470
25300,1471
4392,1472
75892,1473
153303,1474
4078,1475
4182,1476
31361,1477
141283,1478
4428,1479
159536,1480
5067,1481
115455,1482
67371,1483
49573,1484
20496,1485
8184,1486
106638,1487
4231,1488
132721,1489
110227,1490
686,1491
13808,1492
58794,1493
6313,1494
4752,1495
2081,1496
110715,1497
34339,1498
144514,1499
20231,1500
49546,1501
106406,1502
53218,1503
7099,1504
497,1505
2385,1506
26863,1507
28398,1508
6672,1509
118972,1510
43726,1511
41641,1512
29348,1513
77994,1514
6480,1515
124243,1516
5089,1517
4736,1518
127092,1519
4618,1520
2355,1521
5187,1522
58069,1523
28758,1524
10393,1525
26384,1526
155846,1527
240,1528
126335,1529
4919,1530
120534,1531
92,1532
143454,1533
108681,1534
2468,1535
6320,1536
5578,1537
6592,1538
52253,1539
76772,1540
7214,1541
66655,1542
45190,1543
49553,1544
36264,1545
119281,1546
1307,1547
33694,1548
3030,1549
5047,1550
28532,1551
24230,1552
20320,1553
18362,1554
6398,1555
48156,1556
1798,1557
31380,1558
70024,1559
73086,1560
75902,1561
5093,1562
128122,1563
1731,1564
22945,1565
118883,1566
425,1567
41751,1568
36307,1569
28568,1570
268,1571
4359,1572
31353,1573
143016,1574
44538,1575
11788,1576
125687,1577
42755,1578
24897,1579
54790,1580
44262,1581
141266,1582
2310,1583
75384,1584
51909,1585
30542,1586
538,1587
34919,1588
49842,1589
4781,1590
34701,1591
3121,1592
7950,1593
138,1594
16680,1595
6798,1596
76639,1597
3585,1598
120553,1599
4801,1600
29133,1601
32186,1602
161331,1603
9880,1604
5007,1605
124651,1606
66621,1607
6195,1608
70,1609
47253,1610
150073,1611
89197,1612
118873,1613
6553,1614
86281,1615
9874,1616
10644,1617
10455,1618
329,1619
100174,1620
4815,1621
49287,1622
125366,1623
4535,1624
127732,1625
84,1626
189803,1627
0,1628
280,1629
2489,1630
919,1631
60986,1632
32750,1633
9214,1634
2301,1635
1739,1636
33120,1637
13211,1638
11421,1639
19401,1640
95426,1641
24313,1642
98799,1643
6505,1644
74608,1645
37203,1646
4485,1647
10780,1648
10791,1649
17570,1650
3050,1651
8581,1652
8148,1653
49498,1654
8301,1655
34311,1656
44218,1657
147038,1658
32456,1659
120878,1660
1872,1661
111775,1662
73999,1663
38272,1664
4395,1665
4883,1666
23303,1667
35833,1668
725,1669
70640,1670
113798,1671
126188,1672
85772,1673
15076,1674
125538,1675
33177,1676
73137,1677
49272,1678
4383,1679
36726,1680
68664,1681
3213,1682
148343,1683
84840,1684
32448,1685
4741,1686
118255,1687
158888,1688
127119,1689
39337,1690
4634,1691
22365,1692
119674,1693
2324,1694
3336,1695
95034,1696
125038,1697
1420,1698
179321,1699
118880,1700
22927,1701
61444,1702
5500,1703
16828,1704
73881,1705
2761,1706
1953,1707
124065,1708
18390,1709
3531,1710
67466,1711
2102,1712
58688,1713
67667,1714
108847,1715
162234,1716
128520,1717
5745,1718
3890,1719
5736,1720
119503,1721
4848,1722
583,1723
6167,1724
32471,1725
123168,1726
33957,1727
69658,1728
62701,1729
11313,1730
3184,1731
10465,1732
71124,1733
31308,1734
189357,1735
39821,1736
3446,1737
119505,1738
62124,1739
13048,1740
4879,1741
184925,1742
29595,1743
69896,1744
29345,1745
38363,1746
6353,1747
22121,1748
56856,1749
29616,1750
35761,1751
62722,1752
118664,1753
108786,1754
19294,1755
30772,1756
178848,1757
111120,1758
24482,1759
494,1760
60124,1761
27125,1762
48109,1763
36044,1764
2828,1765
8029,1766
125449,1767
31901,1768
976,1769
36418,1770
118049,1771
8009,1772
107891,1773
65841,1774
114250,1775
5540,1776
38558,1777
52283,1778
11181,1779
73178,1780
89675,1781
36412,1782
23132,1783
11087,1784
127963,1785
44502,1786
88434,1787
5491,1788
3933,1789
593,1790
38281,1791
33189,1792
33334,1793
117655,1794
31360,1795
41818,1796
77997,1797
156945,1798
92002,1799
14737,1800
5550,1801
26260,1802
121779,1803
3536,1804
187246,1805
3538,1806
66456,1807
30157,1808
58094,1809
3295,1810
3708,1811
123306,1812
63936,1813
4385,1814
53,1815
152048,1816
11545,1817
176335,1818
3631,1819
2617,1820
6673,1821
83252,1822
138332,1823
4680,1824
2586,1825
41408,1826
11880,1827
126113,1828
2697,1829
2974,1830
74583,1831
35847,1832
74607,1833
82061,1834
2066,1835
2997,1836
31497,1837
67804,1838
2133,1839
53208,1840
138113,1841
898,1842
155588,1843
12473,1844
110566,1845
14742,1846
1651,1847
36103,1848
10251,1849
5292,1850
5237,1851
38073,1852
3126,1853
10458,1854
2549,1855
151517,1856
58924,1857
21975,1858
31324,1859
33853,1860
38219,1861
4253,1862
82949,1863
178801,1864
121997,1865
23777,1866
2410,1867
128227,1868
83722,1869
11351,1870
4821,1871
33764,1872
1498,1873
1014,1874
21985,1875
154093,1876
5000,1877
9221,1878
157437,1879
11882,1880
36966,1881
48860,1882
104389,1883
168459,1884
5456,1885
125984,1886
63707,1887
25094,1888
71998,1889
38277,1890
56326,1891
99634,1892
6544,1893
72057,1894
244,1895
10158,1896
752,1897
779,1898
5914,1899
8683,1900
44217,1901
119500,1902
4594,1903
117010,1904
1311,1905
64829,1906
22383,1907
133253,1908
1315,1909
56448,1910
4559,1911
48219,1912
2237,1913
157377,1914
3701,1915
42784,1916
4314,1917
1674,1918
41069,1919
125137,1920
157146,1921
914,1922
30587,1923
10467,1924
85721,1925
5843,1926
124688,1927
11168,1928
158,1929
32342,1930
190052,1931
658,1932
43298,1933
22876,1934
48887,1935
31331,1936
4779,1937
49840,1938
34228,1939
12200,1940
4855,1941
12867,1942
4453,1943
4320,1944
27369,1945
6425,1946
124,1947
43992,1948
2581,1949
459,1950
119430,1951
1176,1952
70824,1953
42623,1954
122357,1955
9235,1956
62773,1957
108645,1958
1470,1959
147759,1960
27617,1961
59781,1962
174,1963
25556,1964
124868,1965
2415,1966
32982,1967
8678,1968
577,1969
90838,1970
83420,1971
22413,1972
70802,1973
22850,1974
5498,1975
19298,1976
8593,1977
3087,1978
106488,1979
32427,1980
128,1981
119502,1982
14891,1983
8626,1984
2660,1985
41519,1986
63701,1987
1039,1988
130307,1989
2286,1990
5286,1991
89213,1992
11076,1993
39036,1994
67714,1995
4255,1996
4521,1997
2885,1998
96,1999
3394,2000
5533,2001
22948,2002
157216,2003
188129,2004
7275,2005
10468,2006
142060,2007
1022,2008
115421,2009
157584,2010
66645,2011
990,2012
4820,2013
22283,2014
31316,2015
118043,2016
16894,2017
159,2018
37873,2019
5871,2020
2280,2021
304,2022
81990,2023
8739,2024
832,2025
62753,2026
32634,2027
11370,2028
94804,2029
3674,2030
133240,2031
83728,2032
142470,2033
18871,2034
76463,2035
4420,2036
118644,2037
217,2038
7130,2039
78033,2040
2638,2041
5790,2042
39278,2043
65798,2044
62695,2045
8552,2046
62,2047
49018,2048
4476,2049
24301,2050
104776,2051
39367,2052
120692,2053
128697,2054
59421,2055
3128,2056
54362,2057
24334,2058
42087,2059
16662,2060
186384,2061
155589,2062
4888,2063
11577,2064
19541,2065
58241,2066
8598,2067
74559,2068
15538,2069
76660,2070
28809,2071
123743,2072
4256,2073
119490,2074
19455,2075
26777,2076
1997,2077
5567,2078
37622,2079
157350,2080
8430,2081
159367,2082
35231,2083
110807,2084
125329,2085
836,2086
114457,2087
6804,2088
32417,2089
24244,2090
34356,2091
39310,2092
114456,2093
62971,2094
598,2095
126962,2096
34033,2097
33730,2098
18859,2099
8015,2100
14896,2101
65001,2102
18953,2103
6179,2104
33998,2105
2357,2106
2244,2107
19437,2108
1429,2109
75200,2110
40094,2111
5395,2112
49350,2113
3330,2114
865,2115
38574,2116
65172,2117
4714,2118
27046,2119
120594,2120
5438,2121
28245,2122
4475,2123
32747,2124
12845,2125
9022,2126
487,2127
56455,2128
88622,2129
313,2130
7451,2131
145545,2132
106479,2133
1263,2134
5337,2135
31777,2136
10444,2137
118961,2138
4445,2139
73285,2140
19061,2141
125110,2142
51792,2143
22919,2144
34201,2145
159381,2146
3528,2147
27693,2148
12760,2149
35318,2150
133,2151
4088,2152
24073,2153
25565,2154
1521,2155
3934,2156
776,2157
44011,2158
118886,2159
8883,2160
48895,2161
60003,2162
7488,2163
5352,2164
23556,2165
48879,2166
201,2167
26076,2168
1484,2169
5563,2170
4362,2171
2350,2172
13471,2173
1113,2174
179251,2175
3074,2176
111,2177
26543,2178
113993,2179
17674,2180
38318,2181
13344,2182
1052,2183
56030,2184
72450,2185
284,2186
297,2187
5607,2188
5059,2189
124827,2190
11057,2191
37566,2192
25453,2193
634,2194
1282,2195
624,2196
4345,2197
3774,2198
8666,2199
6220,2200
80693,2201
22920,2202
117854,2203
145651,2204
28685,2205
49791,2206
11458,2207
38348,2208
224,2209
75358,2210
90835,2211
9204,2212
26442,2213
3395,2214
2778,2215
8546,2216
5345,2217
34680,2218
125135,2219
105441,2220
1745,2221
6569,2222
1610,2223
195684,2224
3285,2225
5842,2226
218,2227
51888,2228
29073,2229
10446,2230
2815,2231
4676,2232
3006,2233
5246,2234
130,2235
49739,2236
124949,2237
25325,2238
10582,2239
77748,2240
27110,2241
25175,2242
76373,2243
9718,2244
22879,2245
71262,2246
32885,2247
3554,2248
124081,2249
152353,2250
122158,2251
3535,2252
23787,2253
281,2254
4380,2255
12037,2256
1346,2257
33419,2258
125681,2259
28401,2260
106588,2261
29820,2262
5832,2263
19288,2264
3470,2265
2720,2266
4467,2267
4542,2268
10506,2269
5278,2270
33793,2271
120098,2272
44909,2273
42859,2274
133120,2275
1607,2276
170,2277
3540,2278
1726,2279
16581,2280
99,2281
180820,2282
79098,2283
15696,2284
22910,2285
90666,2286
82472,2287
365,2288
130110,2289
2338,2290
69005,2291
44053,2292
4738,2293
11118,2294
3955,2295
43737,2296
4748,2297
4809,2298
33448,2299
49337,2300
67214,2301
2107,2302
1924,2303
10245,2304
10858,2305
9192,2306
75427,2307
118182,2308
26692,2309
4757,2310
34358,2311
5258,2312
63464,2313
48734,2314
547,2315
66210,2316
2800,2317
34347,2318
10991,2319
32731,2320
106785,2321
157436,2322
149839,2323
32430,2324
7599,2325
6156,2326
21251,2327
7991,2328
31345,2329
6198,2330
124512,2331
2270,2332
144428,2333
142992,2334
41817,2335
4640,2336
5862,2337
113696,2338
5257,2339
2262,2340
84007,2341
2746,2342
109360,2343
43525,2344
69194,2345
34304,2346
70384,2347
72791,2348
120313,2349
36416,2350
46273,2351
119853,2352
97378,2353
9301,2354
119906,2355
1378,2356
175738,2357
6139,2358
63774,2359
8769,2360
33428,2361
3048,2362
13114,2363
2084,2364
85168,2365
33069,2366
66783,2367
188858,2368
44006,2369
6597,2370
125921,2371
5169,2372
20522,2373
180921,2374
7784,2375
8302,2376
44258,2377
3372,2378
4828,2379
183657,2380
120979,2381
1224,2382
7661,2383
145729,2384
7745,2385
5106,2386
27206,2387
48859,2388
4237,2389
5635,2390
18709,2391
8539,2392
3910,2393
833,2394
85247,2395
120269,2396
5844,2397
6402,2398
59914,2399
25853,2400
3824,2401
110560,2402
125688,2403
24406,2404
121851,2405
4326,2406
4358,2407
5518,2408
50622,2409
41299,2410
157713,2411
71545,2412
4268,2413
16799,2414
56447,2415
48013,2416
5631,2417
2275,2418
197,2419
9587,2420
22875,2421
69741,2422
11002,2423
30147,2424
27543,2425
332,2426
1381,2427
2126,2428
6291,2429
48892,2430
486,2431
26660,2432
11479,2433
30821,2434
28382,2435
22247,2436
2252,2437
5343,2438
8918,2439
70267,2440
5290,2441
234,2442
408,2443
3888,2444
4647,2445
3123,2446
39737,2447
182,2448
2279,2449
37543,2450
8709,2451
4902,2452
177,2453
68068,2454
12124,2455
55748,2456
6262,2457
4223,2458
3305,2459
31491,2460
130270,2461
40968,2462
22293,2463
33478,2464
11146,2465
10153,2466
6424,2467
4705,2468
31356,2469
157297,2470
3376,2471
43932,2472
1060,2473
5209,2474
71986,2475
24623,2476
31839,2477
5262,2478
26428,2479
5610,2480
34086,2481
179743,2482
17374,2483
6506,2484
140639,2485
3245,2486
118276,2487
8320,2488
194726,2489
319,2490
116965,2491
16997,2492
73504,2493
5247,2494
3219,2495
25470,2496
35304,2497
16721,2498
7589,2499
7433,2500
34348,2501
5365,2502
3003,2503
63526,2504
84606,2505
11074,2506
120432,2507
358,2508
2776,2509
65030,2510
74974,2511
93,2512
124338,2513
107,2514
43189,2515
29929,2516
103020,2517
3113,2518
4447,2519
1584,2520
48113,2521
90145,2522
155458,2523
6186,2524
12932,2525
22828,2526
33683,2527
2482,2528
419,2529
41684,2530
23158,2531
58822,2532
27851,2533
3416,2534
41912,2535
137671,2536
151486,2537
152959,2538
71104,2539
51367,2540
10404,2541
5896,2542
3267,2543
143009,2544
32274,2545
151364,2546
5628,2547
22337,2548
33307,2549
3645,2550
65463,2551
69708,2552
28273,2553
38672,2554
23404,2555
4774,2556
39048,2557
5433,2558
2566,2559
26326,2560
187815,2561
63465,2562
127956,2563
484,2564
114712,2565
4394,2566
28232,2567
5529,2568
66984,2569
128008,2570
830,2571
27036,2572
78488,2573
134804,2574
2413,2575
3328,2576
143,2577
188815,2578
37555,2579
338,2580
23161,2581
73758,2582
8706,2583
3332,2584
55077,2585
81077,2586
72052,2587
20011,2588
52689,2589
2537,2590
7863,2591
43981,2592
4407,2593
3225,2594
73701,2595
49348,2596
118654,2597
5604,2598
13050,2599
98612,2600
116128,2601
9187,2602
10857,2603
49288,2604
45741,2605
6181,2606
119031,2607
18299,2608
118877,2609
282,2610
85774,2611
130215,2612
4906,2613
8594,2614
8330,2615
5634,2616
111238,2617
32376,2618
91365,2619
5877,2620
3400,2621
81024,2622
33729,2623
126773,2624
2838,2625
38279,2626
39812,2627
11047,2628
6299,2629
22421,2630
14299,2631
33048,2632
116384,2633
31775,2634
24110,2635
174853,2636
68491,2637
84943,2638
8921,2639
8490,2640
18866,2641
44356,2642
8821,2643
100178,2644
35839,2645
44918,2646
118480,2647
49347,2648
285,2649
103016,2650
123799,2651
68310,2652
290,2653
10430,2654
139801,2655
3098,2656
14576,2657
11049,2658
155350,2659
9497,2660
113994,2661
8006,2662
12439,2663
22735,2664
31233,2665
71344,2666
52289,2667
108950,2668
24476,2669
73471,2670
4425,2671
41652,2672
1835,2673
26510,2674
160008,2675
7525,2676
58673,2677
33235,2678
163492,2679
25869,2680
19650,2681
28295,2682
84075,2683
19138,2684
130213,2685
22386,2686
12396,2687
5329,2688
33770,2689
125368,2690
33350,2691
4972,2692
30326,2693
91,2694
119221,2695
19349,2696
4679,2697
38278,2698
2608,2699
8093,2700
490,2701
4901,2702
26538,2703
116035,2704
2614,2705
3541,2706
1852,2707
3354,2708
38379,2709
3256,2710
101851,2711
8479,2712
8389,2713
142858,2714
9305,2715
35743,2716
69322,2717
119172,2718
5601,2719
8699,2720
10727,2721
11595,2722
75083,2723
43527,2724
44055,2725
32323,2726
10812,2727
128357,2728
2068,2729
179516,2730
26110,2731
32825,2732
13582,2733
82901,2734
27115,2735
2751,2736
798,2737
657,2738
19368,2739
10495,2740
1558,2741
148631,2742
162086,2743
5774,2744
38331,2745
34871,2746
88597,2747
46889,2748
95177,2749
144381,2750
7136,2751
5837,2752
5351,2753
78,2754
126538,2755
122467,2756
5321,2757
31770,2758
118482,2759
176197,2760
5570,2761
90833,2762
52281,2763
16407,2764
3263,2765
17517,2766
21995,2767
158991,2768
112806,2769
11673,2770
72415,2771
2690,2772
30401,2773
4977,2774
109821,2775
6269,2776
19385,2777
124545,2778
106867,2779
4551,2780
5441,2781
126138,2782
195095,2783
9181,2784
36936,2785
355,2786
457,2787
27744,2788
12954,2789
444,2790
14747,2791
6309,2792
40632,2793
3465,2794
15257,2795
3005,2796
8693,2797
2053,2798
34400,2799
11008,2800
49837,2801
4911,2802
6319,2803
12788,2804
31229,2805
5223,2806
16518,2807
6927,2808
72181,2809
101953,2810
33870,2811
22089,2812
5523,2813
32842,2814
28602,2815
673,2816
69740,2817
8211,2818
134612,2819
104761,2820
31339,2821
28030,2822
75709,2823
39813,2824
32878,2825
523,2826
14928,2827
5322,2828
7867,2829
80105,2830
91337,2831
82,2832
68815,2833
8585,2834
584,2835
28435,2836
1881,2837
2964,2838
10636,2839
4871,2840
5479,2841
113609,2842
11570,2843
86439,2844
42596,2845
78487,2846
1461,2847
35716,2848
32147,2849
38276,2850
4686,2851
118948,2852
2765,2853
22170,2854
122874,2855
115212,2856
1569,2857
69701,2858
27936,2859
71213,2860
10938,2861
165585,2862
65680,2863
18341,2864
6382,2865
57750,2866
27783,2867
40004,2868
23415,2869
49346,2870
40139,2871
5118,2872
7499,2873
11248,2874
71272,2875
58691,2876
44054,2877
11231,2878
216,2879
22935,2880
11005,2881
1976,2882
3828,2883
1685,2884
32882,2885
28164,2886
55736,2887
48118,2888
123049,2889
8559,2890
124724,2891
10859,2892
118443,2893
18114,2894
41147,2895
15010,2896
107243,2897
2366,2898
28391,2899
458,2900
9306,2901
48504,2902
113695,2903
8570,2904
62884,2905
48894,2906
6169,2907
49415,2908
133103,2909
56060,2910
156911,2911
24921,2912
12764,2913
69181,2914
5854,2915
78408,2916
34937,2917
7207,2918
77922,2919
7563,2920
1482,2921
11079,2922
196561,2923
4396,2924
77377,2925
125962,2926
54617,2927
27586,2928
35389,2929
74347,2930
114657,2931
39612,2932
44216,2933
22909,2934
153355,2935
116441,2936
29976,2937
2255,2938
8772,2939
2921,2940
22076,2941
59756,2942
150695,2943
384,2944
10352,2945
39386,2946
4,2947
12432,2948
33665,2949
6631,2950
44257,2951
30998,2952
6387,2953
75927,2954
113603,2955
119043,2956
124167,2957
27079,2958
10576,2959
127250,2960
4819,2961
11048,2962
179421,2963
5587,2964
138143,2965
4800,2966
28528,2967
89183,2968
99565,2969
28692,2970
68657,2971
53643,2972
141621,2973
4547,2974
120047,2975
11259,2976
4864,2977
9048,2978
2374,2979
3548,2980
33089,2981
30329,2982
123713,2983
6080,2984
140477,2985
7689,2986
115046,2987
58272,2988
70392,2989
178420,2990
71383,2991
84571,2992
41245,2993
3176,2994
178103,2995
30343,2996
36516,2997
96033,2998
120533,2999
33269,3000
32851,3001
2320,3002
22914,3003
27008,3004
155814,3005
27804,3006
19272,3007
124880,3008
35732,3009
1899,3010
33480,3011
8887,3012
11135,3013
32732,3014
49571,3015
5573,3016
249,3017
38225,3018
70052,3019
38388,3020
223,3021
18087,3022
3534,3023
139442,3024
51586,3025
40160,3026
43762,3027
7706,3028
931,3029
126523,3030
2613,3031
1256,3032
137639,3033
118536,3034
859,3035
354,3036
32969,3037
114452,3038
39256,3039
120262,3040
5111,3041
3049,3042
58385,3043
44757,3044
31383,3045
8053,3046
27224,3047
4908,3048
122550,3049
3337,3050
107713,3051
89531,3052
499,3053
65572,3054
58845,3055
10346,3056
6581,3057
38129,3058
2916,3059
12823,3060
73858,3061
138129,3062
146562,3063
64185,3064
113571,3065
134019,3066
715,3067
32415,3068
4390,3069
5076,3070
11996,3071
178101,3072
74579,3073
65020,3074
48107,3075
36428,3076
23386,3077
34932,3078
122999,3079
9683,3080
33858,3081
4252,3082
59973,3083
4603,3084
9191,3085
28313,3086
4517,3087
4232,3088
126463,3089
33739,3090
116,3091
59911,3092
34192,3093
77538,3094
81384,3095
4522,3096
158645,3097
23555,3098
10904,3099
74575,3100
131420,3101
6827,3102
50290,3103
39497,3104
149266,3105
18188,3106
118355,3107
18190,3108
11352,3109
126478,3110
32373,3111
127018,3112
2059,3113
28470,3114
2240,3115
2193,3116
71747,3117
11424,3118
27848,3119
5882,3120
10453,3121
3784,3122
4389,3123
8022,3124
39437,3125
93558,3126
3431,3127
93783,3128
5338,3129
154066,3130
5812,3131
114630,3132
38333,3133
52274,3134
138098,3135
33337,3136
1086,3137
72494,3138
19412,3139
155029,3140
23534,3141
30681,3142
83441,3143
33782,3144
44248,3145
22092,3146
7536,3147
125034,3148
109189,3149
489,3150
11376,3151
125245,3152
39330,3153
6180,3154
831,3155
70379,3156
38295,3157
3838,3158
12278,3159
68882,3160
70664,3161
30802,3162
191476,3163
9719,3164
38335,3165
38314,3166
24502,3167
22010,3168
156628,3169
24877,3170
7653,3171
3854,3172
37050,3173
15505,3174
15868,3175
43122,3176
128249,3177
62699,3178
109688,3179
267,3180
26333,3181
33272,3182
31945,3183
5467,3184
112380,3185
73,3186
22739,3187
179269,3188
58080,3189
4877,3190
4585,3191
153489,3192
39456,3193
14860,3194
114434,3195
10792,3196
123146,3197
157982,3198
5316,3199
39266,3200
120712,3201
337,3202
5627,3203
19262,3204
126353,3205
154092,3206
48116,3207
48339,3208
120951,3209
4458,3210
4478,3211
66820,3212
187678,3213
140636,3214
5785,3215
24775,3216
22892,3217
2653,3218
75698,3219
14943,3220
30558,3221
77919,3222
58967,3223
42072,3224
1409,3225
150630,3226
39037,3227
5780,3228
11965,3229
