{
    "1": [
        3142,
        3417,
        1436,
        2453,
        4236,
        3320,
        4183,
        2951,
        999,
        2617,
        3092,
        220,
        2912,
        1787,
        2435,
        615,
        4038,
        296,
        1603,
        1364,
        2215,
        1718,
        224,
        1840,
        502,
        4876,
        2131,
        2223,
        3,
        1968,
        3726,
        1334,
        84,
        4869,
        4135,
        4029,
        4420,
        3195,
        1651,
        548,
        4201,
        2338,
        1223,
        3080,
        1613,
        1357,
        1247,
        2465,
        3118,
        979,
        4162,
        3689,
        3472,
        1599,
        621,
        1685,
        596,
        2234,
        2811,
        19,
        3430,
        3676,
        4634,
        702,
        3912,
        2517,
        3438,
        4380,
        3813,
        2677,
        3673,
        2364,
        1482,
        3549,
        1709,
        4931,
        1946,
        4602,
        1667,
        60,
        4903,
        1592,
        4624,
        4536,
        376,
        2556,
        1577,
        2041,
        4237,
        2521,
        3271,
        610,
        3548,
        3260,
        3364,
        3929,
        666,
        4205,
        983,
        1792,
        1237,
        2614,
        3167,
        1475,
        4887,
        564,
        3731,
        2126,
        2852,
        4829,
        1349,
        3918,
        1829,
        4606,
        3036,
        3713,
        4367,
        4209,
        2570,
        3413,
        4003,
        2377,
        3405,
        3761,
        3580,
        1697,
        442,
        4724,
        4359,
        1873,
        2230,
        214,
        291,
        3031,
        1913,
        2709,
        4321,
        4728,
        385,
        3613,
        4576,
        839,
        2930,
        3152,
        147,
        4754,
        4153,
        2531,
        1693,
        2701,
        1355,
        881,
        2896,
        886,
        1227,
        3686,
        2175,
        2778,
        3212,
        1901,
        2205,
        3679,
        4856,
        3169,
        4706,
        1339,
        3852,
        3272,
        3760,
        3160,
        866,
        4882,
        4770,
        1525,
        1988,
        3541,
        3297,
        3069,
        2204,
        3352,
        2220,
        4203,
        1943,
        684,
        4218,
        4581,
        1990,
        4024,
        1942,
        347,
        3391,
        4015,
        1043,
        3670,
        15,
        1262,
        398,
        1759,
        969,
        1641,
        976,
        2759,
        950,
        2898,
        1055,
        367,
        591,
        4438,
        3148,
        1867,
        4823,
        937,
        1837,
        614,
        1026,
        2138,
        1089,
        3703,
        3156,
        2836,
        2267,
        3515,
        4484,
        4093,
        129,
        4445,
        1402,
        3373,
        3014,
        3419,
        447,
        846,
        1537,
        3379,
        1234,
        807,
        68,
        4312,
        196,
        592,
        3377,
        3977,
        378,
        2846,
        4247,
        863,
        3252,
        3470,
        1866,
        3847,
        2328,
        1422,
        4682,
        784,
        1870,
        2931,
        3155,
        102,
        2894,
        4564,
        2371,
        4914,
        4422,
        1175,
        4386,
        547,
        1273,
        689,
        3667,
        2005,
        3908,
        1743,
        798,
        4346,
        86,
        4776,
        3639,
        3283,
        2301,
        3311,
        1010,
        2091,
        162,
        2892
    ],
    "2": [
        1243,
        3330,
        1215,
        4068,
        1305,
        2187
    ],
    "3": [
        1775,
        2994,
        2514,
        4007,
        3353,
        3986,
        3177,
        1612,
        4004,
        2703,
        1337,
        558,
        1094
    ],
    "4": [
        75,
        4089,
        1495,
        1617,
        2725,
        4097,
        832,
        4006,
        3229,
        1624,
        4425,
        1726,
        3949,
        1706,
        274,
        2538,
        2070,
        116,
        1773,
        2704,
        792,
        1830
    ],
    "5": [
        4253,
        2293,
        2950,
        2002,
        2720,
        3013,
        2923,
        4615,
        4940,
        2868,
        17,
        1464,
        2952,
        155,
        2069,
        454,
        2078,
        710
    ],
    "6": [
        3795,
        487,
        339,
        2995,
        4410,
        236,
        3172,
        172,
        2595,
        369,
        2802,
        490,
        2563,
        3778,
        717,
        3553,
        3780,
        2271,
        3021,
        4868,
        4169,
        649,
        3421,
        3268,
        682,
        901,
        3040,
        736,
        857,
        778,
        3945,
        2927,
        119,
        336,
        4711,
        768,
        3758,
        3881,
        2487,
        3834,
        3917,
        535,
        4698,
        3181,
        3414,
        462,
        2472,
        2260,
        2315,
        3551,
        4872,
        630,
        4280,
        3390,
        2492,
        170,
        3642,
        4847,
        514,
        1358,
        2117,
        1409,
        2079,
        618,
        2938,
        2754,
        3965,
        2798,
        4947,
        4283,
        4542,
        222,
        2566
    ],
    "7": [
        4664,
        2921,
        3446,
        2562,
        3309,
        397,
        3547,
        608,
        1408,
        4053,
        389,
        1195,
        3257,
        642,
        2226,
        3843,
        1756,
        1755,
        1069,
        79,
        1966,
        4897,
        2871
    ],
    "8": [
        2901,
        4524,
        4737
    ],
    "9": [
        2036,
        639
    ],
    "10": [
        2660
    ],
    "11": [
        3962,
        3984,
        4120,
        130,
        4349,
        2494,
        1751,
        4495,
        2605,
        672,
        451,
        2136,
        4643,
        1354,
        1361
    ],
    "12": [
        1730,
        3144,
        1980,
        3727,
        2582,
        65,
        469,
        4382,
        1638,
        4535,
        1457,
        2922,
        1832,
        3063,
        1056,
        4426,
        933,
        4453,
        4060,
        3645,
        1205,
        108
    ],
    "13": [
        4712,
        4519,
        267,
        4481,
        4600,
        2888,
        1738,
        2576,
        3923,
        3174,
        1163,
        4385,
        4762,
        2047,
        4412,
        3211,
        2991,
        1188,
        2057,
        2156,
        1099,
        2850,
        3159,
        692,
        1022,
        4840,
        829,
        544,
        1438,
        2403,
        3026,
        2189,
        2470,
        2544,
        1805,
        1513,
        4540,
        4188,
        1876,
        4446,
        1307,
        4263,
        2108,
        4562,
        4213,
        2842,
        2408,
        1679,
        124,
        3501,
        862,
        4937,
        4156,
        2536,
        4195,
        1951,
        2717,
        2133,
        1245,
        3956,
        2635,
        2430,
        1985,
        1921,
        2730,
        1308,
        3102,
        2518,
        2813,
        187,
        2360,
        1801,
        2010,
        757,
        2193,
        2966,
        2956,
        217,
        340,
        4341,
        4894,
        2253,
        3130,
        1772,
        1177,
        2687,
        873,
        4620,
        1027,
        793,
        3866,
        3994,
        1096,
        2461,
        4434,
        883,
        3222,
        4494,
        1939,
        715,
        2219,
        1710,
        4795,
        525,
        2376,
        4774,
        4830,
        69,
        3899,
        492,
        3457,
        3744,
        3628,
        678,
        355,
        55,
        3651,
        1896,
        2021,
        1404,
        912,
        942,
        4326,
        2971,
        1549,
        4908,
        2188,
        1573,
        264,
        1916,
        2742,
        1391,
        9,
        2076,
        4553,
        4913,
        12,
        3095,
        352,
        3049,
        174,
        3623,
        910,
        1270,
        2081,
        4521,
        1032,
        3386,
        4217,
        3265,
        4485,
        4598,
        1058,
        3922,
        4662,
        3903,
        822,
        3427,
        2476,
        445,
        1297,
        4264,
        3346,
        3396,
        4829,
        3334,
        675,
        4927,
        2180,
        2001,
        1269,
        632,
        3052,
        2714,
        3221,
        861,
        1971,
        694,
        1983,
        223,
        3036,
        4044,
        4200,
        3253,
        2799,
        2371,
        1181,
        2326,
        2554,
        3100,
        4142,
        4157,
        4791,
        4777,
        4538,
        4698,
        4232,
        1666,
        3582,
        325,
        3563,
        2009,
        963,
        1406,
        1866,
        2474,
        3596,
        2242,
        22,
        3252,
        337,
        1494,
        1487,
        4807,
        1809,
        29,
        4650,
        1333,
        1276,
        3027,
        391,
        2986,
        4699,
        104,
        26,
        2691,
        488,
        3178,
        3572,
        3682,
        365,
        3010,
        2902,
        1776,
        664,
        407,
        1567,
        2487,
        450,
        1173,
        1953
    ],
    "14": [
        656,
        3411,
        3387,
        4333,
        1609,
        4515
    ],
    "15": [
        4834,
        3932,
        3084,
        1535,
        3621,
        3170,
        432,
        1121,
        134,
        4432,
        3999,
        2934,
        1604,
        3937,
        146,
        248,
        1677,
        330,
        1854,
        246,
        1451,
        3089,
        4343,
        1300,
        739,
        164,
        3545
    ],
    "16": [
        859,
        1570,
        658,
        868,
        714
    ],
    "17": [
        3199,
        1410
    ],
    "18": [
        1828,
        4310,
        3038
    ],
    "19": [
        4016,
        1671,
        2869,
        2826,
        3464,
        4801,
        3220,
        3403,
        2833,
        2466,
        4350,
        3108,
        4678,
        4592,
        2011,
        1692,
        1060,
        2330,
        1338,
        3550,
        528,
        1375,
        1606,
        4472,
        1149,
        872,
        229,
        2728,
        1090,
        1724,
        1821,
        1365,
        4491,
        4942,
        696,
        2421,
        4617,
        3345,
        1485,
        1919,
        1562,
        1107,
        4418,
        4899,
        4020,
        4125,
        1639,
        2977,
        2288,
        581,
        993,
        4610,
        1598,
        1785,
        3756,
        3056,
        4578,
        159,
        1527,
        1006,
        3987,
        2499,
        2572,
        256,
        3465,
        1909,
        905,
        2342,
        2721,
        4889,
        1075,
        2876,
        3203,
        2664,
        2746,
        110,
        3892,
        2212,
        2335,
        2222,
        1676,
        2038,
        4308,
        4099,
        967,
        1824,
        3879,
        150,
        2845,
        1417
    ],
    "20": [
        476,
        3288,
        2265
    ],
    "21": [
        2053,
        2395,
        3319,
        4527,
        54,
        47,
        1332,
        2962,
        3902,
        1911
    ],
    "22": [
        131,
        3603,
        2372,
        3809,
        4234,
        953,
        575,
        2256
    ],
    "23": [
        1964,
        4276,
        3666,
        1784,
        88,
        1716,
        2322,
        3415,
        192,
        151,
        2639,
        2770,
        4056,
        177,
        989,
        167,
        1568,
        537,
        2429,
        3772,
        4811,
        3611,
        4716,
        4672,
        2843,
        2715,
        263,
        3059,
        1053,
        1394,
        4464,
        1064,
        3441,
        3530,
        3162,
        2200,
        935,
        2337,
        4067,
        802,
        634,
        1114,
        2384,
        368,
        4499,
        786,
        3668,
        4486,
        940,
        765,
        1578,
        1025,
        254,
        202,
        1484,
        1324,
        4274,
        1654,
        289,
        2694,
        4297,
        2228,
        869,
        3802,
        4814,
        816,
        422,
        2278,
        341,
        3874,
        2399,
        783,
        2062,
        8,
        1302,
        1758,
        2340,
        4035,
        3046,
        3958,
        992,
        4123,
        4685,
        4090,
        4726,
        1969,
        762,
        1218,
        3620,
        3466,
        461,
        3166,
        574,
        343,
        4879,
        1363,
        3303,
        970,
        3482,
        1728,
        3232,
        372,
        4805,
        1472,
        175,
        40,
        2284,
        3599,
        3569,
        2603,
        930,
        2652,
        401,
        3644,
        36,
        2097,
        1266,
        3461,
        4374,
        2731,
        402,
        904,
        66,
        53,
        2613,
        1383,
        1034,
        2362,
        719,
        1608,
        3018,
        1712,
        2985,
        4320,
        773,
        2974,
        3534,
        2493,
        709,
        1643,
        633,
        2988,
        4204,
        1014,
        1384,
        4591,
        3855,
        1560,
        2787,
        3127,
        1808,
        2065,
        3458,
        4780,
        1265,
        2937,
        2306,
        38,
        3424,
        411,
        2844,
        3592,
        4718,
        2711,
        3538,
        2029,
        2693,
        1518,
        3954,
        716,
        3684,
        4293,
        4537,
        1904,
        3787,
        3053,
        1723,
        1650,
        1286,
        2044,
        459,
        4296,
        2972,
        3513,
        4050,
        4618,
        2177,
        2589,
        2723,
        3952,
        198,
        4392,
        534,
        4768,
        4337,
        4105,
        89,
        2893,
        4665,
        2667,
        2331,
        3365,
        1539,
        288,
        4635,
        3230,
        2564,
        1285,
        186,
        1486,
        2414,
        1519,
        321,
        3223,
        4437,
        3450,
        2541,
        1660,
        2378,
        2501,
        2818,
        3574,
        3816,
        4550,
        2452,
        2719,
        2142,
        1600,
        4124,
        1377,
        2286,
        2013,
        602,
        926,
        4449,
        3140,
        42,
        3209,
        1062,
        1655,
        1070,
        1959,
        1174,
        4051,
        2292,
        3775,
        2294,
        2445,
        3662,
        4850,
        4580,
        2181,
        2771,
        718,
        1463,
        1442,
        2800,
        2668,
        317,
        1941,
        1038,
        1184,
        4861,
        619,
        2724,
        3601,
        3827,
        733,
        1425,
        1752,
        3020,
        64,
        3966,
        2990,
        3960,
        601,
        2987,
        3231,
        3182,
        4398,
        3198,
        2387,
        2555,
        4751,
        3833,
        4098,
        771,
        3001,
        2568,
        3306,
        539,
        1256,
        2406,
        828,
        3067,
        4298,
        1547,
        3859,
        419,
        3812,
        3895,
        1,
        4238,
        1395,
        3681,
        3842,
        4452,
        2607,
        785,
        3088,
        803,
        4859,
        624,
        2096,
        4623,
        1979,
        409,
        1371,
        2897,
        1491,
        4702,
        978,
        2581,
        4406,
        1590,
        3930,
        3188,
        4107,
        600,
        3132,
        3869,
        1892,
        3029,
        1595,
        1153,
        2739,
        4366,
        1251,
        3431,
        4604,
        382,
        1629,
        1838,
        651,
        4875,
        4429,
        669,
        662,
        1360,
        812,
        654,
        4796,
        2619,
        2358,
        2356,
        1003,
        1193,
        931,
        3226,
        206,
        4784,
        2649,
        4628,
        3447,
        4065,
        292,
        2644,
        3672,
        1311,
        503,
        3584,
        1747,
        2441,
        3752,
        3665,
        506,
        3638,
        4926,
        3978,
        1754,
        350,
        4369,
        1642,
        3000,
        3150,
        3077,
        4305,
        1602,
        2393,
        1950,
        3445,
        3011,
        679,
        3594,
        4249,
        1440,
        1720,
        2847,
        2718,
        4565,
        4443,
        3907,
        363,
        2243,
        1949,
        3359,
        680,
        3217,
        2229,
        995,
        1861,
        2246,
        2161,
        2023,
        3442,
        706,
        3595,
        3505,
        3990,
        726,
        2040,
        4047,
        1783,
        1284,
        1028,
        3375,
        1233,
        569,
        3122,
        1097,
        4614,
        4516,
        4028,
        250,
        1891,
        3245,
        2149,
        1736,
        753,
        941,
        3486,
        429,
        4732,
        4810,
        4534,
        2697,
        4273,
        4659,
        848,
        1686,
        1320,
        4738,
        2027,
        4267,
        4657,
        4137,
        746,
        2281,
        582,
        4454,
        1415,
        2077,
        668,
        945,
        3565,
        3659,
        1899,
        2274,
        747,
        577,
        860,
        136,
        2436,
        2379,
        2750,
        4901,
        2886,
        2955,
        51,
        876,
        4062,
        1356,
        103,
        356,
        4085,
        346,
        2686,
        1137,
        2059,
        1952,
        4670,
        1373,
        3207,
        4715,
        2702,
        4287,
        2604,
        1859,
        4417,
        1316,
        1833,
        3480,
        3336,
        4696,
        3660,
        4586,
        160,
        1903,
        1770,
        2050,
        4700,
        2780,
        3627,
        3135,
        2254,
        158,
        1139,
        4171,
        607,
        1232,
        4436,
        1986,
        4316,
        183,
        3433,
        1690,
        3632,
        271,
        589,
        30,
        4358,
        2312,
        3535,
        1958,
        2915,
        1637,
        349,
        4851,
        849,
        3110,
        4174,
        3139,
        2606,
        2553,
        1571,
        3176,
        3314,
        1732,
        3394,
        817,
        4663,
        670,
        3925,
        238,
        3669,
        3239,
        1128,
        681,
        4241,
        2201,
        4421,
        4862,
        4396,
        199,
        1309,
        650,
        3296,
        3935,
        4744,
        3850,
        2159,
        2560,
        2866,
        3493,
        1170,
        3725,
        3911,
        270,
        2007,
        3806,
        1729,
        1934,
        3585,
        811,
        3612,
        806,
        2258,
        81,
        3782,
        2982,
        1319,
        1142,
        3888,
        907,
        818,
        2478,
        127,
        1496,
        2839,
        1611,
        2463,
        1073,
        3615,
        374,
        1330,
        1533,
        1454,
        1274,
        2530,
        3970,
        4066,
        144,
        1517,
        2102,
        70,
        3933,
        1381,
        4318,
        2303,
        4191,
        4557,
        987,
        2089,
        2275,
        1656,
        1936,
        318,
        1540,
        4646,
        237,
        1390,
        2396,
        4086,
        323,
        1924,
        2941,
        395,
        2332,
        1886,
        2585,
        4458,
        2810,
        1799,
        847,
        3776,
        3653,
        1871,
        3091,
        894,
        3037,
        3648,
        3258,
        4588,
        4815,
        3690,
        705,
        307,
        1864,
        665,
        3706,
        1082,
        1579,
        2257,
        3828,
        2351,
        2392,
        3734,
        770,
        3511,
        1663,
        1385,
        3854,
        2919,
        287,
        58,
        266,
        2505,
        4916,
        2412,
        3259,
        3146,
        4408,
        3017,
        519,
        2732,
        533,
        1104,
        3736,
        2146,
        1580,
        2751,
        2534,
        4688,
        3746,
        2123,
        3606,
        814,
        1072,
        2688,
        4440,
        2112,
        1261,
        4848,
        1883,
        2819,
        305,
        4800,
        959,
        1810
    ],
    "24": [
        4609
    ],
    "25": [
        1141,
        2637,
        314,
        4483,
        1106
    ],
    "26": [
        4095,
        1908,
        585,
        4148,
        952,
        486,
        4210,
        4893,
        243,
        676
    ],
    "27": [
        1427,
        1780,
        1536,
        1110,
        1926,
        1619,
        1898
    ],
    "28": [
        403,
        2840,
        703,
        1698,
        3317,
        3510,
        3868,
        1955,
        1658,
        2438,
        3474,
        2382,
        2594,
        2622,
        1212,
        4069,
        203,
        3459,
        4415,
        3674,
        3487,
        3290,
        3315,
        1023,
        2134,
        1186,
        3707,
        1554,
        4763,
        4379,
        1545,
        2870,
        222,
        1910,
        1098,
        3807,
        1581,
        4654,
        3789,
        1500,
        725,
        3200,
        4041,
        3870,
        3218,
        795,
        4266,
        3763,
        4141,
        3151,
        3815,
        1151,
        4766,
        4139,
        3759,
        1664,
        4943,
        2012,
        845,
        1520,
        2976,
        3683,
        1358,
        2569,
        4199,
        1735,
        315,
        962,
        393,
        991,
        4690,
        4860,
        583,
        1105,
        3742,
        3400,
        3085,
        364,
        1166,
        4809,
        207,
        4419,
        1441,
        4532,
        1095,
        891,
        2442,
        4282,
        3308,
        3374,
        1956,
        3478,
        1379,
        1644,
        2118,
        3724,
        3284,
        3163,
        1288,
        1508,
        20,
        4802,
        3717,
        973,
        2049,
        481,
        1844,
        2472,
        1708,
        1884,
        2673,
        3322,
        3685,
        2601,
        132,
        1846,
        2791,
        1976,
        1853,
        4579,
        4479,
        2566,
        965,
        499,
        878,
        4338,
        3138,
        982,
        1777,
        1767,
        1721,
        3120,
        3383,
        2020,
        3323,
        870,
        2428,
        3137,
        3880,
        2959,
        1978,
        3897,
        4389,
        500,
        3517,
        259,
        1566,
        3712,
        119,
        1325,
        1298,
        2405,
        2080
    ],
    "29": [
        708,
        3829
    ],
    "30": [
        1344,
        609,
        1466,
        562,
        4603,
        737,
        897,
        1961,
        1152,
        1005,
        2489,
        2456,
        3675,
        4648,
        3578,
        620,
        2122,
        4339,
        2217,
        2642,
        1814,
        787,
        235,
        2241,
        4911,
        1702,
        4009,
        156,
        2051,
        3857,
        334,
        3503,
        2547,
        975,
        3814,
        2537,
        3012,
        1925,
        3187,
        3878,
        4896,
        353,
        3397,
        3293,
        3376,
        4928,
        2867,
        4170,
        871,
        1065,
        313,
        4900,
        603,
        1011,
        1965,
        3714,
        4812,
        2176,
        1168,
        1100,
        2790,
        4166,
        2426,
        3924,
        3154,
        3051,
        31,
        4934,
        4629,
        3810,
        777,
        277,
        4772,
        2365,
        741,
        3042,
        1341,
        1929,
        2015,
        390,
        1405,
        4322,
        2439,
        3626,
        2341,
        1063,
        3024,
        1352,
        239,
        3771,
        1112,
        1167,
        27,
        1282,
        2469,
        4360,
        2960,
        4753,
        597,
        2515,
        3333,
        1526,
        1445,
        2026,
        4197,
        2024,
        4616,
        2099,
        3484,
        1468,
        4054,
        2716,
        273,
        485,
        4252,
        1501,
        440,
        4918,
        46,
        354,
        497,
        33
    ],
    "31": [
        2583,
        2631,
        4248,
        1012,
        1823,
        2239,
        4747,
        3280,
        1044,
        2314,
        405
    ],
    "32": [
        4108,
        1187,
        71,
        1827,
        1078,
        4055,
        838,
        4813,
        3273,
        4626,
        2636,
        3516,
        3228,
        3295,
        3894,
        3348,
        4946,
        3065,
        97,
        3622,
        738,
        1982,
        1707,
        1359,
        604,
        4459,
        3968,
        571,
        4154,
        1661,
        4789,
        2643,
        117,
        858,
        1996,
        467,
        1067,
        924,
        2816,
        2741,
        4163,
        2064,
        3805,
        2075,
        3003,
        357,
        4463,
        3942,
        2304,
        875,
        10,
        82,
        358,
        4311,
        4749,
        1444,
        1565,
        1452,
        4666,
        791,
        1563,
        2879,
        723,
        2276,
        3479,
        3692,
        4214,
        4558,
        1470,
        3103,
        2609,
        1977,
        290,
        1148,
        2700,
        3360,
        1071,
        594
    ],
    "33": [
        1050,
        2350,
        1376
    ],
    "34": [
        2214,
        457,
        4387,
        219,
        3926,
        4468,
        2834,
        2242,
        2578,
        1249,
        2374,
        2231,
        2989,
        4488,
        2596,
        3072,
        3310,
        526,
        3090,
        3981,
        2085,
        1158,
        879,
        3983,
        1800,
        1199,
        3393,
        2835,
        4176,
        3107,
        4401,
        4046,
        95,
        1585,
        2491,
        988,
        3982,
        3931,
        4501,
        3652,
        936,
        3149,
        1322,
        3218,
        2135,
        4413,
        3649,
        3157,
        851,
        852,
        2821,
        644,
        4285,
        4340,
        918,
        1870,
        2588,
        3033,
        2163,
        4936,
        1636,
        4476,
        4556,
        1171
    ],
    "35": [
        3401,
        3825,
        1659,
        794,
        4800,
        348,
        3016,
        4561,
        1480
    ],
    "36": [
        2710,
        2147,
        4455,
        3507,
        4286,
        277
    ],
    "37": [
        1967,
        4106,
        605,
        3267,
        453
    ],
    "38": [
        4722
    ],
    "39": [
        2152,
        4548,
        4299,
        964,
        1927,
        1278,
        2656,
        2060,
        3947,
        3237,
        3889,
        4656,
        954,
        3820,
        4167,
        2679,
        3723,
        4111,
        655,
        3718,
        1684,
        2567,
        4836,
        1914,
        3202,
        921,
        480,
        998,
        4821,
        473,
        2087,
        3490,
        3998,
        779,
        840,
        3115,
        2830,
        3264,
        3287,
        4755,
        212,
        986,
        251,
        555,
        1557,
        4363,
        43,
        1675,
        895,
        1530,
        2646,
        1947,
        4640,
        1004,
        304,
        3249,
        2506,
        2401,
        4909,
        2854,
        1782,
        4423,
        1490,
        841,
        2473,
        2107,
        2037,
        308,
        2559,
        584,
        2551,
        2935,
        1680,
        4026,
        1403,
        1678,
        322,
        3700,
        3636,
        2863,
        2913,
        842,
        3696,
        1628,
        3989,
        3043,
        3015,
        4039,
        4048,
        1779,
        1345,
        1601,
        1045,
        3206,
        2522,
        3019,
        4439,
        2584,
        118,
        3385,
        2513,
        2291,
        2970,
        1839,
        1918,
        448,
        2481,
        1803,
        2708,
        2784,
        4681,
        386,
        2321,
        2334,
        1880,
        449,
        4314,
        2418,
        775,
        617,
        928,
        3953,
        2738,
        2734,
        2045,
        1292,
        3305,
        1647,
        1346,
        2654,
        4116,
        1908,
        1538,
        3164,
        749,
        1201,
        3661,
        2939,
        2727,
        2806,
        3508,
        2670,
        2865,
        1002,
        3794,
        2025,
        4764,
        427,
        755,
        190,
        4478,
        2911,
        3246
    ],
    "40": [
        3454
    ],
    "41": [
        420,
        2095,
        3082,
        3657
    ],
    "42": [
        3719,
        3087
    ],
    "43": [
        2575,
        2909,
        2262,
        3688
    ],
    "44": [
        1740
    ],
    "45": [
        396,
        361,
        3614,
        3161,
        3791
    ],
    "46": [
        4874,
        1512,
        3502,
        1007
    ],
    "47": [
        2712,
        3545
    ],
    "48": [
        3134
    ],
    "49": [
        1057,
        4497,
        2598,
        2209,
        4523,
        4705,
        3526,
        2398,
        2638,
        280,
        1280,
        72
    ],
    "50": [
        4790,
        698,
        107,
        2310,
        820,
        3750,
        2140,
        2390,
        2504
    ],
    "51": [
        4756
    ],
    "52": [
        1387,
        1813,
        2300,
        3500,
        4746,
        884,
        4547,
        3278,
        1370,
        249,
        4151,
        1263,
        2993,
        3289,
        728,
        4275,
        721,
        3610,
        3737,
        2084,
        1586,
        3963,
        2143,
        3523,
        648,
        2593,
        285,
        4475,
        1068,
        2073,
        4442,
        4806,
        4771,
        1737,
        1313,
        3106,
        4563,
        2713,
        504,
        3117,
        4824,
        1430,
        4192,
        4837,
        4932,
        3738,
        2129,
        1920,
        2523,
        93,
        2082,
        4394,
        1109,
        3114,
        556,
        1753,
        3456,
        4,
        1878,
        2016,
        3995,
        310,
        2695,
        4080,
        4187,
        1815,
        3058,
        73,
        4509,
        1717,
        2290,
        1727,
        3219,
        2657,
        4344,
        570,
        2580,
        944,
        2270,
        701,
        3988,
        49,
        1323,
        2455,
        3098,
        2965,
        258,
        2776,
        3556,
        3521,
        3331,
        439,
        4599,
        4793,
        4701,
        2768,
        4466,
        1506,
        3803,
        168,
        2248,
        3581,
        4130,
        830,
        750,
        1992,
        1492,
        4845,
        2168,
        4043,
        3840,
        3848,
        4769,
        4121,
        4890,
        4261,
        2074,
        1306,
        4348,
        4345,
        4552,
        3801,
        2227,
        578,
        4825,
        1521,
        2958,
        3957,
        375,
        3344,
        3243,
        3408,
        2591,
        329,
        218,
        1558,
        152,
        2425,
        1254,
        1662,
        3355,
        3086,
        1544,
        4544,
        4727,
        4736,
        1704,
        3381,
        2761,
        3568,
        153,
        3238,
        1594,
        2765,
        1074,
        913,
        3327,
        2251,
        4779,
        4870,
        3946,
        742,
        4334,
        3354,
        226,
        616,
        1291,
        45,
        1700,
        1277,
        80,
        1822,
        2906,
        4405,
        3335,
        2862,
        2999,
        2446,
        3590,
        1260,
        1615,
        1963,
        3934,
        4757,
        4511,
        2277,
        4818,
        1335,
        3896,
        1561,
        3097,
        3061,
        3248,
        2199,
        3804,
        3473,
        586,
        4849,
        3468,
        2599,
        2457,
        1039,
        3440,
        1483,
        1912,
        1745,
        2748,
        1862,
        195,
        4288,
        3131,
        3605,
        856,
        4865,
        3786,
        101,
        4220,
        2318,
        2105,
        1059,
        4021,
        1091,
        1634,
        166,
        257,
        1321,
        1418,
        1046,
        4568,
        2524,
        1102,
        4559,
        1703,
        4441,
        3341,
        3298,
        4933,
        735,
        4207,
        2486,
        882,
        1989,
        1242,
        4430,
        3180,
        3347,
        474,
        3710,
        2878,
        2535,
        1649,
        3358,
        1589,
        48,
        844,
        2992,
        2849,
        2361,
        3540,
        887,
        3886,
        1750,
        1281,
        3701,
        1350,
        3078,
        221,
        4551,
        456,
        1931,
        281,
        3299,
        324,
        4224,
        3292,
        2756,
        1648,
        4025,
        1147,
        4103,
        3378,
        914,
        3158,
        1694,
        3009,
        2534,
        643,
        4342,
        4378,
        3562,
        4910,
        2022,
        2980,
        4328,
        4465,
        2252,
        4555,
        1994,
        135,
        2861,
        2948,
        204,
        2249,
        498,
        507,
        3914,
        1640,
        2851,
        4229,
        388,
        641,
        3029,
        2414
    ],
    "53": [
        4668
    ],
    "54": [
        1079,
        4645,
        2116,
        2823,
        2124,
        3900,
        2317,
        466,
        4828,
        984,
        4189,
        2490,
        3250,
        543,
        3609,
        3766,
        1818,
        1473,
        3992,
        1587,
        3422,
        1733,
        1366,
        1705,
        652,
        4723,
        1962,
        3094,
        1179,
        433
    ],
    "55": [
        4129,
        4255,
        997
    ],
    "56": [
        82,
        1407,
        3873,
        4230,
        2367,
        3426,
        1872,
        3919,
        2202,
        3518
    ],
    "57": [
        3865,
        404,
        4370,
        4930,
        797,
        1382,
        2546,
        4005,
        3655,
        1347,
        4178,
        1682,
        2043,
        2411,
        4878,
        4691,
        4898,
        1874,
        94,
        261,
        4525,
        252,
        3748,
        4543,
        2397,
        2643,
        697,
        3506,
        2658,
        3587,
        1627,
        1765,
        2058,
        4539,
        3362,
        2000,
        3266,
        3126,
        2647,
        2792,
        2740,
        1856,
        3321,
        3529,
        1816,
        4822,
        4146,
        1250,
        4143,
        4924,
        744,
        2158,
        3867,
        2903,
        4808,
        4119,
        2151,
        673,
        782,
        4031,
        645,
        2969,
        3325,
        2170,
        1511,
        1630,
        2092,
        1452,
        3034,
        660,
        1125,
        4826,
        4109,
        559,
        1150,
        1268,
        2671,
        2320,
        4373,
        915,
        3976,
        3444,
        2503,
        2255,
        3694,
        4226,
        3128,
        2115,
        316,
        2172,
        590,
        3845,
        413,
        2539,
        4798,
        4708,
        3861,
        1008,
        3959,
        2926,
        4381,
        1695,
        966,
        4944,
        2263,
        460,
        3363,
        677,
        213,
        760,
        3532,
        463,
        82,
        2609,
        2781,
        532,
        149,
        3003,
        4813,
        2624,
        4666,
        4214,
        4558
    ],
    "58": [
        2682,
        4938,
        1327,
        1847,
        3410,
        4216,
        3571,
        557,
        4730,
        3425,
        2424,
        902,
        2240,
        1707,
        2269,
        4271,
        4108,
        2632
    ],
    "60": [
        766,
        4027,
        900,
        465,
        294,
        4037,
        1564,
        2825,
        4291,
        1553,
        4058,
        2891,
        4222,
        4196,
        3081,
        4052,
        4689,
        2805,
        1216,
        961,
        1283,
        3275,
        663,
        527,
        1146,
        3096,
        1191,
        216,
        2197,
        4773,
        408,
        4456,
        50,
        3491,
        247,
        3658,
        2363,
        2857,
        120,
        2218,
        2196,
        2268,
        3697,
        3451,
        4014,
        1897,
        4596,
        2224,
        2887,
        2932,
        855,
        3826,
        2542,
        1124,
        1304,
        1203,
        567,
        1389,
        1804,
        4104,
        1116,
        2928,
        1092,
        2957,
        4912,
        4843,
        4637,
        3520,
        3875,
        3060,
        536,
        2072,
        2827,
        255,
        1657,
        2760,
        185,
        4219,
        3939,
        2459,
        1138,
        1742,
        2586,
        67,
        4395,
        2908,
        2752,
        3811,
        805,
        722,
        3762,
        4079,
        1889,
        2925,
        380,
        3654,
        3604,
        1863,
        3492,
        748,
        1326,
        4589,
        1826,
        3005,
        3961,
        360,
        4775,
        2039,
        1529,
        184,
        4211,
        808,
        4529,
        1396,
        2920,
        1041,
        4787,
        2577,
        2003,
        2623,
        3525,
        4404,
        345,
        4059,
        1231,
        1189,
        647,
        5,
        1066,
        2678,
        4289,
        3715,
        2502,
        880,
        1314,
        3600,
        3145,
        903,
        2404,
        3467,
        483,
        2250,
        1368,
        3337,
        4671,
        2620,
        2329,
        4577,
        2592,
        934,
        1289,
        3432,
        4675,
        4831,
        2183
    ],
    "61": [
        4071,
        1793,
        810
    ],
    "62": [
        518
    ],
    "63": [
        788,
        2386,
        3062,
        4324,
        3384,
        3722,
        2848,
        4150,
        3546,
        309,
        2659,
        864,
        4063,
        4407,
        1080,
        4694,
        4092,
        781,
        4301,
        2762,
        2573,
        2420,
        776,
        3920,
        1458,
        1253,
        3543,
        2612,
        2665,
        2890,
        1786,
        3941,
        4388,
        1493,
        18,
        2618,
        298,
        4448,
        2235,
        2221,
        3777,
        890,
        1157,
        2145,
        4570,
        3996,
        2311,
        63,
        4794,
        2409,
        511,
        2910,
        4377,
        4451,
        3093,
        76,
        4819,
        2160,
        1888,
        2164,
        3904,
        4094,
        282,
        1819,
        2753,
        283,
        4714,
        813,
        4621,
        2779,
        3261,
        1715,
        1510,
        2431,
        1225,
        922,
        4177,
        3860,
        1834,
        1633,
        4155,
        3844,
        245,
        3823,
        1001,
        2066,
        7,
        6
    ],
    "64": [
        3068
    ],
    "65": [
        946
    ],
    "66": [
        893,
        3279,
        138,
        359,
        2907,
        4073,
        3798
    ],
    "67": [
        2953,
        279,
        1275,
        3291,
        625,
        4641,
        4785,
        3602,
        1852,
        2323,
        3831,
        751,
        4416,
        319,
        2030,
        478,
        1015,
        4179,
        3835,
        739,
        2905,
        1213,
        61
    ],
    "68": [
        4332,
        3507,
        2171,
        2488,
        122,
        1850,
        111,
        3637,
        1119,
        629,
        1054,
        164,
        3418,
        3449,
        2407,
        4838,
        78
    ],
    "69": [
        4530,
        2726,
        1051,
        2645,
        2352,
        4033,
        2837
    ],
    "70": [
        3927,
        230,
        400,
        2705
    ],
    "71": [
        1499,
        4087,
        1016,
        2963,
        3575,
        3566,
        3495,
        2004,
        3512,
        4165,
        2132,
        197,
        2298,
        972,
        210,
        512,
        1860,
        2745
    ],
    "72": [
        4554,
        1426,
        836,
        2856,
        2666,
        2814,
        137,
        399,
        253,
        1122,
        3050,
        2192,
        1294,
        275,
        4651,
        3630,
        2280,
        4383,
        3732,
        1258,
        1013,
        2587,
        2549,
        471,
        4533,
        4040,
        1766,
        554,
        4487,
        3233,
        3832,
        4613,
        121,
        4250,
        2127,
        1858,
        3522,
        384,
        599,
        3045,
        1342,
        2086,
        763,
        416,
        3561,
        262,
        1476,
        1584,
        3858,
        4351,
        2287,
        4925,
        4545,
        4627,
        4677,
        3624,
        2783,
        2144,
        4686,
        3950,
        421,
        1180,
        2028,
        3041,
        39,
        2626,
        1226,
        21,
        1042,
        3129,
        2975,
        531,
        2035,
        899,
        4323,
        4336,
        2137,
        3022,
        3328,
        3616,
        2308,
        4852,
        2120,
        1610,
        825,
        438,
        2794,
        1217,
        1524,
        3784,
        165,
        2259,
        4132,
        286,
        1019,
        906,
        2400,
        4717,
        2692,
        835,
        2289,
        2165,
        3631,
        2924,
        3979,
        231,
        2616,
        4307,
        4921,
        479,
        2981,
        4761,
        1238,
        704
    ],
    "73": [
        3064,
        3215,
        1210
    ],
    "74": [
        4184,
        693,
        4251,
        1049,
        4719,
        3274,
        1172,
        561,
        4493,
        3494,
        188,
        145,
        2496,
        4365,
        3406,
        612,
        790,
        1459,
        2071
    ],
    "75": [
        927,
        4102,
        1024,
        200,
        3084
    ],
    "76": [
        2743
    ],
    "77": [
        209,
        4522
    ],
    "78": [
        2628,
        3184,
        3765,
        1400,
        4444,
        4854,
        3593,
        2943,
        25,
        2680,
        201,
        724,
        233,
        3818,
        412,
        1928,
        1825,
        4489,
        4460,
        850,
        4259,
        2368,
        1248,
        2423,
        759,
        1556,
        4480,
        3885,
        815,
        41,
        2369,
        379,
        1310,
        1879,
        2777,
        1018,
        2634,
        3116,
        2125,
        2841,
        1722,
        1126,
        2929,
        3951,
        4294,
        4061,
        3197,
        24,
        4265,
        1605,
        4160,
        3851,
        4032,
        4632,
        949,
        2325
    ],
    "79": [
        2967,
        2815
    ],
    "80": [
        2139,
        2380
    ],
    "81": [
        2946,
        2820,
        1000,
        4194,
        700,
        4881,
        2106,
        4290,
        1093,
        2031,
        2689,
        4049,
        441,
        1388,
        1301,
        2422,
        1219,
        4820,
        3528,
        688,
        338,
        3691,
        699,
        867,
        2579,
        1546,
        659,
        2774,
        3650,
        720,
        3887,
        1061,
        2540,
        3743,
        3079,
        1190,
        3227,
        3647,
        4660,
        3704,
        3399,
        2533,
        1434,
        1115,
        3285
    ],
    "82": [
        4803,
        1895,
        2155,
        1033,
        4835,
        2121,
        4110,
        3567,
        4258,
        4767,
        3007,
        3524,
        4057,
        4748,
        3171,
        623,
        2672,
        951
    ],
    "83": [
        1998
    ],
    "84": [
        437
    ],
    "85": [
        302,
        3711,
        1340,
        2343,
        4240,
        4325,
        4045,
        1230,
        1569,
        729,
        4839,
        3235,
        707,
        2807,
        4260,
        4140,
        1794,
        1646,
        1881,
        278,
        140
    ],
    "86": [
        2236
    ],
    "87": [
        1812,
        4833,
        4246
    ],
    "88": [
        1744,
        3680,
        637,
        831,
        1133,
        4743,
        1923,
        2216,
        4607,
        1973,
        4304,
        3307,
        801,
        3234,
        3475,
        553,
        2080,
        1465,
        2529,
        269,
        4572
    ],
    "89": [
        4127,
        1626,
        3101,
        362,
        4703,
        4593,
        2285,
        2450,
        2017,
        4152,
        4462,
        2433,
        2391,
        2195,
        3821,
        3371,
        3205,
        2432,
        1981,
        2042,
        909,
        4892,
        1719,
        2608,
        4017,
        1620,
        1155,
        3598,
        1455,
        2333,
        958,
        4583,
        932,
        2828,
        2648,
        4549,
        2113,
        691,
        424,
        1622,
        242,
        1762,
        576,
        1369,
        2296,
        2232,
        4855,
        1498,
        4182,
        3256,
        57,
        4797,
        377,
        4841,
        2279,
        2046,
        3853,
        2247,
        3141,
        297,
        1206,
        2056,
        1811,
        1835,
        2413,
        4842,
        1507,
        1413,
        1433,
        227,
        2801,
        4844,
        2104,
        3340,
        2831,
        1362,
        1318,
        1414,
        4866,
        3862,
        1372,
        3898
    ],
    "90": [
        1922
    ],
    "91": [
        2984,
        3368
    ],
    "92": [
        1548,
        4625,
        1164,
        1954,
        1293,
        3554,
        3193,
        2859,
        4631,
        4644,
        1208,
        774,
        1228,
        2661,
        1681,
        4215,
        2736,
        1543,
        4279,
        1855,
        4354,
        4788,
        1287,
        4531,
        2339,
        3216,
        1991,
        3281,
        1120,
        1591,
        552,
        1975,
        4758,
        3972,
        1741,
        3913,
        1113,
        1701,
        4507,
        470,
        889,
        1683,
        1842,
        2527,
        1669,
        1374,
        1970,
        351,
        4074,
        2119,
        85,
        3618,
        446,
        3173,
        4227,
        960,
        1088,
        326,
        2349,
        3790,
        1424,
        3357,
        1798,
        1456,
        2179,
        4461,
        3186,
        560,
        990,
        1154,
        2319,
        3434,
        4642,
        4357,
        2782,
        1932,
        4001,
        4919
    ],
    "93": [
        3319
    ],
    "94": [
        2684
    ],
    "95": [
        888,
        4888,
        4138,
        2882,
        3224,
        312,
        2565,
        3439,
        3104,
        2448,
        3754,
        4731,
        1555,
        1449,
        1763,
        2793,
        745,
        4923,
        4584,
        2101,
        306,
        916,
        833,
        920,
        1768,
        4498,
        2467,
        105,
        1108,
        4242,
        4745,
        3443,
        2014,
        2997,
        568,
        3607,
        241,
        208,
        1192,
        1169,
        2225,
        4601,
        4118,
        3693,
        440,
        4212,
        1514,
        1428,
        4372,
        2184,
        1764,
        2653,
        1917,
        4072,
        2808,
        974,
        2153,
        1674,
        2434,
        508,
        2964,
        1412,
        3453,
        3286,
        4022,
        1207,
        2178,
        3099,
        2900,
        1037,
        205,
        179,
        2485,
        328,
        320,
        3057,
        1522,
        640,
        3891,
        3367,
        4639,
        115,
        761,
        4684,
        3721,
        3741,
        4144,
        1596,
        1450,
        3973,
        4816,
        956,
        268,
        1447,
        2877,
        505,
        2500,
        1836,
        756,
        3247,
        1583,
        1448,
        1047,
        3030,
        1134,
        496,
        1453,
        3824,
        3552,
        1220,
        3342,
        1224,
        3412,
        4355,
        1398,
        3770,
        3588,
        3767,
        1029,
        1123,
        4309,
        430,
        758,
        4496
    ],
    "96": [
        2447,
        3277,
        1696,
        1725,
        2789,
        3300,
        4510,
        3943,
        1576,
        1778,
        494,
        28,
        1944,
        3313,
        4655,
        4292,
        1183,
        2669,
        2838,
        1118,
        406,
        2640,
        436,
        3712,
        1632,
        3729,
        3708,
        1240,
        434,
        2033,
        3846,
        83,
        4792,
        4920,
        3324,
        410,
        2449,
        3083,
        1868,
        3967,
        4272,
        52,
        4471,
        977,
        1416,
        3153,
        2018,
        1623,
        240,
        3799,
        3463,
        4277,
        4674,
        1315,
        4030,
        3938,
        4159,
        4759,
        627,
        1136,
        2103,
        1597,
        4904,
        4721,
        824,
        4353,
        1906,
        3856,
        1987,
        1009,
        911,
        1502,
        3255,
        4302,
        2088,
        1714,
        4812,
        2261,
        4185,
        4582,
        1255
    ],
    "97": [
        874,
        515,
        2336,
        3366,
        2347,
        2495,
        3849,
        3471,
        1542,
        4013,
        2309,
        1235,
        1252,
        541,
        3073,
        3369,
        2034,
        244,
        2557,
        3909,
        1653,
        2019,
        2464,
        3964,
        4371,
        3537,
        1312,
        2961,
        1257,
        4939,
        3416,
        2283
    ],
    "98": [
        1197,
        3339,
        2525
    ],
    "99": [
        1574,
        482,
        4505,
        3841,
        1129
    ],
    "100": [
        4725,
        2763,
        3004,
        711,
        2063,
        2764
    ],
    "101": [
        2949,
        2094
    ],
    "102": [
        1411
    ],
    "103": [
        513,
        635,
        4257,
        3619,
        1887,
        1162,
        4891,
        2519,
        444,
        3564,
        1665,
        686,
        2162,
        1938,
        3570,
        126,
        4081,
        1559,
        4145,
        1176,
        767,
        2602,
        35,
        3498,
        613,
        2615,
        4710,
        1196,
        2210,
        3240,
        4390,
        3035,
        2211,
        1399,
        1645,
        3382,
        2157,
        563,
        415,
        171,
        2829,
        764,
        2282,
        3560,
        1367,
        2858,
        3730,
        1474,
        4393,
        342,
        4799,
        1849,
        1209,
        4101,
        3557,
        4262,
        4467,
        2663,
        1420,
        4653,
        2055,
        2641,
        2169,
        2098,
        154,
        2758,
        4361,
        4375,
        191,
        4630,
        3640,
        981,
        3643,
        4012,
        4088,
        4713,
        2509,
        4329,
        1437,
        4193,
        2681,
        4225,
        44,
        123,
        3589,
        4636,
        2885,
        2114,
        1731,
        1246,
        636,
        1421,
        1817,
        383,
        2191,
        3698,
        4885,
        3184,
        14,
        2662,
        4134,
        1948,
        1791,
        1760,
        3915,
        1431,
        2427,
        4622,
        37,
        4010,
        2207,
        3485,
        4352,
        4783,
        2797,
        3455,
        1477,
        3705,
        2628,
        4244
    ],
    "104": [
        1236,
        109,
        3329,
        4941,
        1711,
        3242,
        3423,
        1534,
        2767,
        3361,
        529,
        4936,
        734,
        4173,
        1462,
        2244
    ],
    "105": [
        4709
    ],
    "106": [
        2632,
        3196,
        1417,
        3527,
        150,
        1101,
        3263,
        189,
        661,
        2269,
        1135,
        588,
        4514,
        2917,
        1264,
        799,
        3282
    ],
    "107": [
        128,
        4867
    ],
    "108": [
        2373
    ],
    "109": [
        3764
    ],
    "110": [
        1509,
        1392,
        2812,
        3241
    ],
    "111": [
        4792
    ],
    "112": [
        2707,
        4697,
        2327,
        4877
    ],
    "113": [
        2729,
        4473,
        1999,
        3921
    ],
    "114": [
        1774
    ],
    "115": [
        4281,
        3192,
        2630,
        4228,
        1021,
        4517,
        611,
        455,
        3728,
        2354,
        4117
    ],
    "116": [
        546,
        3276,
        3555,
        366,
        4019,
        1541,
        3997,
        1200,
        3372,
        2305,
        4100,
        4083,
        1076,
        1295,
        3435,
        4742,
        3123,
        1614
    ],
    "117": [
        3837,
        4126,
        2068,
        2651,
        4566,
        1984,
        3270,
        4567,
        1127,
        2944,
        92,
        335,
        4133,
        2757,
        4513,
        1272,
        2388,
        1296,
        4362,
        1841,
        3883,
        2264,
        1489
    ],
    "119": [
        1761,
        2083,
        3496,
        1900,
        141,
        3112,
        3751,
        3709,
        142,
        1423,
        106,
        4115,
        1229,
        2357,
        4335
    ],
    "120": [
        3687,
        2512,
        1687,
        3119,
        4168
    ],
    "121": [
        2722,
        4243,
        1997,
        1688,
        1593,
        4424,
        77,
        2299,
        3113,
        4235,
        4733,
        1040,
        2979,
        2213,
        181,
        2451,
        1386,
        3044,
        417,
        3350,
        381,
        2233,
        4096,
        2185,
        1552,
        3269,
        2443,
        3304,
        896,
        4295,
        112,
        2008,
        769,
        1713,
        754,
        3388,
        1460,
        1432,
        4477,
        573,
        3971,
        3531,
        148,
        4078,
        1343
    ],
    "122": [
        1401,
        1848,
        1087,
        2437,
        4161,
        2174,
        2600,
        4676,
        3769,
        2872,
        1668,
        3428,
        1194,
        2508,
        4895,
        2561,
        1974,
        595,
        2685,
        4692,
        2375,
        4704,
        4397,
        2650,
        2520,
        1161,
        2208,
        2735,
        1550,
        4695,
        100,
        1788,
        4680,
        1691,
        4917,
        3074,
        3948,
        3836,
        1790,
        1503,
        1515,
        2302,
        3974,
        2936,
        2855,
        3969,
        3882,
        943,
        4327,
        2359,
        423,
        3147,
        3407,
        4122,
        2238,
        551,
        2462,
        1933,
        1771,
        4113,
        580,
        2100,
        1271,
        371,
        3936,
        1504,
        1290,
        971,
        1471,
        2370,
        484,
        2483,
        3504,
        523,
        4492,
        2482,
        4871,
        572,
        565,
        4231,
        743,
        826,
        2148,
        4760,
        1652,
        3819,
        3179,
        3356,
        4608,
        2109,
        3028,
        2385,
        1439,
        1084,
        1820,
        2743,
        1843,
        4786,
        1479,
        491,
        1607,
        2977,
        1329,
        3121,
        690,
        4082,
        3586,
        2090,
        1724,
        1083
    ],
    "123": [
        2552,
        2484,
        1748,
        1552
    ],
    "124": [
        1769,
        919,
        1930,
        1279,
        4042,
        489,
        712,
        2978
    ],
    "125": [
        3251,
        4064,
        939,
        4720,
        3165,
        3906
    ],
    "126": [
        157,
        713,
        4673,
        4112,
        3448,
        2402,
        1202,
        4384,
        1739,
        4409,
        1156
    ],
    "127": [
        3773
    ],
    "128": [
        4518,
        2206,
        4435,
        3597,
        1117,
        3735,
        332,
        1940,
        2006
    ],
    "129": [
        2471,
        3955,
        32,
        4741,
        631,
        2366,
        1036,
        1523,
        3822,
        2415,
        2052,
        2440,
        4450,
        1806,
        2699,
        3075,
        2032,
        13,
        295,
        2954,
        1030,
        2682
    ],
    "130": [
        2766,
        4482,
        3351,
        34,
        2307,
        877,
        2186,
        2516,
        885,
        4619,
        2507,
        2510,
        3214,
        176,
        4356,
        3349,
        4590,
        435,
        4147,
        3499,
        606,
        2545,
        428,
        3720,
        2272,
        843,
        3294,
        4076,
        2571,
        917,
        2881,
        3398,
        3420,
        1669,
        2621,
        520,
        968,
        4817
    ],
    "131": [
        3189,
        769,
        2880,
        2325,
        3175,
        957,
        2061,
        4447,
        3436,
        1722
    ],
    "132": [
        4906,
        4778,
        143,
        4411,
        3678,
        4233,
        980,
        1532,
        4905,
        4457,
        303,
        1239,
        3797,
        2824,
        3796,
        730
    ],
    "133": [
        4683,
        452,
        1885,
        3641,
        1957,
        3402,
        3452,
        2526,
        56
    ],
    "134": [
        2558,
        3070,
        3476,
        4915,
        1673,
        3749,
        4455,
        549,
        4902,
        3039,
        2968,
        1478,
        2416,
        4347,
        1516,
        1907,
        4011,
        1865,
        3817,
        865,
        333,
        530,
        2316,
        1378,
        996,
        3583,
        2245,
        3066,
        394,
        2348,
        2394,
        4611,
        1017,
        2194,
        695,
        74,
        2324,
        2480,
        3785,
        674,
        477,
        2067,
        4469,
        727,
        2822,
        1922,
        2998,
        4571,
        211,
        3370,
        114,
        4658,
        3380,
        587,
        3839
    ],
    "135": [
        1130,
        1582,
        1818,
        2655,
        984,
        1789,
        985,
        3890,
        193,
        1551,
        2497,
        3609,
        2918,
        2237,
        4883,
        1877,
        740,
        2899,
        4091,
        3992,
        1962,
        4585,
        2674,
        1733,
        4863,
        1267,
        4414,
        3111,
        4131,
        1531,
        4189,
        3916,
        1757,
        1179,
        4693,
        1802,
        4403,
        433,
        1473,
        1945,
        892,
        3980,
        3332,
        3168,
        3766,
        265,
        173,
        3747,
        472,
        538,
        59,
        667,
        2845,
        2498,
        3143,
        1035,
        925,
        4723,
        2633,
        4270,
        344,
        301,
        3629,
        2203,
        4400,
        3071,
        2383,
        2625,
        3808,
        4649,
        1587,
        182,
        3048,
        652,
        3054,
        3124,
        4828,
        2933,
        1178,
        1705,
        1366,
        837,
        657,
        4922,
        898,
        2785,
        3739,
        4034,
        4431,
        3094,
        2490,
        3422,
        543,
        1699,
        3250,
        3910,
        3025,
        3577,
        1417,
        2795,
        1893
    ],
    "136": [
        2874,
        3788
    ],
    "137": [
        4149,
        524,
        443
    ],
    "138": [
        4782
    ],
    "139": [
        4735,
        1348,
        1241,
        2597,
        4503,
        4781,
        4470,
        2629,
        2295,
        622,
        3864,
        2054,
        464
    ],
    "140": [
        628
    ],
    "141": [
        653,
        540,
        2458,
        4633,
        4707,
        3671,
        3544,
        4208,
        1672,
        4595,
        780,
        509,
        827,
        4638,
        495,
        4268,
        3800,
        3871
    ],
    "142": [
        4002,
        3488
    ],
    "143": [
        2973
    ],
    "144": [
        1160,
        3872,
        4667,
        566,
        853,
        732,
        626,
        2627,
        2511,
        3663,
        3201,
        1572,
        2093,
        579,
        3514,
        1869,
        3190,
        431,
        3326,
        90,
        3781,
        4597,
        1336
    ],
    "145": [
        2479,
        4023,
        3519,
        1303,
        2875,
        4376,
        2574,
        311,
        4313,
        1497,
        4573,
        2345,
        1993
    ],
    "146": [
        3635,
        2676,
        3409,
        3702,
        3105,
        522,
        4612,
        2744,
        2182,
        1182,
        521,
        3558,
        2749,
        87,
        4128,
        2410,
        3591,
        3740,
        2706,
        2550,
        4278,
        3006,
        948,
        3991,
        3634,
        4239,
        99,
        4546,
        475,
        2698,
        1111,
        4186,
        1890,
        2048,
        2154,
        4269,
        1077,
        4254,
        4605,
        3076,
        4687,
        2130,
        1299,
        1317,
        3838,
        3318,
        955,
        1435,
        458,
        1807,
        2532,
        180,
        2468,
        1505,
        1467,
        2788,
        133,
        4945,
        3656,
        2803,
        1625,
        1214,
        2747,
        2454,
        1845,
        4158,
        3768,
        2889,
        4317,
        2266,
        804,
        3975,
        3338,
        2945,
        1488,
        4319,
        3579,
        3876,
        3462,
        834,
        821,
        789,
        2942,
        4864,
        4364,
        1031,
        4202,
        3183,
        2755,
        1198,
        3863,
        796,
        2111,
        2904,
        1159,
        593,
        113,
        4175,
        1131,
        3312,
        2883,
        2167,
        225,
        1185,
        809,
        3617,
        2860,
        994,
        1796,
        1972,
        3483,
        3194,
        638,
        4729,
        2548,
        16,
        414,
        3533,
        1575,
        331,
        1915,
        3608,
        1831,
        2128,
        327,
        4433,
        4575,
        3884,
        3185,
        1244,
        2775,
        4804,
        4560,
        3947
    ],
    "147": [
        3133,
        3437,
        2914,
        272,
        2150,
        4647,
        3002,
        3008,
        1143,
        3576,
        4500,
        234
    ],
    "148": [
        3940,
        1621
    ],
    "149": [
        3497,
        1851,
        1631,
        2786,
        2419,
        169,
        4306,
        2864,
        2832,
        2796,
        4929
    ],
    "150": [
        23,
        2940
    ],
    "151": [
        2405,
        1749,
        3793,
        772,
        91
    ],
    "152": [
        3477,
        370
    ],
    "153": [
        1875,
        4428,
        215,
        1481,
        819,
        2804,
        3695,
        3757,
        161,
        3225,
        2884,
        3392,
        1734,
        1380,
        1429,
        3699,
        4402,
        3343,
        4688,
        4506,
        4303,
        4490,
        299,
        685,
        2873,
        4873,
        2543,
        3204,
        3830,
        2772,
        4084,
        4036,
        4181,
        4427,
        2475,
        1353,
        4884,
        3877,
        3395,
        3664,
        2733
    ],
    "154": [
        3389,
        4765,
        4652,
        4077,
        1086,
        4661,
        2110,
        2,
        1165,
        4734,
        908
    ],
    "155": [
        2190
    ],
    "156": [
        4315,
        3469,
        4172
    ],
    "157": [
        3244,
        1588,
        800,
        1618,
        1461,
        3236,
        4070,
        4886,
        3302,
        4206,
        1221,
        1145,
        276,
        4504,
        4752,
        1211,
        4569,
        2916,
        1393,
        2460,
        1781,
        4245,
        1882,
        2947,
        4594,
        1937,
        4853,
        3542,
        3792,
        4679,
        300,
        426,
        545,
        1469,
        1351,
        3677,
        2769,
        3985,
        2417,
        2996,
        3481,
        4502,
        501,
        11,
        1902,
        1331,
        4300,
        3191,
        646,
        4857,
        3733,
        260,
        3316,
        2817,
        392,
        3993,
        493,
        2173,
        2444,
        2313,
        4520,
        4399
    ],
    "158": [
        425,
        2675,
        163,
        2198,
        3716,
        1328,
        823,
        3625,
        4528
    ],
    "159": [
        1132
    ],
    "160": [
        4587,
        4223,
        3928,
        3136,
        542,
        2297,
        3112,
        2983
    ],
    "161": [
        4114,
        1636,
        4512,
        4846,
        2610,
        683,
        731,
        3404,
        3301,
        373,
        1795,
        4008,
        3893,
        1905,
        1894,
        3254,
        4164,
        1797,
        510,
        2690,
        232,
        1995,
        516,
        550,
        98,
        1052,
        125,
        923,
        418,
        1103,
        1140,
        3755,
        929,
        2611,
        4739,
        4526,
        3779,
        3210,
        3489,
        2773,
        3753,
        1746,
        4198,
        2696,
        387,
        194,
        3536,
        4018,
        4190,
        1085,
        4508,
        2590,
        4221,
        2355,
        854
    ],
    "162": [
        4256,
        1259,
        284,
        1960,
        3539,
        1528,
        687,
        4935,
        178
    ],
    "163": [
        1397,
        1081,
        3633,
        4330,
        2528,
        228,
        3429,
        1670,
        3032,
        4075
    ],
    "164": [
        2895,
        2737,
        4832,
        2344,
        4474
    ],
    "165": [
        1857,
        1419,
        671,
        2346,
        3109,
        1635
    ],
    "166": [
        3509
    ],
    "167": [
        4136,
        938,
        4669,
        3901,
        3745,
        3559,
        139,
        2141,
        3047
    ],
    "168": [
        4391,
        2273
    ]
}