{
    "1": [
        3956
    ],
    "2": [
        2622,
        2129,
        1764,
        5225,
        977,
        5104,
        3474,
        3486,
        6222,
        1456,
        6860,
        1462,
        586,
        4216,
        3250,
        6556,
        5528,
        3586,
        3547,
        893,
        4016,
        1396,
        4411,
        3644,
        126,
        2669,
        6856,
        1391,
        221,
        1973,
        3989,
        5034,
        4498,
        635,
        3927,
        1714,
        3467,
        6360,
        5717,
        1807,
        295,
        6700,
        5589,
        5049,
        783,
        6598,
        312,
        4658,
        5430,
        1384,
        2883,
        3457,
        4529,
        3689,
        889,
        1538,
        5504,
        812,
        3778,
        6547,
        3536,
        868,
        6732,
        523,
        2589,
        2440,
        2145,
        4408,
        4024,
        6798,
        4986,
        4198,
        3209,
        5467,
        4358,
        4940
    ],
    "3": [
        1948,
        3277,
        2070,
        2437,
        91,
        4960,
        4513,
        2609,
        2927,
        4523,
        6712,
        4081,
        3095,
        2195,
        6876,
        3882,
        5036,
        6682,
        3635,
        4207,
        5740,
        332,
        1198,
        5866,
        4002,
        5928,
        786,
        2432,
        3512,
        6365,
        4769,
        4611,
        5338,
        3699,
        3295,
        6248,
        2624,
        6335,
        1281,
        3834,
        4331,
        3825,
        3214,
        3387,
        353,
        4497,
        5021,
        5818,
        4477,
        250,
        6274,
        301,
        3993,
        3494,
        4270,
        6019,
        3640
    ],
    "4": [
        238
    ],
    "5": [
        3156,
        4572,
        1475,
        870,
        3315,
        2594,
        5980,
        1024,
        3863,
        3115,
        646,
        3518,
        2608,
        831,
        5798,
        6611,
        4381,
        2400,
        2002,
        4025,
        5131,
        5133,
        1654,
        1115,
        5176,
        6716,
        39,
        3422,
        5823,
        59,
        5931,
        4796
    ],
    "6": [
        190,
        5512,
        6758,
        6127,
        2713,
        284,
        185,
        5302,
        5665,
        4088,
        4465,
        4218,
        384,
        195,
        4551
    ],
    "7": [
        5763,
        2794,
        2573,
        3117,
        6021,
        6039,
        2562,
        5789,
        2,
        5474,
        6765,
        1201,
        83,
        5202,
        269,
        986,
        714,
        4837,
        2131,
        1193,
        1332,
        5111,
        5710,
        2305,
        2062,
        5810,
        5976,
        92,
        3551,
        875,
        2990,
        5448,
        2036,
        5722,
        48,
        6049,
        2090
    ],
    "8": [
        3097,
        2031,
        1905,
        3414,
        3182,
        1311,
        2099,
        5314,
        29,
        1176,
        6655,
        2941,
        4924,
        86,
        2057,
        6034,
        6394,
        5680,
        918,
        4963,
        5244,
        1754,
        4968,
        5226,
        6135,
        1485,
        365,
        6358,
        4113,
        2429,
        3323,
        2597,
        3676,
        5966,
        5016,
        3913,
        2655,
        163,
        6493,
        4559,
        3602,
        2018,
        2426,
        1425,
        1646,
        108,
        3600,
        926,
        5137,
        1036,
        1512,
        1093,
        2701,
        4378
    ],
    "9": [
        4614
    ],
    "10": [
        857,
        518,
        5498,
        1516,
        624,
        5092,
        5754,
        340,
        5641,
        3356,
        1200,
        1519,
        5457,
        6133,
        3386,
        3392,
        1987,
        1779,
        2601,
        5190,
        3998,
        6762,
        1645,
        227,
        4079,
        6853,
        5772,
        1805,
        6363,
        2793,
        3309,
        2363,
        1383,
        3465,
        817,
        4753,
        4525,
        2491,
        4724,
        776,
        2293,
        669,
        1558,
        3357,
        489,
        63,
        1801
    ],
    "11": [
        4501,
        2812,
        3098,
        114,
        1388,
        1728,
        3244,
        1860,
        3532,
        2761,
        4038
    ],
    "12": [
        6009,
        1869
    ],
    "13": [
        4704,
        5782,
        1821
    ],
    "14": [
        2122,
        118,
        4322,
        4679,
        1529,
        1690,
        1317,
        1777,
        6477,
        5508,
        5170,
        2149,
        467,
        229,
        5115,
        3339,
        990,
        3023,
        5904,
        2311,
        2929
    ],
    "15": [
        942,
        159
    ],
    "16": [
        6607,
        148,
        4862,
        5984,
        6052,
        3007,
        4319,
        4561,
        5912,
        6673,
        2958,
        1202,
        5719,
        1693,
        1298,
        655,
        2236,
        1390,
        254,
        6794
    ],
    "17": [
        2392,
        2312,
        1205,
        2315,
        6707,
        1939,
        3444,
        1139,
        1059,
        4023,
        5395,
        3789,
        6072,
        5514,
        6888,
        3355,
        1563,
        6449,
        5840,
        6446,
        5579,
        6282
    ],
    "18": [
        1097,
        1723,
        5030,
        3797,
        6147,
        207
    ],
    "19": [
        6879
    ],
    "20": [
        876,
        5509,
        2875,
        5086
    ],
    "21": [
        230,
        3763,
        5325,
        6447,
        2731,
        5492,
        760,
        60,
        2209,
        4181,
        442,
        5587,
        1539,
        6587,
        1842,
        162,
        6884,
        3823,
        930,
        1950,
        576,
        1290,
        3673,
        4810,
        1666,
        5313,
        3047,
        4074,
        3565,
        2715,
        2782,
        2005,
        542,
        5826,
        2733,
        949,
        5282,
        5169,
        3393,
        2188,
        4314,
        436,
        5148,
        4089,
        2371,
        5557,
        6574,
        5466,
        4086,
        6824,
        4781,
        2037,
        404,
        545,
        285,
        6567,
        5889,
        5058
    ],
    "22": [
        5905,
        1656,
        3187
    ],
    "23": [
        5951,
        5765,
        1322,
        2456,
        3760,
        202,
        2559,
        2714,
        5357,
        415,
        4853,
        5268,
        276,
        2316,
        2666,
        2823,
        1601,
        3739,
        1977,
        3003,
        1686,
        329,
        1195
    ],
    "24": [
        4139,
        3726,
        6109,
        5598,
        6457,
        5348,
        3992,
        5793,
        303,
        6636,
        2726,
        3873,
        804,
        2445,
        6667,
        3922,
        299,
        4084,
        2257,
        1133,
        834
    ],
    "25": [
        3836,
        6558
    ],
    "26": [
        6848,
        4505,
        2339,
        5816,
        3160,
        6783,
        1852,
        4266,
        272,
        3697,
        1091,
        3945,
        3844,
        3256,
        2050,
        23,
        2855,
        478,
        6153,
        3340,
        2937,
        862,
        5025,
        3482,
        4648,
        4212,
        6163,
        992,
        4367,
        719,
        2933,
        4771,
        3570,
        6375,
        5824,
        1012,
        3636,
        5546,
        4087,
        5082,
        2338,
        6508,
        3608,
        211,
        3319,
        5935,
        1412,
        6684,
        2234,
        5829,
        1634,
        4277,
        3765,
        5779,
        2119,
        6254,
        1663,
        475,
        2815,
        5590,
        52,
        2574,
        2553,
        5908,
        3083,
        4299,
        1822,
        5862,
        4987,
        3349,
        1997,
        6557,
        5986,
        6306,
        1953,
        5838,
        5136,
        2552,
        2697,
        1990,
        6162,
        911,
        4855,
        450,
        5910,
        1140,
        4620,
        2027,
        3447,
        2520,
        6423,
        2498,
        55,
        4535,
        4731,
        4663,
        5569,
        519,
        3941,
        1041,
        3450,
        5936,
        3004,
        1653,
        2963,
        6438,
        212,
        5288,
        4512,
        4190,
        6683,
        4107,
        6565,
        1598,
        2978,
        2150,
        6004,
        3661,
        3152,
        3472,
        2852,
        5057,
        6717,
        1756,
        3070,
        1411,
        1325,
        5308,
        4739,
        3634,
        45,
        3475,
        2405,
        5296,
        5418,
        2856,
        4278,
        4733,
        6586,
        1126,
        1761,
        3193,
        3039,
        3599,
        608,
        32,
        6261,
        5943,
        5461,
        133,
        5160,
        2098,
        1746,
        305,
        2535,
        4396,
        1484,
        1554,
        4279,
        4059,
        6613,
        3675,
        2281,
        1507,
        3090,
        2076,
        1285,
        1636,
        5698,
        6328,
        1785,
        1394,
        6051,
        2890,
        1995,
        1069,
        1048,
        6910,
        2366,
        1985,
        2631,
        6161,
        5485,
        766
    ],
    "27": [
        2140,
        2913,
        6906,
        2396,
        5582,
        3208,
        5856,
        1788,
        5040,
        3346,
        5168,
        3005,
        649,
        6131,
        2387,
        1268,
        2424,
        4109,
        6563,
        6470,
        1355,
        261,
        82,
        4725,
        1896,
        4192,
        4959,
        189,
        1070,
        5397,
        1881,
        5441,
        2272,
        2389,
        4035,
        3965
    ],
    "28": [
        3190,
        1165,
        1402,
        6397,
        3108,
        3793,
        2825,
        1161,
        1066,
        107,
        4912,
        1002,
        2161,
        398,
        4669,
        1499,
        4168
    ],
    "29": [
        1655,
        3121,
        1808,
        5742,
        4642,
        1189,
        3531,
        228,
        1104,
        278,
        4703,
        2134,
        2750,
        2813,
        1500,
        1243,
        1762,
        1177,
        412,
        6178,
        3191,
        14,
        2163,
        402,
        2362,
        1923,
        1434,
        310,
        3980,
        5468,
        1674,
        1962,
        3587,
        1669,
        6418,
        325,
        2058,
        682,
        5260,
        6384,
        4401,
        4772,
        2411,
        6523,
        5748,
        4435,
        5201,
        4832,
        6829,
        428,
        896,
        2173,
        2263,
        6369,
        4119,
        2730,
        5241,
        568,
        1733,
        6551,
        2377,
        4098,
        4129,
        3657,
        5330,
        2549,
        2395,
        1034,
        1574,
        4010,
        913,
        2944,
        4743,
        5786,
        6502,
        2435,
        1389,
        5392,
        4852,
        2569,
        2254,
        18,
        4111,
        3533,
        627,
        851
    ],
    "30": [
        366,
        4825,
        5865,
        5955,
        1264,
        5295,
        4928,
        626
    ],
    "31": [
        4300,
        4394
    ],
    "32": [
        283,
        3062,
        1418,
        497,
        6189,
        678,
        886
    ],
    "33": [
        730,
        825
    ],
    "34": [
        1266,
        4992,
        6242,
        4275,
        664,
        903,
        1087,
        3764,
        5445,
        1935,
        2771,
        6810,
        821,
        6076,
        4255,
        3096,
        6535,
        4021,
        3611,
        408,
        849,
        1829,
        3332,
        1227,
        6235,
        2647,
        2454,
        3186,
        5128,
        3335,
        2268,
        1096,
        4344,
        4093,
        6854,
        5053,
        5548,
        4440,
        6302,
        85,
        5891,
        1587,
        5650,
        3012,
        6569,
        1740,
        5784
    ],
    "35": [
        6373,
        2277,
        650,
        46,
        4029,
        727,
        2011
    ],
    "36": [
        2593,
        1792,
        1717,
        6742,
        2526,
        5759,
        6628,
        4225,
        6516,
        1480,
        4645,
        3831,
        3791,
        112,
        5110,
        1307,
        2544,
        6751,
        4569,
        4253,
        5529,
        2103,
        3230,
        3650,
        6851,
        4909
    ],
    "37": [
        5802,
        3581,
        4521,
        1671,
        1550,
        5340,
        4499
    ],
    "38": [
        1163,
        6811,
        689,
        2598,
        5123,
        6187,
        3686,
        970,
        1517,
        3849,
        2087,
        5622,
        5482,
        4460,
        6881,
        4578,
        170,
        5380,
        3041,
        6108,
        5760,
        3363,
        6455,
        500,
        1144,
        1976,
        5896,
        1533,
        1416,
        225,
        5249,
        4205,
        3577,
        1843,
        4126,
        4357,
        733,
        4844,
        5749,
        5619,
        5850,
        3578,
        2939,
        3259,
        2736,
        680,
        5240,
        4583,
        1685,
        6263,
        3649,
        4366,
        934,
        3056,
        2881,
        1555,
        4881,
        4869,
        4340,
        6301,
        4689,
        3059,
        6764,
        1025,
        1055,
        3084,
        922,
        4120,
        6437,
        1333,
        4348,
        3852,
        5645,
        2434,
        2703,
        4410,
        3704,
        2847,
        6623,
        6575,
        704,
        4041,
        5205,
        2102,
        1146,
        3979,
        336,
        3200,
        6653,
        1713,
        2291,
        5849,
        673,
        2799,
        3771,
        2414,
        2824,
        2555,
        741,
        5009,
        1951,
        6223,
        5796,
        5157,
        2851,
        1323,
        2784,
        5163,
        3516,
        3198,
        1491,
        3439,
        882,
        4454,
        3828,
        3014,
        6620,
        3113,
        2357,
        4636,
        3354,
        6813,
        1930,
        3451,
        4043,
        1947,
        2328,
        4873,
        1527,
        503,
        815,
        4600,
        3691,
        3505,
        2830,
        3871,
        4039,
        426,
        3931,
        3767,
        5709,
        1398,
        1173,
        1736,
        1020,
        1632,
        2046,
        4388,
        5089,
        5439,
        1506,
        2369,
        5988,
        3288,
        2845,
        2807,
        4308,
        6086,
        3400,
        2567,
        2346,
        98,
        605,
        4785,
        1352,
        5381,
        6337,
        4298,
        2749,
        2187,
        2155,
        5187,
        3962,
        6185,
        351,
        609,
        2789,
        758,
        699,
        5595,
        452,
        4948,
        2148,
        3142,
        5246,
        6312,
        5837,
        2189,
        3314,
        6605,
        2704,
        6307,
        4706,
        4374,
        2040,
        5655,
        846,
        2838,
        3255,
        2431,
        6596,
        3977,
        2584,
        6597,
        2030,
        2658,
        1886,
        253,
        3961,
        5525,
        5312,
        4872,
        3601,
        3898,
        5962,
        5832,
        1184,
        5359
    ],
    "39": [
        2907,
        2481,
        1117,
        5739,
        2745,
        1377,
        4272
    ],
    "40": [
        2347,
        2100,
        6749,
        2603,
        746,
        119,
        2893,
        839,
        3546,
        1908,
        3373,
        5972,
        1640,
        2846,
        2687,
        6347,
        3211,
        4728,
        1549,
        5455
    ],
    "41": [
        6731
    ],
    "42": [
        4875,
        5651,
        6267,
        2695,
        2376,
        4915,
        5281,
        1828,
        2770,
        3985,
        6463,
        3,
        3185,
        4252,
        2996,
        3329,
        1265,
        140,
        5386,
        4874,
        507,
        582,
        5941,
        5617,
        6780,
        3072,
        3217,
        5930,
        3477
    ],
    "43": [
        3656,
        916,
        5732,
        5957,
        6577,
        2336,
        3672
    ],
    "44": [
        2540,
        1366,
        6738,
        5958,
        1699,
        2105,
        3179,
        56,
        1918,
        738
    ],
    "45": [
        2987,
        5044,
        957
    ],
    "46": [
        6249,
        3524,
        2708,
        445,
        6405,
        2071,
        1924,
        4566,
        1883,
        2064,
        660,
        3481,
        625,
        3761,
        1853
    ],
    "47": [
        2908,
        6846,
        5672
    ],
    "48": [
        2685,
        1707,
        4714,
        2776,
        3384,
        3953,
        3290,
        5172,
        5726,
        550,
        3510,
        374,
        4202,
        2229,
        1489,
        3437,
        344,
        3453,
        548,
        1054,
        5854,
        3008,
        2132,
        4567,
        1143,
        5547,
        3434,
        6208,
        1921,
        5099,
        1628,
        3545,
        3415,
        4099,
        6443,
        3591,
        4480,
        75
    ],
    "49": [
        4153,
        1615,
        4095,
        3662
    ],
    "50": [
        6492,
        4382,
        691,
        4473,
        3203,
        6784,
        5675,
        2643,
        5771,
        5610,
        3987,
        3491
    ],
    "51": [
        1150,
        5423,
        3271,
        5054,
        2741,
        6300,
        5039,
        577,
        722,
        3419,
        3526,
        5729,
        2906,
        3300,
        2660,
        944,
        1570,
        5977,
        1630,
        6801,
        5558,
        652,
        3964,
        274,
        3399,
        5946,
        5631,
        6697,
        5621
    ],
    "52": [
        6336,
        3456,
        257,
        4492,
        6690,
        93,
        4353,
        867
    ],
    "53": [
        6753,
        2222,
        1795,
        3157,
        3687,
        529,
        3247,
        4707,
        6174,
        6660,
        869,
        3866
    ],
    "54": [
        5733
    ],
    "55": [
        3982,
        5965,
        3573,
        1316,
        5272,
        6498,
        5204,
        4063,
        3798,
        5570,
        6511,
        4316,
        3174,
        4400,
        1284,
        1522,
        4691,
        1081,
        6054,
        1304,
        279,
        5410,
        5196,
        4954
    ],
    "56": [
        5278
    ],
    "57": [
        5507,
        1486,
        6570,
        6594,
        258,
        6723
    ],
    "58": [
        2211,
        623,
        12,
        1635,
        6650,
        6318,
        6283,
        393,
        3273,
        6333,
        5320,
        570,
        4768,
        5096,
        6466,
        1552,
        3317,
        4842,
        2210,
        4206,
        6576,
        4030,
        2403,
        1544,
        6544,
        3054,
        6546,
        3721,
        54,
        1180,
        6654,
        4674,
        2836,
        524,
        4791,
        4568,
        588,
        6316,
        1084,
        4062,
        6465,
        2096,
        861,
        961,
        4066,
        1745,
        3458,
        5436,
        2550,
        2415,
        6554,
        2570,
        754,
        376,
        6331,
        6745,
        914,
        6627,
        1692,
        3085,
        5269,
        3692,
        3720,
        3312,
        4149,
        2615,
        2632,
        3677,
        5914,
        1926,
        2052,
        2183,
        6266,
        1078,
        3566,
        3347,
        1831,
        5062,
        4823,
        1108,
        5757,
        4097,
        6615,
        4333,
        5121,
        1,
        2848,
        3413,
        6691,
        3325,
        4592,
        5261,
        2962,
        1978,
        4650
    ],
    "59": [
        5310,
        6338,
        2294
    ],
    "60": [
        6362
    ],
    "61": [
        1213,
        16,
        2123,
        2325,
        1432,
        3906,
        2225,
        3069,
        3703,
        152,
        4068,
        1790,
        4980,
        5013,
        1203,
        5938,
        4765,
        3471,
        3779,
        531,
        3940,
        3833,
        697,
        6606,
        2871,
        4142,
        1167,
        2082,
        3588,
        3744,
        6643,
        6048,
        1590,
        4182,
        4364,
        1898,
        3734,
        6376,
        6414,
        5785,
        6590,
        3146,
        5881,
        1166,
        1208,
        4157,
        5683,
        3081,
        5495,
        2053,
        1617,
        778,
        5088,
        1870,
        2378,
        6752,
        991,
        1199,
        4118,
        6532,
        794,
        410,
        5218,
        6212,
        6165,
        726,
        6092,
        729,
        5037,
        3401,
        5676,
        3260,
        4612,
        3455,
        6651,
        2321,
        4176,
        4941,
        106,
        2765,
        2404,
        3894,
        2213,
        2006,
        3485,
        5078,
        1658,
        5543,
        1267,
        1021,
        2223,
        6305,
        2083
    ],
    "62": [
        1916,
        2889,
        3974,
        6428,
        492,
        4745,
        6225,
        2095,
        5664,
        962,
        5171,
        4712,
        6560,
        6648,
        528,
        1452,
        2302,
        499,
        589,
        3432,
        6040,
        1611,
        6769,
        2170,
        153,
        6676,
        4274,
        5126,
        4906,
        3398,
        4932,
        2341,
        1409,
        5166,
        702,
        6771,
        5907,
        1861,
        2313,
        1816,
        4433,
        6772,
        1113,
        2203,
        1114,
        3707,
        2215,
        287,
        5713,
        4680,
        2616,
        6778,
        6181,
        3881,
        6640,
        4287,
        665
    ],
    "63": [
        763,
        4424
    ],
    "64": [
        6908,
        5254,
        5476,
        4866,
        2383,
        3417,
        3249,
        2014,
        4268,
        3569,
        3912,
        1599,
        4245,
        5108,
        1941,
        6391,
        4254,
        4988,
        2998,
        3052,
        122,
        3929,
        5762
    ],
    "65": [
        6186
    ],
    "66": [
        1887
    ],
    "67": [
        1422,
        3554,
        6750,
        2986,
        6545,
        3194,
        667,
        3541,
        5306,
        3853,
        4701,
        4904,
        3258,
        6253,
        72,
        4983,
        3528,
        1696
    ],
    "68": [
        5415,
        166,
        1608,
        252,
        2592,
        1363
    ],
    "69": [
        6073
    ],
    "70": [
        6593,
        4434,
        6571,
        6346,
        6626,
        4019,
        835,
        1421,
        4543,
        1013,
        4587,
        748,
        317,
        2688,
        1187,
        6495,
        2024,
        1190,
        1224,
        3487,
        2693,
        4350,
        3668,
        5365,
        5872,
        4233,
        3126,
        208,
        2769,
        1006,
        2085,
        1524,
        3382,
        1915,
        1532,
        5681,
        816,
        2217,
        5294,
        6350,
        4135,
        1341,
        3832,
        2480,
        789,
        2976,
        4056
    ],
    "71": [
        6252,
        6184,
        619,
        2348,
        414,
        3915,
        3358,
        6601,
        1836,
        607,
        5699,
        6344,
        4693,
        5391,
        1900,
        4750,
        1339,
        5603,
        1460,
        5578,
        1633,
        782,
        510,
        1817,
        3311,
        373,
        2384,
        6866,
        5806,
        2001,
        6520,
        1169,
        708,
        87,
        6198,
        188,
        5695,
        5164,
        4670,
        5079,
        1310,
        5231,
        306,
        2343,
        1455,
        781,
        3919,
        247,
        3855,
        1734,
        5179,
        4692,
        4782,
        2759,
        2537,
        334,
        1847,
        4585,
        6011,
        1757,
        1168,
        2097,
        5100,
        1170,
        1809,
        4324,
        5516,
        1786,
        4558,
        5350,
        6304,
        6357,
        1482,
        4621,
        2144,
        2613,
        3990,
        1642,
        6211,
        3423,
        3344,
        872,
        458,
        5813,
        6149,
        1731,
        6688
    ],
    "72": [
        4343
    ],
    "73": [
        5084,
        604,
        1037,
        6099,
        20,
        999,
        3722,
        4779,
        385,
        1374,
        777,
        1702,
        1888,
        4835,
        6911,
        1112,
        3684,
        5560,
        6806,
        2904,
        602,
        5924,
        536,
        5770,
        618,
        2417,
        830,
        2942,
        1893
    ],
    "74": [
        5535,
        2300,
        5420,
        2617,
        4716,
        215,
        4187,
        5425,
        1961,
        3411,
        5567,
        2262,
        1958,
        2548,
        5993,
        405,
        5845,
        923,
        5465,
        88,
        4582,
        6837,
        5459,
        2022,
        822,
        1022,
        2626,
        5469,
        2517,
        1094,
        1314,
        6859,
        6553,
        5696,
        933,
        6907,
        2351,
        2449,
        6464,
        1061,
        4151,
        125,
        6642,
        3093,
        1218,
        2026,
        3690,
        4755,
        1589,
        5788,
        4729,
        337,
        2178,
        3304,
        4326,
        1752,
        1778,
        2882,
        4829,
        3933,
        900,
        5483,
        6278,
        2297,
        1542,
        4234,
        6481,
        2542,
        2531,
        6661,
        205,
        3367,
        441,
        2004,
        2198,
        819,
        4927,
        420,
        4064,
        2983,
        1806,
        4978,
        6213,
        3829,
        1149
    ],
    "75": [
        1643,
        1027
    ],
    "76": [
        3087,
        4995,
        3584,
        3145
    ],
    "77": [
        679,
        1188,
        6279,
        3776
    ],
    "78": [
        4423,
        5112,
        2902,
        1623,
        216,
        4328,
        4643,
        1181,
        3026,
        5666,
        801,
        5677,
        6901,
        473,
        3055,
        1982,
        1248,
        2677,
        5384,
        4508,
        3180,
        1561,
        1530,
        4826,
        3379,
        4517,
        1102,
        5042,
        6243,
        6349,
        3345,
        4503,
        659,
        1818,
        3795,
        2895,
        3420,
        3766,
        1217,
        182,
        2453,
        3883,
        1715,
        4036,
        4738,
        6652,
        6484,
        5752,
        2691,
        3748,
        6689,
        2707,
        3188,
        1040,
        5023,
        6818,
        1282,
        1301,
        484
    ],
    "79": [
        4557,
        4290
    ],
    "80": [
        1637,
        4990,
        4094,
        4526,
        1472
    ],
    "81": [
        4595,
        3109
    ],
    "82": [
        3313,
        565,
        2994,
        6262,
        5301,
        6671,
        5378,
        4310,
        1239
    ],
    "83": [
        3759,
        3153,
        4359,
        465,
        2375,
        552,
        6166,
        4368,
        6332,
        2482,
        2115,
        5606,
        6561,
        4349,
        4092,
        2361,
        1272,
        2503,
        3860,
        3887,
        1688,
        1531,
        3462,
        5929,
        823,
        2606,
        4009,
        1231,
        590,
        1441,
        4147,
        843,
        2630,
        5985,
        3519,
        4273,
        790,
        145,
        1124,
        3166,
        6819,
        4887,
        4439,
        2228,
        5120
    ],
    "84": [
        4596
    ],
    "85": [
        2196,
        345,
        1641
    ],
    "86": [
        4103,
        935,
        5996,
        2619,
        1306
    ],
    "87": [
        1667,
        1701,
        1839,
        3638,
        1010,
        440,
        2197,
        4175,
        2124,
        2686,
        2177,
        4065,
        5280,
        6116,
        1580,
        3851,
        6442,
        5479,
        4935,
        6063,
        1694,
        6342,
        6322,
        1427,
        6873,
        2527,
        3189,
        266,
        1793,
        3227,
        661,
        80,
        3830,
        3548,
        3660,
        4459,
        1130,
        1848,
        6311,
        3328,
        4625,
        2368,
        2792,
        5852,
        6003,
        5674,
        234,
        3603,
        6152,
        1257,
        352,
        5422,
        3579,
        3969,
        4719,
        685,
        6102,
        3032,
        2973,
        2239,
        3410,
        4229,
        4657,
        5774,
        262,
        6171,
        5095,
        2764,
        4934,
        3523,
        3195,
        4647,
        1676,
        5107,
        2551,
        4806,
        864,
        2012,
        2406,
        5799,
        3286,
        463,
        6634,
        13,
        3172,
        3646,
        968,
        744,
        5200,
        4077,
        1787,
        767,
        4723,
        3916,
        6895,
        4828,
        4996,
        3817,
        1862,
        1840
    ],
    "88": [
        1241,
        476,
        2938
    ],
    "89": [
        1003
    ],
    "90": [
        5894,
        4289,
        732
    ],
    "91": [
        3330,
        6555,
        3558,
        3937,
        5263,
        6687,
        3799,
        5545,
        5127,
        1710,
        1751,
        3124,
        3362,
        1981
    ],
    "92": [
        6878,
        223,
        117,
        6393,
        1453,
        5334,
        1018,
        895,
        2586
    ],
    "93": [
        4485
    ],
    "94": [
        6841,
        409,
        4502,
        513,
        4067,
        6367,
        2645,
        530,
        6106,
        5151
    ],
    "95": [
        6614
    ],
    "96": [
        6791,
        4845,
        762,
        4916,
        2742,
        3885,
        3643,
        2489,
        4444,
        3068,
        2063
    ],
    "97": [
        2276
    ],
    "98": [
        5051,
        2558,
        2423,
        860,
        1131,
        2914,
        3143,
        3997,
        5932,
        2646,
        694,
        4938,
        5303,
        124,
        3666,
        4961,
        5471,
        1437,
        6868,
        4429,
        3151,
        326,
        4548,
        5387,
        4879,
        62,
        3241,
        217,
        5860,
        1157,
        2867,
        2833,
        2747,
        638,
        1508,
        1708,
        4446,
        4055,
        4466,
        3245,
        4635,
        5029,
        5851,
        5682,
        5019,
        2025,
        4858,
        4830,
        6519,
        3520,
        1769,
        5611,
        6309,
        6110,
        3970,
        2023,
        4409,
        3665,
        3061,
        6094,
        3604,
        6103,
        3848,
        1727,
        6315,
        1351,
        1726,
        2154,
        6137,
        6632,
        1007,
        1395,
        1798
    ],
    "99": [
        4700,
        3291,
        1545,
        1230,
        6845,
        3994,
        6388,
        5063,
        311,
        2009,
        3377,
        1110,
        97,
        1414,
        2620,
        5542
    ],
    "100": [
        4384,
        5494,
        464,
        684,
        1431,
        1373,
        6046
    ],
    "101": [
        6273,
        2811,
        6065,
        1158,
        6548,
        2282
    ],
    "102": [
        4824,
        1244,
        6084,
        4640,
        3813,
        2470,
        4100,
        826,
        2048,
        1709,
        5404,
        1236,
        2492,
        1629,
        3248,
        5286,
        2915,
        5230,
        2981,
        4803,
        1270,
        1362
    ],
    "103": [
        5072,
        1755,
        1773,
        1993,
        68,
        192,
        296,
        2652
    ],
    "104": [
        5401,
        3223,
        5634,
        4020,
        569,
        3381,
        6348,
        2995,
        3907,
        621,
        6411,
        5804,
        6431,
        546,
        4800,
        5007,
        1889,
        3239,
        4196,
        4971,
        6549,
        5536,
        6218,
        755,
        4848,
        6244,
        5212,
        5791,
        4697,
        6867,
        10,
        6378,
        6399,
        1098,
        1016,
        3624,
        3266,
        6050,
        3869,
        2296,
        3522,
        1039,
        333,
        4214,
        2462,
        2675,
        4383,
        3380,
        3443,
        5317,
        2151,
        1503,
        6619,
        3543,
        5937,
        761,
        5026,
        2712,
        6036,
        3574,
        4937,
        4445,
        4285,
        1469,
        3620,
        102,
        5573,
        2290,
        6233,
        2295,
        4967,
        1014,
        3792,
        3171,
        4486,
        6205,
        1303,
        2936,
        4467,
        4461,
        5707,
        6207,
        141,
        5419,
        1340,
        6101,
        3228,
        1536,
        3550,
        1986,
        2508,
        5393,
        3429,
        6789,
        2774,
        5188,
        5059,
        5368,
        5827,
        845,
        5626,
        1232,
        1380,
        270,
        5377,
        1295,
        3141,
        4228,
        3698,
        3597,
        1368,
        6754,
        5165,
        1278,
        4798,
        517,
        5577,
        1415,
        1216,
        4662,
        5609,
        1820,
        4105,
        5347,
        3867,
        1286,
        6842,
        382,
        4494,
        5970,
        6899,
        5556,
        5999,
        5758,
        615,
        3934,
        3132,
        5982,
        2870,
        533,
        25,
        3326,
        3812,
        2185,
        6739,
        4804,
        2331,
        5390,
        6271,
        4389,
        3609,
        1164,
        199,
        5076,
        3507,
        4375,
        5382,
        1234,
        1382,
        4420,
        1892,
        4972,
        4868,
        3071,
        512,
        2330,
        5480,
        752,
        5229,
        5298,
        2970,
        5489,
        1618,
        2518,
        4586,
        2580,
        1233,
        3683,
        5926,
        696,
        4541,
        6564,
        3939,
        6201,
        1060,
        6439,
        3511,
        2880,
        4249,
        5060,
        2637,
        1449,
        711,
        3246,
        4864,
        6229,
        4281,
        3914,
        6621,
        4449,
        516,
        3498,
        6324,
        6168,
        4110,
        222,
        3442,
        3307,
        4017,
        471,
        1738,
        4385,
        1477,
        469,
        734,
        601,
        1680,
        1824,
        4496,
        3448,
        3564,
        4054,
        3957,
        2385,
        6293,
        1624,
        3118,
        4247,
        4406,
        6117,
        3236,
        6321,
        6533,
        2689,
        1135,
        6883,
        3375,
        1999,
        585,
        50,
        921,
        5061,
        5981,
        2146,
        5974,
        2379
    ],
    "105": [
        3669,
        717,
        1067,
        3749,
        574,
        600,
        2595,
        157,
        4965,
        1381,
        2857,
        4075,
        6505,
        3337,
        3416
    ],
    "106": [
        5555,
        947,
        1129
    ],
    "107": [
        6130
    ],
    "108": [
        4865,
        1835,
        5581,
        4284,
        5539,
        4051,
        4131,
        4840,
        4570,
        4811,
        3762,
        2038,
        5649,
        4759,
        3538,
        2796,
        4342,
        6246,
        5056,
        5257,
        6139,
        6119,
        4734,
        2892,
        1367,
        5871,
        2180,
        5300,
        4951,
        4362,
        5071,
        4802,
        5400,
        6285,
        3154,
        378,
        6264,
        490,
        5822,
        1276,
        6112,
        4929,
        2781,
        1183,
        4336,
        2982,
        3449,
        5741,
        1813,
        3140,
        6298,
        3862,
        4309,
        5563,
        5289,
        2649,
        2605,
        6579,
        3858,
        4718,
        4770
    ],
    "109": [
        3019,
        6669,
        4155,
        894,
        2274,
        1194,
        841
    ],
    "110": [
        4560,
        4626,
        1473,
        2061,
        5271,
        6705,
        2192,
        42,
        6462,
        6487,
        1273
    ],
    "111": [
        487,
        3265,
        5877,
        4398,
        522,
        2372,
        2858,
        2928,
        3517,
        4524,
        3466,
        5356,
        4688,
        5684,
        3958,
        3183,
        1971,
        388,
        3664,
        2260,
        6833,
        1856,
        2521,
        5531,
        4653,
        3066,
        654,
        1348,
        2042,
        4373,
        3445,
        2599,
        4981,
        4516,
        4189,
        5575,
        4346,
        979,
        3461,
        6359,
        4000,
        4052,
        3155,
        6489,
        980,
        4531,
        2971,
        4767,
        2271,
        2126,
        6204,
        5747,
        5008,
        3585,
        6885,
        5055,
        1797,
        5900,
        139,
        5113,
        2020,
        3435,
        3480,
        2831,
        6164,
        355,
        1148,
        675,
        686,
        5878,
        5287,
        1955,
        1365,
        6892,
        1387,
        4609,
        3206,
        2401,
        2719,
        6364,
        1800,
        4186,
        6018,
        1328,
        3754,
        4106,
        4413,
        1033,
        2596,
        5628,
        3030,
        2494,
        1446,
        1407,
        2642,
        5630,
        236,
        4903,
        963,
        1105,
        4169,
        1850,
        4313,
        1073,
        5953,
        3725,
        1603,
        3493,
        1023,
        865,
        4070,
        3742,
        3719,
        4820,
        1293,
        1300,
        554,
        1262,
        4376,
        2629,
        1088,
        3612,
        3197,
        2252,
        757,
        2711,
        3164,
        3658,
        1417,
        179,
        1289,
        5085,
        912,
        2039,
        4726,
        5022,
        5731,
        1119,
        3122,
        2924,
        2171,
        666,
        5892,
        2332,
        3215,
        3063,
        3324,
        5228,
        5654
    ],
    "112": [
        4443,
        1684,
        4091
    ],
    "113": [
        4061,
        6421
    ],
    "114": [
        390,
        1222,
        1211,
        1357,
        974,
        3752,
        4599,
        17,
        3254,
        2673,
        6458,
        395,
        1880,
        3820,
        1972
    ],
    "115": [
        4882,
        5178,
        2820,
        338,
        5513,
        1463,
        1546,
        6354,
        2969,
        2202,
        6224,
        736,
        1487,
        6480,
        927,
        4215
    ],
    "116": [
        3509,
        5538,
        448,
        5519,
        4574,
        2416
    ],
    "117": [
        3924,
        924,
        3045,
        6313,
        3013
    ],
    "118": [
        2946,
        2166,
        5336,
        2585,
        4628,
        2849
    ],
    "119": [
        2979,
        371,
        383,
        3508,
        5576,
        5549,
        3267,
        3057,
        1042,
        1496,
        2806,
        1009,
        2074,
        4538,
        3717,
        111,
        6257,
        2876,
        343,
        6599,
        919,
        2465,
        1932,
        288,
        459,
        5274,
        3099,
        151,
        2120,
        5870,
        4795,
        2864,
        1318,
        5540,
        5003,
        5499,
        3262,
        4721
    ],
    "120": [
        6118
    ],
    "121": [
        721,
        2153,
        6032,
        4008,
        2804,
        5997,
        5989
    ],
    "122": [
        5607,
        6361,
        3553,
        3240,
        6002,
        3046,
        1891,
        1068,
        3091,
        1277,
        5967,
        2333,
        4468,
        5273,
        946,
        1776,
        76
    ],
    "123": [
        2174,
        1466,
        348,
        6173,
        2754,
        5559,
        5283,
        4484,
        3642,
        917,
        3469,
        5017,
        4264,
        1386,
        3773
    ],
    "124": [
        2032,
        6706
    ],
    "125": [
        2532,
        460,
        2158,
        3299,
        4564,
        1090
    ],
    "126": [
        181,
        6734,
        2393,
        4527,
        4263,
        1591,
        502,
        2374,
        435,
        1493,
        4827,
        1548,
        793,
        1259,
        3947,
        437,
        1904,
        2094,
        631,
        5333,
        3560,
        4392,
        6513,
        1076,
        3050,
        1330,
        915,
        3593,
        1771
    ],
    "127": [
        6069,
        4,
        5046,
        6499,
        5923,
        5644
    ],
    "128": [
        3632,
        2253,
        3981,
        6284
    ],
    "129": [
        3534,
        6580,
        4222
    ],
    "130": [
        1099,
        1051,
        4708,
        1765,
        1576,
        1927,
        1376,
        4141,
        802,
        5861,
        1086,
        4553,
        6123,
        3809,
        5344,
        3777,
        4437,
        1849,
        997,
        5745,
        482,
        832,
        540,
        5207,
        6142,
        1004,
        1075,
        3904,
        3318
    ],
    "131": [
        5756,
        5947,
        1062,
        6849,
        5077,
        599,
        3963,
        4649,
        4594,
        2751,
        855,
        772,
        5464,
        2634,
        3950,
        5921,
        1619,
        2894,
        316,
        6665
    ],
    "132": [
        6239
    ],
    "133": [
        575,
        342,
        4302,
        3053,
        5242,
        2728,
        1819,
        3952,
        3966,
        1621,
        5736,
        5183,
        4760,
        995,
        4235,
        993,
        427,
        6696,
        6071,
        6815,
        616
    ],
    "134": [
        3226,
        5864,
        1794,
        874,
        4631
    ],
    "135": [
        6228,
        4627,
        1274,
        406,
        2578,
        1613,
        4562,
        4549,
        5213,
        2729,
        1882,
        2801,
        612,
        6183,
        2541,
        399
    ],
    "136": [
        2568,
        6132,
        1185,
        2821,
        3424,
        4170,
        5217,
        2430,
        3257
    ],
    "137": [
        1626,
        1251,
        6030,
        787,
        2861,
        6663,
        4474,
        2511,
        5969,
        3756,
        3331,
        2536,
        5751,
        3781,
        331,
        6082,
        150,
        6588,
        4303,
        2947,
        1291,
        4652,
        65,
        2201,
        5238,
        6045,
        1029,
        969,
        6713,
        5846
    ],
    "138": [
        4818,
        4922,
        1370,
        3352,
        2684,
        6467,
        5906,
        3827,
        4504,
        1596,
        6524,
        3020,
        1079,
        5898,
        218,
        2442,
        2760
    ],
    "139": [
        6310
    ],
    "140": [
        5223,
        297,
        4894,
        3176,
        3876
    ],
    "141": [
        300
    ],
    "142": [
        4857
    ],
    "143": [
        6685,
        1899,
        1246,
        103,
        242,
        3741,
        99,
        2581,
        6270,
        6136,
        1871,
        5345,
        3459,
        1214,
        2235,
        6426,
        3784,
        5883,
        2872,
        5592,
        508,
        3064,
        2113,
        4083,
        4619,
        3147,
        2930,
        2045,
        3276,
        5032,
        3708,
        6589,
        856,
        5197,
        6807,
        6542,
        1622,
        6272,
        614,
        6832,
        2320,
        561,
        3024,
        2842,
        6255,
        581,
        6790,
        4556
    ],
    "144": [
        971,
        6456,
        3614,
        4451,
        1152,
        6067
    ],
    "145": [
        2344,
        6256,
        989,
        3049
    ],
    "146": [
        3006,
        4742,
        34,
        4671,
        6042,
        2671,
        1353,
        2884,
        5266,
        2079,
        1385,
        335,
        4964,
        3018,
        1940,
        5671,
        5293,
        3679,
        3758,
        5414,
        3888,
        1271,
        1581,
        6372,
        6890,
        6741,
        6644,
        3263,
        6292,
        1647,
        5992
    ],
    "147": [
        4312,
        5140,
        6722,
        3238,
        3774,
        1035,
        3281,
        4519,
        4071,
        2035,
        4240,
        6113,
        2159,
        6802,
        3814,
        5778,
        3951,
        4488,
        2008,
        571,
        6038,
        1605
    ],
    "148": [
        6581
    ],
    "149": [
        1074,
        421,
        246,
        3944,
        6061
    ],
    "150": [
        4482,
        3991,
        4219,
        2560,
        5153,
        6382,
        808,
        6286,
        3094,
        5925,
        3361,
        480,
        813,
        1586,
        315,
        4115,
        853,
        2477,
        6779,
        5848,
        4354,
        5349,
        3529,
        981,
        2142,
        4510,
        4591,
        3158,
        1890,
        6452,
        4717,
        1095,
        6268,
        5901,
        4871,
        2493,
        2638,
        4834,
        1874,
        5354,
        756,
        3431,
        6536,
        3080,
        5191,
        1661,
        4489,
        1960,
        2136,
        3960,
        1814,
        6145,
        4991,
        1700,
        2114,
        4133,
        1578,
        2865,
        6371,
        6792,
        3788,
        2413,
        5235,
        3718,
        2080,
        3949,
        514,
        6822,
        2641
    ],
    "151": [
        4950,
        6381,
        6299,
        3043,
        5158,
        2878,
        6128,
        3048
    ],
    "152": [
        5124,
        1965,
        6468,
        2951,
        1571,
        3283,
        705,
        956,
        2265,
        880,
        6089,
        840,
        1802,
        4412,
        4629,
        3513,
        2656,
        2860,
        3173,
        5452,
        610,
        1182,
        3629,
        6747,
        2534,
        3403,
        232,
        2186,
        5773,
        4479,
        5776,
        4044,
        2716,
        4913,
        5828,
        750,
        4624,
        1772,
        4356,
        1465,
        538,
        885,
        3872,
        4507,
        2380,
        6429,
        1936,
        3561,
        43
    ],
    "153": [
        164,
        5505,
        3874,
        2143
    ],
    "154": [
        4431,
        4776,
        6471,
        416,
        1673,
        4788,
        3105,
        735,
        1914,
        291,
        2471,
        5705,
        6820,
        5258,
        5685,
        161,
        6559,
        210,
        5673,
        2957,
        5443,
        2191,
        5342,
        5247,
        5882,
        2016,
        3169,
        5692,
        1229,
        5355,
        1665,
        2287,
        6013,
        5585,
        2931,
        5501,
        3682,
        4540,
        493,
        74,
        3618,
        3316,
        3893,
        6743,
        3875,
        2256,
        4952,
        5688,
        1392,
        1403,
        5487,
        3170,
        19,
        2748,
        1854,
        2621,
        4880,
        1991
    ],
    "155": [
        5855,
        2326,
        5503,
        2916,
        439,
        4453,
        5842,
        544,
        2887,
        2469,
        1846,
        2672,
        4889,
        3903,
        6409,
        6770,
        642,
        2214,
        3900,
        2398,
        5533,
        1343,
        2474,
        5031,
        4128,
        6031,
        526,
        1938,
        407,
        2917,
        5670,
        728,
        5527,
        3161,
        1256,
        4993,
        3044
    ],
    "156": [
        506,
        5750,
        5454,
        1204,
        5597,
        5405,
        6900,
        4028,
        1718,
        1137,
        5812,
        634,
        3077,
        6368,
        2850
    ],
    "157": [
        2959,
        1302,
        2285,
        5886,
        6756,
        4817,
        6821,
        3334,
        5764,
        4050
    ],
    "158": [
        3100,
        1910,
        580,
        1979
    ],
    "159": [
        5738,
        2740,
        1917,
        1826,
        5859,
        3580,
        5219,
        4046,
        674,
        6406,
        4421,
        2797,
        3060,
        2952,
        4307
    ],
    "160": [
        931,
        1970,
        4286,
        5897,
        2472,
        3065,
        3527,
        6001,
        2334,
        3501,
        5554,
        1345,
        1873,
        6436,
        3785,
        144,
        4917,
        5918,
        498,
        244,
        578,
        1439,
        6804,
        5761,
        6251,
        672,
        4593,
        1044,
        6020,
        235,
        5960,
        4957,
        6419,
        6902,
        3430,
        120,
        5939,
        4415,
        5421,
        3220,
        3589,
        6074,
        5351,
        6247,
        4878,
        2165,
        4737,
        370,
        5646,
        2964,
        2354,
        135,
        6840,
        1588,
        4047,
        3926,
        3943,
        6107,
        5216,
        219,
        4161,
        6296,
        5041,
        2524,
        3567,
        6637,
        1083,
        2576,
        2028,
        4694,
        2516,
        3594,
        2888,
        3973,
        4787,
        5215,
        6479,
        884,
        5069,
        2010,
        3999,
        1172,
        3464
    ],
    "161": [
        1739,
        6566
    ],
    "162": [
        2984,
        4660,
        3621,
        4998,
        1573,
        4552,
        2127,
        69,
        2182,
        4534,
        11,
        2968,
        3630,
        3092,
        3925,
        6396,
        5524,
        5276,
        2418,
        1698,
        5561,
        2854,
        41
    ],
    "163": [
        6755,
        4856,
        5193,
        4908,
        3688,
        5118,
        4907,
        3213
    ],
    "164": [
        557,
        6159,
        1841,
        1252,
        4659,
        4447,
        5964,
        2886,
        3920,
        807,
        551,
        3232,
        1791,
        1996,
        6766,
        3714,
        2873,
        5319,
        6831,
        6220,
        2452,
        5184,
        4231,
        1118,
        3368,
        3438,
        3607,
        847,
        5703,
        44,
        2081,
        1478,
        95,
        4386,
        6033,
        769,
        1287,
        4166
    ],
    "165": [
        5413,
        6126,
        298,
        6320,
        2840,
        1228,
        363,
        1732,
        6578,
        959
    ],
    "166": [
        683,
        3082,
        4632,
        1579,
        3028,
        3216,
        6740,
        1443,
        3693,
        2896,
        6014,
        2450
    ],
    "167": [
        3805
    ],
    "168": [
        4418,
        2425,
        4462
    ],
    "169": [
        4514,
        2029,
        2128,
        5103,
        4975,
        4259,
        5565,
        4475,
        641,
        2141,
        1541,
        1523,
        836,
        2433,
        5820,
        737,
        2829,
        4136,
        4026
    ],
    "170": [
        3819
    ],
    "171": [
        6538,
        2399,
        4251,
        4416,
        5444,
        3204,
        5715,
        925,
        2200,
        6904,
        2869,
        1197,
        3407,
        908,
        3123,
        5045,
        4365,
        6010,
        2280,
        5493,
        425,
        5600,
        5080,
        2446,
        3135
    ],
    "172": [
        4191,
        1335,
        6530,
        5297,
        5564,
        1269,
        6260,
        6500,
        403,
        5374,
        833,
        3294,
        2510,
        5074,
        485,
        4224,
        1263,
        695,
        1338,
        5291,
        3841,
        3385,
        5718,
        4764,
        1521,
        1766,
        5902,
        3655,
        6058,
        2259,
        424,
        1943,
        4414,
        2240,
        6782,
        785,
        3350,
        2762,
        1515,
        6148,
        1057,
        2319,
        1240,
        6087,
        1520,
        1369,
        4260,
        6450,
        5708,
        4870,
        6679,
        2607,
        3610,
        2249,
        5328,
        6417,
        4283,
        1969,
        2670,
        5734,
        6612
    ],
    "173": [
        852,
        6838,
        3680,
        6572,
        3596,
        2373,
        1604,
        1347,
        1612,
        4607,
        31,
        4223,
        3959,
        1464,
        662,
        3801,
        3022,
        1648,
        681,
        1575,
        203,
        3544,
        4178,
        2905,
        130,
        1593,
        6012,
        3667,
        1136,
        6518,
        4102,
        5047,
        3308,
        418,
        5375,
        444,
        2241,
        4380,
        5224,
        3986,
        3911,
        1931,
        249
    ],
    "174": [
        1312,
        4699,
        2618,
        2261,
        4262,
        6618,
        3446,
        4297,
        1297,
        955,
        3740,
        1107,
        1221
    ],
    "175": [
        6400,
        79,
        3275,
        372
    ],
    "176": [
        2108,
        3131,
        6179,
        71,
        2755,
        4271,
        2777,
        6641,
        3268,
        5265,
        4022,
        5440,
        3074,
        4370,
        6037,
        6170,
        5594,
        6526,
        6420
    ],
    "177": [
        5004,
        268,
        1610,
        2989,
        1711,
        1837,
        4849,
        2783,
        1404,
        573,
        2723,
        4171,
        451,
        5035,
        3086,
        4306,
        2019,
        1763,
        1103,
        423,
        6728,
        3460,
        4801,
        1566,
        5152,
        2866,
        3626,
        4705,
        4610,
        2000,
        5087,
        6334,
        4841,
        3606,
        1652,
        3042,
        6453,
        4758,
        4780,
        321,
        2837
    ],
    "178": [
        3886,
        27,
        2118,
        5177,
        6060,
        2427,
        4301,
        339,
        5332,
        3002,
        4651,
        5615,
        547,
        3826,
        171,
        5831,
        2443,
        37,
        2627,
        6510,
        3712,
        1706,
        6389
    ],
    "179": [
        4464,
        4417,
        4876,
        909,
        3111,
        941,
        3854,
        2422
    ],
    "180": [
        1744,
        1595,
        4490,
        2421,
        194,
        881,
        1053
    ],
    "181": [
        4179,
        3202,
        1660,
        3617,
        5934
    ],
    "182": [
        595,
        1305,
        4090
    ],
    "183": [
        6068,
        3483,
        4530,
        3710,
        4221,
        5884,
        3996,
        4962,
        2705,
        5305,
        3641,
        4615,
        1408,
        5117,
        3768,
        4778,
        5406,
        1428,
        5195,
        2092,
        4371,
        3470,
        5018,
        2582,
        5038,
        5065,
        2021,
        3184,
        706,
        6144,
        267,
        2370,
        1420,
        2897,
        4320,
        2075,
        4184,
        5948,
        1922,
        5364,
        1440,
        265,
        964,
        2408,
        1127,
        422,
        6483,
        22,
        2640,
        6855,
        1474,
        1749,
        2720,
        3149,
        6522,
        4463,
        358,
        5352,
        3499,
        4390
    ],
    "184": [
        4173,
        6540,
        1247,
        3175,
        3394,
        2891,
        233,
        5346,
        3804,
        1371,
        4258,
        263,
        4305,
        3746
    ],
    "185": [
        4334,
        2329,
        4633,
        6843,
        1534,
        3406,
        759,
        198,
        976,
        2798,
        3796,
        1535
    ],
    "186": [
        3821,
        3571,
        3628,
        4709,
        3011,
        3590,
        1609,
        411,
        5978,
        6552
    ],
    "187": [
        534,
        3207,
        6095,
        142
    ],
    "188": [
        5101,
        4947,
        2172,
        4137,
        4545,
        3598,
        4193,
        66,
        6330
    ],
    "189": [
        4681,
        4338,
        1920,
        2490,
        5700,
        1019,
        6408,
        4073,
        5933,
        1326,
        397,
        2309,
        3856,
        2844,
        5915,
        3279,
        3562
    ],
    "190": [
        4082,
        1919,
        1662,
        231
    ],
    "191": [
        4011,
        2266,
        4402,
        1050,
        4686,
        591,
        4899,
        3625,
        286,
        1975,
        3376,
        3412,
        4752,
        3289,
        3772,
        3595,
        2810,
        5208,
        592,
        6231,
        4667,
        2744,
        158,
        4678,
        5693,
        3859,
        960,
        1488,
        3495,
        657,
        1483,
        4265,
        6875,
        2752,
        5940,
        2953,
        2273,
        3103,
        3242,
        6509,
        5248,
        2563,
        4867,
        3727,
        1907,
        3492,
        583,
        2308,
        2258,
        5463,
        937,
        2181,
        3504,
        4891,
        6366,
        1620,
        330,
        633,
        89,
        3615,
        5697,
        4637,
        904,
        6871,
        2653,
        803,
        6830,
        1758,
        381,
        651,
        4457,
        4860,
        6809,
        5625,
        4520,
        907,
        5486,
        1895,
        3159,
        1379,
        5267,
        5227,
        3025,
        6317,
        670,
        1359,
        6295,
        1737,
        5360,
        5484,
        792,
        4483,
        2279,
        878,
        3205,
        2679,
        5781,
        2722,
        1525,
        1085,
        4060,
        6725,
        1682,
        6200,
        6616,
        2459,
        5369,
        5438,
        2814,
        6269,
        94,
        1397,
        5879,
        791,
        5647,
        4014,
        939,
        4058,
        5232,
        6693,
        5143,
        6177,
        5825,
        4248,
        2721,
        6501,
        4442,
        1151,
        2788,
        3732,
        5304,
        4012,
        5766,
        6531,
        5139,
        2768,
        4242,
        5398,
        2554,
        5541,
        3001,
        4618,
        4654,
        3954,
        1878,
        1451,
        5245,
        3116,
        603,
        4360,
        4532,
        9,
        2419,
        1450,
        4032,
        5668,
        2292,
        2699,
        2879,
        3932,
        3892
    ],
    "192": [
        1043,
        1242,
        6064,
        5475,
        701,
        3229,
        4509,
        6865,
        4970,
        160,
        3120,
        6203,
        6543,
        1743,
        2923,
        6029,
        2785,
        677,
        6250,
        1498,
        5704,
        5237,
        4741,
        3496,
        2803,
        797,
        1479,
        4976,
        5657,
        2175,
        3366,
        327,
        2659,
        594,
        5711,
        6610,
        4944,
        5690,
        6425,
        90,
        6662,
        1683,
        6514,
        1863,
        742,
        1467,
        2724,
        5805,
        4831,
        2667,
        6800,
        1424,
        1857,
        3177,
        5612,
        4037,
        6714,
        33,
        5431,
        3433,
        6817,
        2484,
        386,
        3807,
        5588,
        367,
        2237,
        2299,
        563,
        2255,
        5605,
        226,
        6768,
        2834,
        6617,
        1834,
        6303,
        3440,
        749
    ],
    "193": [
        1294,
        1145,
        4013,
        377,
        1929,
        3270,
        3408
    ],
    "194": [
        2756,
        6026,
        2264,
        1026,
        281,
        5552,
        5667,
        6767,
        400,
        2216,
        4428,
        2664,
        1803
    ],
    "195": [
        6433,
        3162,
        4145,
        6017,
        4450,
        6720,
        6195,
        3192,
        2800,
        3678,
        2250,
        4146,
        2112,
        1722,
        4687,
        6355,
        96,
        5608,
        3846,
        2710,
        2184,
        5199,
        6404,
        4563,
        5209,
        5537,
        3835,
        1810,
        1657,
        4789,
        6748,
        4230,
        5551,
        2069,
        1556,
        5135,
        6402,
        5743,
        6774,
        3128,
        5116,
        2650,
        2286,
        597,
        1650,
        2739,
        2909,
        3261,
        4108,
        4267,
        5426,
        5366,
        1909,
        5990,
        663,
        5094,
        1547,
        4715,
        2246,
        1206,
        2682,
        4172,
        4914,
        632,
        4547,
        6482,
        1902,
        3917,
        4793,
        4159,
        2862,
        3559,
        6345,
        932,
        5604,
        593,
        5014,
        3327,
        3372,
        6469,
        213
    ],
    "196": [
        2284,
        176,
        1219,
        3880,
        6383,
        2513,
        4814,
        943,
        3272,
        4377,
        5515,
        555,
        707,
        2306,
        1934,
        5975,
        5316,
        224,
        3978,
        36,
        3285,
        6352,
        2779,
        4132,
        5876,
        6729,
        4481,
        2157,
        191,
        5134,
        967,
        5264,
        2901,
        470,
        3695,
        64,
        2013,
        6775,
        751,
        1378,
        1901,
        6090,
        6512,
        6424,
        5863,
        6035
    ],
    "197": [
        4861,
        3901,
        6799,
        3738,
        5210,
        1501,
        712,
        966,
        1720,
        4355,
        3810,
        6015
    ],
    "198": [
        4441,
        447,
        6503,
        138,
        5817,
        245,
        2327,
        4452,
        1928,
        6230,
        4327,
        5411,
        6672
    ],
    "199": [
        6460,
        3201,
        3808,
        3890,
        6343
    ],
    "200": [
        2835,
        4379,
        2072
    ],
    "201": [
        2111,
        2778,
        3035,
        6016,
        5145,
        1956,
        1354,
        5627,
        5518,
        5488,
        2382,
        954,
        5149,
        2980,
        4395
    ],
    "202": [
        4124,
        349,
        4138,
        273,
        6668,
        5315,
        5899
    ],
    "203": [
        1155,
        2439,
        172,
        2221,
        6395,
        5787,
        4117,
        3870,
        543,
        3016,
        5326,
        1470,
        6702,
        4877,
        1253,
        5633,
        3296,
        5640,
        5809,
        5233,
        2049,
        6550,
        3336,
        1511,
        5052,
        2135,
        6674,
        572,
        4072,
        4542,
        1237,
        1876,
        5402,
        6891,
        149,
        3051,
        5572,
        653,
        4713,
        1361,
        2077,
        4150,
        2841,
        84,
        3338,
        143,
        687,
        951,
        5290,
        61,
        78,
        1855,
        6808,
        6167,
        6870,
        6604,
        566,
        4471,
        6238
    ],
    "204": [
        3864,
        1913,
        6206,
        5067,
        2409,
        1457,
        1974,
        1235,
        5098,
        3282,
        496,
        3770,
        2818,
        6781,
        1413,
        888,
        277,
        2786,
        4217
    ],
    "205": [
        3436,
        2853,
        3037,
        5321,
        2564
    ],
    "207": [
        2932
    ],
    "208": [
        1120,
        6694,
        495,
        4698,
        4339,
        527,
        6182,
        1804,
        5730,
        184,
        6325,
        4740,
        4528,
        4943,
        4001,
        4158,
        3274,
        6844,
        1582,
        5323,
        2676,
        5728,
        6445,
        201,
        2483,
        3034,
        6111,
        6079,
        2991,
        2226,
        57,
        637,
        4581,
        6889,
        302,
        3857,
        800,
        1742,
        3222,
        3343,
        5142,
        128,
        5376,
        1296,
        1260,
        1008,
        3284,
        5403,
        5155,
        3988,
        3613,
        5624,
        6529,
        562,
        1179,
        6081,
        116,
        6887,
        3500,
        4900,
        2579,
        2683,
        24,
        958,
        2479,
        5456,
        2322,
        5959,
        5678,
        2678,
        4730,
        5991,
        2359,
        6760
    ],
    "209": [
        220,
        5497,
        4239,
        6416,
        3224,
        6658,
        2515,
        2110,
        1337,
        4812,
        2546,
        5623,
        6134,
        5916,
        4405,
        136,
        4391,
        2448,
        6496,
        5887,
        1490,
        3138,
        4794,
        1258,
        2967,
        3818,
        987,
        3983,
        1672,
        6882,
        4116,
        5841,
        4500,
        537,
        5544,
        4897,
        6625,
        2307,
        2230,
        1770,
        6905,
        4727,
        6692,
        1844,
        6776,
        6377,
        3418,
        2522,
        5755,
        4813,
        1952,
        5162,
        3582,
        154,
        936,
        1903,
        2577,
        443,
        1677,
        1331,
        5530,
        3653,
        5343,
        1250,
        5174,
        1651,
        5502,
        829,
        256,
        6737,
        5412,
        6862,
        5427,
        4888,
        1644,
        6872,
        5562,
        6585,
        6114,
        6839,
        3780,
        3089,
        3165,
        4407,
        2138,
        3112,
        4684,
        6787,
        6294,
        4140,
        104,
        3129,
        3076,
        5243,
        6066,
        2644,
        1781,
        2410,
        1116,
        294,
        6191,
        4833,
        4956,
        4295,
        2661
    ],
    "210": [
        998,
        4884,
        3478
    ],
    "211": [
        4361,
        3219,
        5895,
        4127,
        131,
        5875,
        1160
    ],
    "212": [
        4518,
        5206
    ],
    "213": [
        560,
        1894,
        4571,
        4808,
        5292,
        3576,
        5253
    ],
    "215": [
        1625,
        2390,
        2495,
        6075,
        3320,
        6007,
        5490,
        1186,
        2690,
        2342,
        5636,
        2133,
        2478,
        996,
        2251,
        4896,
        6757,
        5337,
        2066,
        392
    ],
    "216": [
        5194,
        6430,
        3709,
        975
    ],
    "217": [
        3287,
        361,
        5362,
        5472,
        2920,
        6140,
        2208,
        5616,
        165,
        1072,
        6308,
        6091,
        3592,
        4617,
        7,
        983,
        2681,
        1406,
        2985
    ],
    "218": [
        6633,
        6341,
        2828,
        1557,
        5130
    ],
    "219": [
        5853,
        1471,
        4573,
        6080,
        3181,
        1748,
        5642
    ],
    "220": [
        6024,
        3303,
        4997,
        1866,
        4630,
        1759,
        1448,
        2514,
        6638,
        5353,
        5371,
        811,
        647,
        4134,
        2179,
        1760,
        6422,
        4232,
        1687,
        4096,
        1106,
        2502,
        3322,
        2918,
        4602,
        5669,
        2121
    ],
    "221": [
        4598,
        5553,
        6175,
        2816,
        4690,
        1868,
        3454,
        6733,
        3540,
        4809,
        1433,
        4775,
        2497,
        994,
        5961,
        6893,
        5239,
        3427,
        3984,
        871,
        156,
        3374,
        1212,
        6234,
        488,
        6,
        6912,
        6486,
        6104,
        636,
        2314,
        3616,
        3378,
        4597,
        2698
    ],
    "222": [
        4921,
        6796,
        5583,
        4208,
        1419,
        4969,
        5691,
        5510,
        6698,
        6521,
        167,
        1038,
        360,
        2269,
        6192,
        3067,
        1454,
        5768,
        3088,
        2107,
        2420
    ],
    "223": [
        2056,
        2466,
        5526,
        1957,
        3537,
        2822,
        3252,
        3235,
        6197,
        2298,
        5307,
        5221,
        4204
    ],
    "224": [
        3351,
        3301,
        6172,
        6681,
        3627,
        938,
        1584,
        4923,
        3425
    ],
    "225": [
        5141,
        3199,
        4458,
        4167
    ],
    "226": [
        2501,
        5451,
        5442,
        2735,
        4027,
        5106,
        237,
        6609,
        6874,
        419,
        4156,
        3729,
        3786,
        6534,
        765,
        5311,
        1315,
        6629,
        6476,
        1494,
        5724,
        5460,
        1992,
        4256,
        5927,
        598,
        4321,
        3652,
        1865,
        814,
        2324,
        4736,
        271,
        1815,
        4977,
        2921,
        2054,
        6602,
        6485
    ],
    "227": [
        5909,
        693,
        3073,
        4646,
        3280,
        5028,
        1313,
        1735,
        4863,
        6209,
        1430,
        3896,
        950,
        3824,
        1513,
        6258,
        396,
        1175,
        1401,
        3705,
        1937,
        6386,
        1001,
        494,
        290,
        3843,
        5753,
        3119,
        1514,
        1949,
        2412,
        6826,
        1964,
        4201,
        6686,
        740,
        2877,
        4015,
        73,
        3383,
        4491,
        1851,
        2407,
        109,
        6649,
        1360,
        1705,
        318,
        5596,
        1309,
        1223,
        483,
        4244,
        5068,
        2304,
        2648,
        827,
        4905,
        2977,
        6297,
        504,
        5255,
        1775,
        6763,
        2556,
        1689,
        4213,
        4859,
        4661,
        2244,
        391,
        5433,
        4183,
        928,
        5949,
        2204,
        3306,
        3298,
        5252,
        773,
        3237,
        3975,
        4590,
        322,
        5792,
        2651,
        251,
        6814,
        5203,
        2635,
        4177,
        629,
        4898,
        883,
        314,
        2169,
        5361,
        417,
        282,
        2160,
        6595,
        3753,
        611,
        1796,
        2275,
        1111,
        1879,
        6622,
        5424,
        4165,
        564,
        6497,
        3842,
        6055,
        4045,
        4843,
        6847,
        809,
        2402,
        4053,
        6057,
        1679,
        770,
        1912,
        1435,
        2156,
        4576,
        584,
        3391,
        5869,
        2519,
        1393,
        5090,
        4472,
        3737,
        2101,
        3040,
        354,
        1697,
        2832,
        1616,
        1280,
        6155,
        4304,
        6214,
        3865,
        1423,
        2948,
        2457,
        2795,
        4945,
        3802,
        1602,
        174,
        204,
        2106,
        129,
        4080,
        38,
        3473,
        3976,
        1845,
        4085,
        2805,
        6319,
        1209,
        5919,
        4601,
        2167,
        3702,
        1215,
        5192,
        3552,
        1945,
        6744,
        2033,
        6241,
        4580,
        6105,
        2543,
        3278,
        6592,
        5481,
        6850,
        6639,
        656,
        6245,
        2992,
        1543,
        4162,
        525,
        1350,
        5844,
        1077,
        3711,
        709,
        2668,
        1946,
        837,
        6226,
        6339,
        5613,
        5801,
        3633,
        4762,
        2935,
        5185,
        6474,
        2523,
        4766,
        5114,
        1502,
        3713,
        5638,
        4786,
        110,
        3490,
        6326,
        1968,
        2476,
        6392,
        5744,
        5159,
        1015,
        1461,
        1783,
        6291,
        745,
        4815,
        3572,
        1356,
        6835,
        4664,
        6803,
        6488,
        5275,
        1429,
        818,
        6093,
        3221,
        5324,
        5833,
        5081,
        5794,
        1426,
        5689,
        5220,
        2485,
        1721,
        1476,
        5186,
        5083,
        4237,
        5716,
        2352,
        3397,
        5880,
        1319,
        30,
        2248,
        4757,
        2486,
        906,
        5409,
        4994,
        446,
        5167,
        4419,
        6216,
        4902,
        5830,
        5102,
        4018,
        6160,
        6125,
        5522,
        2473,
        2665,
        2763,
        4372,
        5580,
        5979,
        2303,
        432,
        5599,
        6276,
        3928,
        6659,
        1568,
        1553,
        4955,
        6240,
        2353,
        2003,
        6277,
        6157,
        1121,
        2934,
        3884,
        1925,
        5890,
        2732,
        177,
        1080,
        5091,
        280,
        5686,
        5477,
        613,
        4448,
        3038,
        5550,
        5396,
        2610,
        4895,
        5437,
        2614,
        3148,
        4974,
        2557,
        1823,
        455,
        4966,
        3743,
        5602,
        1858,
        2692,
        6062,
        3555,
        1261,
        2139,
        433,
        3839,
        2588,
        5284,
        4246,
        1812,
        4589,
        2696,
        6704,
        2034,
        1562,
        5453,
        4318,
        3017,
        3671,
        2787,
        3134,
        5363,
        6403,
        1877,
        5591,
        4675,
        5285,
        5661,
        2539,
        196,
        4436,
        2365,
        5814,
        6834,
        4292,
        4676,
        2463,
        2700,
        1967,
        2898,
        6288,
        6494,
        4773,
        1767,
        3421,
        1510,
        4005,
        4034,
        1747,
        5511,
        3010,
        3360,
        5043,
        2717,
        1774,
        2863,
        6709,
        859,
        828
    ],
    "228": [
        6289,
        3910,
        2817,
        4311,
        5712,
        6785,
        973,
        3488,
        2233,
        5656,
        5874,
        5660,
        6194,
        5885,
        2611,
        1349,
        1058,
        5379,
        4982,
        6680,
        5629,
        1897,
        2625,
        1159,
        3868,
        4616,
        3803,
        2391,
        1884,
        866,
        5407,
        899,
        567,
        6718,
        2007,
        3556,
        1712,
        3104,
        1730
    ],
    "229": [
        2600,
        3631,
        6100,
        6444
    ],
    "230": [
        4939,
        1308,
        1827,
        2360,
        1156,
        3302,
        4838,
        1336,
        2460,
        4241,
        972,
        1750,
        6788,
        5917,
        3936,
        6630,
        5005,
        1141,
        5836,
        4425,
        5653,
        4329,
        2078,
        692,
        515
    ],
    "231": [
        3946,
        2162,
        4886,
        5983,
        5011,
        6736,
        2725,
        58,
        2044,
        1998,
        6022,
        798
    ],
    "232": [
        6413,
        2193,
        3107
    ],
    "233": [
        1509,
        4148
    ],
    "234": [
        5146,
        486,
        1011,
        341,
        1495,
        241,
        5399,
        6478,
        6210,
        313,
        3253,
        2974,
        6053,
        180,
        4049,
        1782,
        214,
        6864,
        3648,
        1045,
        710,
        3755,
        5659,
        2438,
        559,
        3942,
        6506,
        539,
        147,
        3342,
        240,
        5920,
        4696,
        1614,
        6539,
        4476,
        3463,
        5358,
        838,
        6582,
        457,
        434,
        2545,
        4622,
        6504,
        2267,
        2130,
        474,
        4749,
        6695,
        2350,
        6088,
        3955,
        4754,
        854,
        2458,
        2500,
        806,
        4554,
        2633,
        5797,
        3674,
        4695,
        2047,
        4958,
        1832,
        2956,
        3736,
        4555,
        2561,
        5093,
        6083,
        1283,
        4323
    ],
    "235": [
        2819,
        4883,
        309,
        2791,
        4515,
        3651,
        5643,
        6490,
        4819,
        2950,
        1249,
        2060,
        5236,
        6281,
        3706,
        155,
        5256,
        6491,
        3341,
        6515,
        1885
    ],
    "236": [
        6434,
        5277
    ],
    "237": [
        1963,
        788,
        764,
        4294,
        6823,
        1678,
        1784,
        1607,
        3333,
        132,
        5639,
        640,
        1220
    ],
    "238": [
        1000,
        1592,
        6441,
        1092,
        3370,
        5279,
        3724,
        5769
    ],
    "239": [
        3502,
        2205,
        5027,
        3441,
        123,
        2587,
        978,
        1445
    ],
    "240": [
        2525,
        6190
    ],
    "241": [
        6454,
        2746
    ],
    "242": [
        606
    ],
    "243": [
        6412,
        4777,
        5434,
        5491,
        127,
        169,
        6432,
        698,
        4211,
        6699,
        3293,
        5496,
        3479,
        5506,
        4575,
        3150,
        1668,
        4130,
        774,
        2737,
        5070,
        920,
        5,
        1364,
        324,
        3489,
        5299,
        2706,
        3747,
        4470,
        2475,
        4999,
        6786,
        5173,
        771,
        2104,
        1567,
        2397,
        3877,
        115,
        5138,
        5154,
        4195,
        6600,
        1695,
        6719,
        6909,
        1583,
        6121,
        4033,
        4351,
        541,
        4936,
        520,
        1372,
        676
    ],
    "244": [
        2355,
        4210,
        2827
    ],
    "245": [
        3497,
        3787,
        1872,
        4393
    ],
    "246": [
        3542,
        479,
        4387,
        6129,
        3000,
        4506,
        6584,
        1017,
        2743,
        4003
    ],
    "247": [
        2954,
        2301,
        2441,
        3395,
        3816
    ],
    "248": [
        4634,
        454,
        468,
        2394,
        5075,
        844,
        6427,
        357,
        2243,
        3503,
        1537,
        6398,
        1065,
        3163,
        703,
        2766,
        4533,
        3515,
        965,
        1101,
        350,
        2468,
        5913,
        3995,
        4683,
        1324,
        6124,
        4539,
        6005,
        1753,
        3031,
        2911,
        2067,
        1966,
        4920,
        4847,
        3405,
        4893,
        2194
    ],
    "249": [
        4805,
        5566,
        6120,
        3225,
        3902,
        2960,
        4341,
        2224,
        4919,
        2919,
        3563,
        3369,
        3428,
        255
    ],
    "250": [
        5523
    ],
    "251": [
        1528,
        1100
    ],
    "252": [
        6603,
        1138,
        2859,
        6903,
        3125,
        6232,
        5000,
        3015,
        3130,
        4438,
        2826,
        4422,
        3269,
        1825,
        579,
        643,
        2212,
        6836,
        2885,
        1833,
        1049,
        6122,
        1122,
        4057,
        898,
        4112,
        6816,
        5002,
        5073,
        1577,
        1594,
        173,
        4487,
        5652,
        4677
    ],
    "253": [
        2125
    ],
    "254": [
        6759,
        2220,
        6047,
        6795,
        1128,
        5721,
        4613,
        6591,
        5161,
        4104,
        5952,
        558,
        3549,
        2152,
        6475,
        985,
        3794,
        3723,
        2270,
        2772,
        5944,
        1944,
        5450,
        5803,
        1225,
        6624,
        2218
    ],
    "255": [
        5144
    ],
    "256": [
        5458,
        26,
        1481,
        1585,
        4638,
        501,
        535,
        1724,
        2310,
        3622,
        2164,
        4236,
        3837,
        5408,
        700,
        511,
        1162,
        6196,
        2903,
        430,
        5775,
        5122,
        897,
        6323,
        4839,
        379,
        5416,
        5971,
        3815,
        1005,
        5372,
        6000,
        3659,
        289,
        5521,
        3075,
        6440,
        4101,
        4048,
        1153
    ],
    "257": [
        556,
        6858
    ],
    "258": [
        6869,
        3663,
        2623,
        6880,
        4114,
        6407,
        6635,
        2654,
        4584,
        5520,
        3484,
        1191,
        4291,
        4031,
        209,
        4456,
        3506,
        6647,
        6517,
        3845,
        5954,
        1334,
        6237,
        6730,
        4926,
        6701,
        858,
        6329,
        3390,
        688,
        4774,
        2808,
        820,
        2247,
        6711,
        5821,
        1799,
        1292,
        4761
    ],
    "259": [
        369,
        873,
        5858
    ],
    "260": [
        1321,
        4345,
        4493,
        5893,
        5517,
        453,
        5012,
        1564,
        5150,
        1400,
        5968,
        718,
        5857,
        3114,
        394,
        1032,
        1780,
        5663,
        5956,
        3645,
        1196,
        346,
        5815,
        6777,
        6410,
        4910,
        6852,
        197,
        3292,
        4197,
        3909,
        401,
        780,
        4007,
        2504,
        5327,
        2055,
        4069,
        3557,
        6085,
        4257,
        2386,
        2089,
        5370,
        3637,
        2709,
        1942,
        2199,
        4604,
        51,
        4352,
        1560,
        1192,
        5679,
        4426,
        5995,
        4042,
        6827,
        1994,
        5109,
        1154,
        2636,
        553,
        4911,
        4315,
        4666,
        2496,
        2428,
        3321,
        3730,
        187,
        743,
        6646,
        4317,
        4949,
        4004,
        1399,
        5006,
        4846,
        183,
        3297,
        178,
        6703,
        292,
        3972,
        3514,
        49,
        4836,
        4577,
        1238,
        323,
        462,
        248,
        67,
        3728,
        3806,
        3568,
        6227,
        725,
        3021,
        1704,
        1071,
        6370,
        6059,
        2975,
        1659,
        3840,
        4799,
        3310,
        5767,
        4404,
        2868,
        3605,
        4672,
        259,
        1405,
        47,
        6314,
        4885,
        5746,
        5001,
        387,
        2499,
        5847,
        6169,
        6217,
        1436,
        1047,
        5843,
        2767,
        4918,
        3359,
        739,
        6828,
        3782,
        2337,
        275,
        6025,
        5429,
        4603,
        362,
        2571,
        4546,
        3243,
        6151,
        3733,
        4143,
        4123,
        5446,
        5234,
        6528,
        4605,
        1142,
        4579,
        799,
        4890,
        4194,
        1109,
        2059,
        2091,
        1299,
        206,
        3583,
        1984,
        3525,
        4606,
        988,
        5105,
        2790
    ],
    "261": [
        5335,
        5658,
        5156,
        3530,
        6664,
        4854,
        2529,
        5222,
        4822,
        5447,
        6385,
        5251,
        768,
        6715,
        3908,
        304,
        2084,
        3539,
        1444,
        630,
        6215,
        724,
        1288,
        1565,
        4227,
        3058,
        3654,
        4432,
        5189,
        5428,
        6221,
        2283,
        6861,
        940
    ],
    "262": [
        1540,
        3468,
        70,
        1830,
        3388,
        4930,
        1438,
        2245,
        5329,
        5568,
        3968,
        3897,
        5835,
        3348,
        4608,
        1719,
        4751,
        491,
        4656
    ],
    "263": [
        137,
        4199,
        2657,
        4685,
        15,
        2753,
        413,
        5262
    ],
    "264": [
        5586,
        2147,
        293,
        4511,
        4744,
        1056,
        2530,
        6746,
        6023,
        6006,
        4164,
        4720,
        3971,
        3476,
        3521,
        4807,
        1358,
        4821,
        2572,
        596,
        5435,
        4797,
        3212,
        2116,
        1123,
        3850,
        6710,
        3371,
        6180,
        3210
    ],
    "265": [
        5571,
        2317
    ],
    "266": [
        3822,
        3402,
        6573,
        4478,
        2604,
        5147,
        81,
        6886,
        1375,
        6675,
        5819,
        6280,
        2702,
        2467,
        2965,
        3619,
        3033,
        2073,
        2943
    ],
    "267": [
        2955,
        1492,
        4588,
        5250,
        3790,
        4226,
        4369,
        6735,
        1983,
        4293,
        3231,
        4188,
        2065,
        1030,
        2207,
        2512,
        4455,
        1597,
        2566,
        3029,
        1344,
        5259,
        6041,
        4732,
        1132,
        2068,
        1147,
        1174,
        1089,
        2444,
        6143,
        5632,
        1638,
        1980,
        3694,
        364,
        3700,
        3923,
        1681,
        2910,
        6008,
        2925,
        3106,
        2356,
        3218,
        6451,
        1254,
        1207,
        5394,
        4550,
        6096,
        3647,
        1864,
        4536,
        2206,
        5180,
        2086,
        1329,
        3731,
        3233,
        146,
        587,
        953,
        1505,
        186,
        1526,
        5807,
        3750,
        4330,
        5532,
        4347,
        4220,
        3769,
        4399,
        810,
        1279,
        6138,
        5309,
        2367,
        21,
        2680,
        4144,
        4537,
        5888,
        945,
        1703,
        3102,
        5182,
        6657,
        4288,
        4623,
        2219,
        4790,
        6583,
        3670,
        2505,
        3745,
        2591,
        1838,
        1210,
        1988,
        3575,
        5790
    ],
    "268": [
        2289,
        4427,
        6028,
        5903,
        5873,
        5534,
        4973,
        6656,
        3036,
        5119,
        4901,
        2242,
        5175,
        5322,
        3685,
        2663
    ],
    "269": [
        5614,
        1255,
        5198,
        753,
        4784,
        901,
        5942,
        4040,
        5015,
        4641,
        260,
        4702,
        5010
    ],
    "270": [
        532,
        842,
        2639,
        775,
        5998,
        121,
        5584,
        5637,
        481,
        5020,
        6202,
        4989,
        4756,
        713
    ],
    "271": [
        620
    ],
    "272": [
        509
    ],
    "273": [
        472,
        5125,
        5341,
        243,
        6156,
        4006,
        2993,
        5737,
        2507,
        4154,
        6645,
        6608,
        389,
        3364,
        1504,
        4180,
        1933,
        2318,
        5417,
        380,
        456,
        2335,
        1954,
        1459,
        3757,
        5024,
        2381,
        2899,
        2538
    ],
    "274": [
        6141,
        5963,
        4250,
        5867,
        984,
        168,
        2109,
        3783,
        6472
    ],
    "275": [
        1639,
        1959,
        2997,
        2093,
        4337,
        3101,
        4953,
        5462,
        1275,
        6401,
        6805,
        1245,
        4816,
        779,
        5618,
        461,
        1178,
        5868,
        3535,
        2447,
        2509,
        1875
    ],
    "276": [
        622,
        1911,
        6448
    ],
    "277": [
        4747
    ],
    "278": [
        6461
    ],
    "279": [
        4735,
        6077,
        5385
    ],
    "280": [
        4665,
        3196,
        5097,
        105,
        5839,
        3905
    ],
    "281": [
        3353,
        5701
    ],
    "282": [
        5331,
        5601,
        6541
    ],
    "283": [
        2773,
        6380,
        3735,
        902,
        2547,
        2949,
        628,
        3895,
        6857,
        239,
        5648,
        4125,
        6797,
        35,
        5367,
        40,
        2176,
        6793,
        4152,
        6146,
        3264,
        77,
        4430,
        2506,
        3716,
        6219,
        2718,
        1606,
        2662,
        6677,
        5270,
        1725
    ],
    "284": [
        5129,
        982,
        6761
    ],
    "285": [
        6727,
        5922,
        4984,
        6379,
        644,
        1664,
        3623,
        2488,
        1125,
        6188
    ],
    "286": [
        1729,
        648,
        2358,
        1572,
        2017,
        2238,
        4122,
        1031
    ],
    "287": [
        6158,
        6435,
        4397,
        2455,
        6896,
        1028,
        784,
        1859,
        5714,
        5214,
        2694,
        5808,
        2912,
        5777,
        1569,
        6259,
        824,
        4200,
        2602,
        2961,
        4985,
        3396,
        3878,
        5702,
        4763,
        5449,
        720,
        905,
        2190,
        5478,
        307,
        5132,
        4076,
        5720,
        1518,
        6353,
        4296,
        805,
        2945,
        1631,
        1468,
        5383,
        3967,
        4174,
        3127,
        850,
        3701,
        5635,
        2278,
        6097,
        6193,
        5181,
        6898,
        910,
        2364,
        3861,
        6877,
        6507,
        4121,
        2323,
        795
    ],
    "288": [
        2051,
        4363,
        3811,
        1447,
        2757
    ],
    "289": [
        1600,
        668,
        359,
        690,
        134,
        3775,
        5318,
        53,
        328,
        1342,
        6670,
        521,
        1046,
        2349,
        4682,
        645,
        1811,
        6825,
        723,
        2734,
        431,
        438,
        2015,
        6150,
        4276,
        6773,
        5574,
        3136,
        2168,
        6537
    ]
}