{
    "1": [
        2311,
        1307
    ],
    "2": [
        848
    ],
    "3": [
        1395,
        320,
        499
    ],
    "4": [
        112
    ],
    "5": [
        283,
        501,
        68,
        2565,
        2176,
        1490,
        2383,
        1805,
        1784,
        1646,
        2177,
        1419,
        1438,
        1924,
        1150,
        634,
        209,
        228,
        1970,
        842,
        141,
        2554,
        136,
        2138,
        1332,
        2471,
        520,
        2086,
        1981,
        2650,
        771,
        2109,
        2695,
        1345,
        894,
        2545,
        76,
        1337,
        944,
        1470,
        397,
        1750,
        2624,
        450,
        961,
        2094,
        2288,
        2575,
        1757,
        2051,
        2163,
        795,
        2016,
        96,
        1500,
        1680,
        1358,
        525,
        890,
        184,
        832,
        1428,
        2718,
        1155,
        1257,
        632,
        2680,
        1936,
        325,
        1352,
        1461,
        1415,
        2017,
        2110,
        1993,
        805,
        1310,
        2558,
        845,
        51,
        119,
        585,
        1026,
        1980,
        2752,
        689,
        1418,
        1078,
        1934,
        897,
        445,
        85,
        106,
        2379,
        859,
        473,
        2630,
        1738,
        682,
        2800,
        2486,
        2216,
        2038,
        2605,
        1200,
        721,
        922,
        612,
        7,
        416,
        144,
        2458,
        2628,
        2591,
        1283,
        1552,
        706,
        1895,
        244,
        2774,
        1382,
        1422,
        2356,
        1385,
        1434,
        1736,
        2024,
        2509,
        411,
        2745,
        2732,
        2797,
        2432,
        2703,
        1367,
        1016,
        2796,
        2524,
        2495,
        2449,
        1094,
        2155,
        2693,
        1118,
        468,
        1136,
        417,
        1868,
        730,
        2221,
        2286,
        660,
        2001,
        1847,
        2170,
        1221,
        1890,
        88,
        1706,
        664,
        2587,
        882,
        152,
        2313,
        2463,
        246,
        868,
        2354,
        1666,
        488,
        490,
        654,
        680,
        189,
        2190,
        2505,
        150,
        1729,
        819,
        477,
        42,
        1423,
        786,
        447,
        2084,
        2762,
        430,
        604,
        1987,
        321,
        1019,
        1584,
        555,
        1387,
        287,
        1678,
        886,
        675,
        2247,
        33,
        1329,
        2118,
        1696,
        327,
        1700,
        1252,
        1519,
        223,
        941,
        1421,
        2037,
        1825,
        1229,
        592,
        73,
        2684,
        1688,
        2381,
        166,
        288,
        1544,
        1712,
        407,
        1450,
        1058,
        787,
        2440,
        1231,
        1918,
        1218,
        1505,
        1930,
        2260,
        2302,
        583,
        1578,
        1432,
        971,
        1046,
        853,
        45,
        2352,
        2349,
        2469,
        310
    ],
    "6": [
        1836,
        1099,
        779,
        2351
    ],
    "7": [
        1343,
        32,
        948,
        1834,
        2014
    ],
    "8": [
        1530,
        852
    ],
    "9": [
        652,
        601,
        1893,
        2229,
        2327,
        1791,
        391,
        1672,
        437,
        277,
        1289,
        1145,
        1444,
        1638,
        214,
        997,
        1038,
        211,
        2615,
        1440,
        2476,
        1212,
        2438,
        2697,
        1665,
        2515,
        1935,
        1394,
        2376,
        900
    ],
    "10": [
        1158
    ],
    "11": [
        266,
        1121,
        2482,
        822,
        1117,
        1565,
        841,
        2191,
        1756,
        2250,
        403,
        481,
        358,
        92,
        1190,
        1502,
        782,
        1796,
        2594,
        800,
        1617,
        1047,
        1860,
        1856,
        962,
        627,
        710,
        2559,
        1497,
        2004,
        2273,
        1294,
        1938,
        1316,
        1055,
        421,
        126,
        280,
        225,
        702,
        1014,
        1420,
        2639,
        480,
        2224,
        1958,
        2347,
        1446,
        1031,
        1441,
        172,
        1180,
        2052,
        471,
        758,
        2439,
        2130,
        781,
        1356,
        1835,
        1238,
        357,
        1164,
        1320,
        1971,
        1632,
        89,
        2740,
        996,
        4,
        665,
        851,
        2276,
        2477,
        2384,
        685,
        261,
        1910,
        442,
        2371,
        1907,
        2767,
        2240,
        879,
        1937,
        527,
        1271,
        125,
        497,
        1668,
        2401,
        1753,
        1831,
        844,
        1774,
        838,
        1049,
        1839,
        1526,
        640,
        2357,
        1129,
        1251,
        1634,
        1130,
        2461,
        2669,
        1576,
        988
    ],
    "12": [
        2731,
        2054,
        2578,
        98
    ],
    "13": [
        637,
        46,
        1619,
        2192,
        2560,
        541,
        1511,
        2242,
        1091,
        1308,
        95,
        301,
        1802,
        2166,
        1405,
        2104,
        1209
    ],
    "14": [
        2035,
        2312,
        2140,
        1050,
        1403,
        1059,
        1318,
        544,
        855,
        983,
        888,
        2315,
        1595,
        2483,
        1192,
        377,
        1462,
        963
    ],
    "15": [
        2474,
        818,
        2494,
        253,
        2571,
        833,
        1633,
        902,
        651,
        1281
    ],
    "16": [
        1471,
        2234,
        2018,
        2406,
        676,
        318,
        1749,
        1624,
        2132
    ],
    "17": [
        1004,
        979
    ],
    "18": [
        1093,
        2022,
        2661
    ],
    "19": [
        649,
        2777,
        570,
        364
    ],
    "20": [
        561,
        1179,
        2211,
        404,
        1080,
        646,
        2689
    ],
    "21": [
        2539
    ],
    "22": [
        2377,
        1527,
        1460
    ],
    "23": [
        1956
    ],
    "24": [
        2093,
        1034,
        752,
        448,
        53,
        579,
        2480,
        1002
    ],
    "25": [
        2794,
        329,
        1003
    ],
    "26": [
        1897,
        866,
        2621,
        631,
        393,
        968,
        2137
    ],
    "27": [
        483,
        2214,
        2573,
        1414,
        1484,
        1443,
        1006,
        1057,
        146,
        306,
        1227,
        2791,
        249,
        1402,
        2386,
        2305,
        1697,
        1761,
        489,
        291,
        2333,
        333,
        999,
        1001,
        1537,
        1383,
        1926,
        2625,
        791
    ],
    "28": [
        406,
        1908,
        2013,
        1070
    ],
    "29": [
        1064,
        1522
    ],
    "30": [
        2403
    ],
    "31": [
        2618,
        2382,
        208,
        773,
        2075,
        519,
        723,
        271,
        2338,
        2633,
        1892,
        529,
        1112,
        2179,
        48
    ],
    "32": [
        373,
        1941,
        367,
        400,
        2173,
        798,
        698,
        2124
    ],
    "33": [
        1105,
        566,
        518,
        71,
        502,
        2556,
        1572,
        1532,
        245,
        2036,
        1326,
        960,
        1111,
        2643,
        26,
        143,
        1877,
        1642,
        161,
        383,
        1989,
        1142,
        1811,
        1601,
        97,
        1028,
        1225,
        117
    ],
    "34": [
        356
    ],
    "35": [
        1127,
        22,
        2685,
        2257,
        2411,
        2045,
        937,
        2161,
        1319,
        2472,
        2678,
        16,
        74,
        2011,
        2467
    ],
    "36": [
        1953,
        1694
    ],
    "37": [
        1997
    ],
    "38": [
        1568
    ],
    "39": [
        722,
        200
    ],
    "40": [
        1488,
        790
    ],
    "41": [
        2602,
        528
    ],
    "42": [
        1727,
        422,
        352,
        824,
        1618,
        2209,
        1114,
        6
    ],
    "44": [
        989,
        1927
    ],
    "45": [
        2670,
        2540,
        2107,
        2663,
        192,
        1202
    ],
    "46": [
        605,
        1955,
        2636,
        297,
        1258,
        2532,
        991,
        694
    ],
    "47": [
        993
    ],
    "48": [
        2662,
        221,
        537,
        2396,
        766,
        1599,
        933,
        1793,
        1483,
        1707,
        774,
        1737,
        1140,
        1979,
        2023,
        2248,
        571,
        2008,
        1763,
        1177,
        584,
        923,
        2503,
        2437,
        952,
        830,
        386,
        1600,
        931
    ],
    "49": [
        602,
        1173
    ],
    "50": [
        2676,
        2071,
        1779,
        1174,
        823,
        2278
    ],
    "51": [
        992,
        2491,
        870
    ],
    "52": [
        466,
        749
    ],
    "53": [
        2584,
        2728,
        2425
    ],
    "54": [
        2227,
        2256,
        444,
        1040,
        2007,
        2097,
        697,
        1311,
        176,
        603,
        530,
        2778,
        517,
        154,
        1871,
        985,
        1769,
        1506,
        1393,
        1512,
        213,
        2462,
        511,
        2133,
        273,
        524,
        2705,
        363,
        317,
        2770,
        1972,
        1822,
        964,
        157,
        1498,
        2456,
        1648,
        1788,
        2070,
        1621,
        2195,
        607,
        322,
        1215,
        1861,
        2570,
        1549,
        370,
        2414,
        746,
        1268,
        1259,
        2580,
        1514,
        591,
        1261,
        1348,
        1742,
        199,
        2181,
        538,
        1188,
        2517,
        1469,
        1082,
        100,
        2418,
        2775,
        1747,
        2613,
        2073,
        2434,
        268,
        191,
        2146,
        1374,
        617,
        2623,
        238,
        2447,
        1556,
        2589,
        2719,
        2046,
        15,
        1883,
        2245,
        493,
        2203,
        330,
        1557,
        863,
        788,
        1030,
        1516,
        1265,
        1716,
        1184,
        2455,
        55,
        1693,
        708,
        440,
        224,
        241,
        1171,
        69,
        415,
        1792,
        751,
        309,
        1495,
        1181,
        1913,
        315,
        2262,
        514,
        1089,
        1167,
        1166,
        2125,
        836,
        2339,
        412,
        1808,
        2436,
        1580,
        2025,
        2220,
        1714,
        1321,
        130,
        1144,
        1743,
        2412,
        1637,
        1762,
        234,
        943,
        1349,
        743,
        1342,
        2551,
        1734,
        1866,
        2688,
        1755,
        2040,
        1628,
        1458,
        1804,
        913,
        1650,
        314,
        980,
        2607,
        1770,
        875,
        557,
        1149,
        827,
        918,
        344,
        1467,
        872,
        1239,
        2430,
        37,
        843,
        972,
        2003,
        874,
        2043,
        319,
        2487,
        2651,
        2335,
        2660,
        2063,
        1286,
        1397,
        2169,
        1143,
        1564,
        2369,
        687,
        1799,
        2749,
        285,
        887,
        1297,
        2727,
        286,
        2078,
        915,
        459,
        1305,
        2704,
        1676,
        70,
        1472,
        1587,
        131,
        2646,
        128,
        1330,
        2724,
        1153
    ],
    "55": [
        2106,
        1540,
        2398,
        626,
        1520,
        2577,
        883,
        8,
        911,
        554
    ],
    "56": [
        1896
    ],
    "57": [
        507
    ],
    "58": [
        259,
        878,
        2771,
        2032,
        2750,
        1812,
        1126,
        1193,
        2691,
        59,
        1172,
        195,
        2319,
        581,
        2744,
        1730
    ],
    "59": [
        588
    ],
    "60": [
        1365,
        1683,
        1988,
        1386,
        1260
    ],
    "61": [
        820,
        1075,
        2186,
        2671,
        1832,
        1000
    ],
    "62": [
        2284
    ],
    "63": [
        1899,
        356,
        2751,
        1911,
        1161,
        2225,
        1662,
        424,
        624,
        2000,
        60,
        1339,
        1008,
        387,
        2370,
        2629,
        1378,
        2295,
        580,
        2167,
        1547,
        1781,
        127,
        2092,
        2795,
        2178,
        210,
        767,
        2579,
        506,
        34,
        2656,
        2586,
        281,
        1855,
        365,
        2726,
        1723,
        1198,
        1036,
        237,
        2359,
        1594,
        2239,
        2779,
        419,
        2608,
        2557,
        1917,
        103,
        2468,
        72,
        1725,
        523,
        2523,
        2673,
        232,
        1783,
        1701,
        2564,
        1654,
        2300,
        2148,
        2226,
        1943,
        2180,
        1453,
        57,
        2766,
        1412,
        1300,
        924,
        2668,
        111,
        2306,
        2139,
        1874,
        857,
        780
    ],
    "64": [
        492,
        2028,
        1509
    ],
    "65": [
        269,
        149,
        2569,
        1464,
        573,
        2632,
        1468,
        2598,
        1246,
        1746,
        2103,
        976,
        1901,
        577,
        1673
    ],
    "66": [
        1122,
        920,
        1224,
        1134,
        586
    ],
    "67": [
        613,
        1431,
        1255,
        1005,
        2541,
        113,
        1849,
        1593,
        1517,
        1920,
        864
    ],
    "68": [
        2090,
        2374
    ],
    "69": [
        792,
        1687
    ],
    "70": [
        1912,
        668,
        641,
        1951,
        1806,
        186,
        1947,
        1616
    ],
    "71": [
        2789,
        2443,
        1314
    ],
    "72": [
        1264,
        2460,
        2355,
        1389,
        1994,
        1135,
        2696,
        1873,
        658,
        2145,
        2642,
        2686,
        1579,
        1850,
        398,
        137,
        2183,
        2550,
        2759,
        1904,
        850,
        1818,
        1022,
        93,
        158,
        1777,
        1207,
        1656,
        1607,
        1205,
        563,
        740,
        2746,
        2206,
        1288,
        625,
        1219,
        951,
        1939,
        1448,
        1794,
        2168,
        974,
        1751,
        940,
        1545,
        2516,
        1952,
        1752,
        2252,
        807,
        1108,
        1156,
        1379,
        2233,
        94,
        1436,
        1655,
        1137,
        1290,
        2533,
        84,
        248,
        2756,
        2667,
        351,
        2582,
        2479,
        2585,
        862,
        2400,
        2614,
        1795,
        52,
        725,
        2451,
        1833
    ],
    "73": [
        977
    ],
    "74": [
        230,
        2716,
        1170,
        2285,
        674,
        693,
        2366,
        1474,
        903
    ],
    "75": [
        1110,
        503,
        918,
        1375
    ],
    "76": [
        1228
    ],
    "77": [
        349,
        1620,
        534
    ],
    "78": [
        619,
        2332,
        359,
        2428,
        2373
    ],
    "79": [
        443,
        23,
        148,
        1032,
        1486
    ],
    "80": [
        227,
        453
    ],
    "81": [
        401,
        25
    ],
    "82": [
        1538
    ],
    "83": [
        582
    ],
    "84": [
        515,
        2081
    ],
    "85": [
        425,
        667,
        275,
        817,
        2415,
        2538
    ],
    "86": [
        1501,
        384,
        2271,
        1817,
        2802
    ],
    "87": [
        764,
        2244,
        1274,
        1473,
        2324,
        615,
        2299,
        2147,
        56,
        1350,
        1340,
        1226,
        423,
        395,
        1134,
        1371,
        2042,
        2717,
        914,
        590,
        691,
        2207,
        1551,
        2142,
        1069,
        1828,
        2792,
        338,
        2435,
        712,
        2799,
        2246,
        938,
        1940,
        1439,
        1042,
        197,
        1719,
        959,
        2331,
        1596,
        2202,
        1077,
        1852,
        222,
        196,
        461,
        2713
    ],
    "88": [
        2572,
        1823,
        226,
        2712,
        854,
        690,
        2597,
        1496,
        1,
        185,
        1009,
        2251,
        986,
        2388,
        1625,
        251,
        420,
        1053,
        217
    ],
    "89": [
        2187,
        633,
        1489
    ],
    "90": [
        1809
    ],
    "91": [
        1203,
        981,
        64,
        2694
    ],
    "92": [
        487,
        2394,
        1273,
        2583,
        547,
        1245,
        2457,
        553
    ],
    "93": [
        750,
        243,
        1759,
        2053,
        21,
        2563,
        13,
        118,
        452,
        1102
    ],
    "94": [
        2074,
        688,
        2519,
        2522,
        433,
        187,
        1351,
        1100,
        2783,
        2031,
        388,
        521,
        1303,
        2619,
        1778,
        1922,
        392,
        662,
        731,
        1886,
        282,
        257,
        1841,
        354,
        2392,
        699,
        686,
        2085,
        2120,
        2259,
        1573
    ],
    "95": [
        179,
        2760,
        438,
        2548,
        1376,
        1974,
        1254,
        307,
        121,
        1098,
        957,
        1887
    ],
    "96": [
        1718
    ],
    "97": [
        971
    ],
    "98": [
        2223
    ],
    "99": [
        63,
        1559,
        1966,
        2340,
        701,
        240,
        963,
        2600,
        43,
        1493,
        1021,
        2215,
        1889,
        1597,
        1277,
        2222,
        1515,
        1996,
        348,
        231,
        978,
        2679,
        1328
    ],
    "100": [
        2609
    ],
    "101": [
        1327,
        1944
    ],
    "102": [
        255,
        587,
        1909,
        1033,
        2323
    ],
    "103": [
        47,
        829,
        67,
        402,
        2264,
        1248,
        858,
        1317,
        2153,
        927,
        1643,
        79,
        1604,
        2006,
        1430,
        2546,
        1539,
        2475,
        1888
    ],
    "104": [
        2536
    ],
    "105": [
        2111,
        1185,
        910,
        1357,
        1276,
        40,
        621,
        478,
        1334
    ],
    "106": [
        1116,
        729,
        495,
        2243,
        1561,
        1293,
        569,
        2658,
        14,
        505,
        946,
        1178,
        2289,
        861,
        1015,
        1390,
        2060,
        122,
        1222,
        2076,
        1867,
        2096,
        1629,
        252,
        1820,
        2604,
        1720,
        2280,
        1608,
        1846,
        1858,
        470,
        2393,
        2198,
        2535,
        889,
        2711,
        572,
        2510,
        1772,
        2309,
        1292,
        324,
        906,
        1824,
        31,
        1097,
        1651,
        2433,
        270,
        720,
        312,
        2069,
        382,
        177,
        2112,
        509,
        115,
        928,
        512,
        264,
        1529,
        2409
    ],
    "107": [
        1447,
        1786
    ],
    "108": [
        1827,
        987
    ],
    "109": [
        1065,
        2108,
        1857,
        1851,
        2692,
        124,
        414,
        2218,
        1801,
        1416,
        2144,
        1667,
        1513
    ],
    "110": [
        24,
        2611,
        2784,
        454,
        1575,
        1664,
        653,
        2041,
        1906,
        2326,
        1249,
        1068,
        2431,
        2212,
        2020,
        1558,
        1507,
        109,
        543,
        2547,
        1845,
        1475,
        1879,
        737,
        1948,
        2682,
        91,
        1391,
        2385,
        1521,
        233,
        1591,
        2091,
        1685,
        516,
        1139,
        2741,
        390,
        135,
        1413,
        18,
        1760,
        1523,
        1963,
        575,
        1324,
        1079,
        1220,
        599,
        1649,
        2334,
        2034,
        1968,
        1244,
        394,
        2056,
        2511,
        2555
    ],
    "111": [
        2768,
        1933,
        1613,
        1285,
        1782
    ],
    "112": [
        775,
        2645,
        378,
        912,
        1298,
        1647,
        1603,
        1061,
        1204,
        2182
    ],
    "113": [
        636,
        692,
        2733,
        873,
        1384,
        177,
        2448,
        973,
        2131,
        1197,
        1830,
        816,
        1844,
        778,
        1279
    ],
    "114": [
        2196,
        2743,
        898,
        1407,
        474,
        1954,
        2526,
        2395,
        2012,
        216,
        775
    ],
    "115": [
        772,
        2497,
        865,
        715,
        2249,
        1929,
        2561,
        802,
        1494,
        593,
        58,
        1487,
        2405,
        2343,
        1669,
        956,
        12,
        2317,
        1366,
        2707,
        1138,
        2552,
        212,
        748,
        1410,
        1998,
        1863,
        323,
        3,
        451,
        1842,
        1067,
        201,
        1957,
        418,
        2232,
        2208,
        1499,
        1107,
        1234,
        1709,
        332,
        1862,
        341,
        1610,
        2803,
        2282,
        66,
        2197,
        267,
        1295,
        1029,
        2236,
        2199,
        2174,
        1442,
        1396,
        464,
        1266,
        1726,
        2231,
        1211,
        2652,
        745,
        2368,
        718
    ],
    "116": [
        1754
    ],
    "117": [
        132
    ],
    "118": [
        1689,
        2082
    ],
    "119": [
        87,
        1331
    ],
    "120": [
        163,
        1071,
        2079,
        2301,
        877,
        683,
        2201,
        733,
        2367,
        955,
        1919,
        2098,
        2444
    ],
    "121": [
        945,
        2361
    ],
    "122": [
        813,
        1278,
        1355,
        834,
        1459,
        2485,
        340,
        2375,
        704,
        916,
        1457,
        1072,
        1182,
        1354,
        540,
        2765,
        2525,
        1983,
        2530,
        1978,
        2290,
        2228,
        1125,
        2665,
        1882,
        1160,
        2419,
        446,
        1798,
        1533,
        1131,
        376,
        2287,
        1525,
        298,
        1302,
        967,
        1702,
        629,
        114,
        2413,
        2420,
        753,
        1880,
        2391,
        1146,
        2047,
        1010,
        2274,
        1060,
        2026,
        1037,
        1581,
        1946,
        2117,
        2330,
        494,
        371,
        562,
        2267,
        1253,
        1045,
        1785,
        2337,
        1151,
        2128,
        346,
        2172,
        742,
        2641,
        1744,
        950,
        2193,
        1417,
        1186,
        2735,
        2402,
        1528,
        657,
        2298,
        1360,
        2464,
        761,
        1096,
        1280,
        884,
        2121,
        1635,
        2764,
        2365,
        1325,
        939,
        164,
        1853,
        1243,
        1605,
        1639,
        2346,
        2638,
        1780,
        526,
        1270,
        2499,
        235,
        1083,
        151,
        705,
        2308,
        2263,
        2268,
        1790,
        1044,
        1233,
        80,
        1017,
        1992,
        1739,
        1960,
        2736,
        1588,
        2362,
        1884,
        1445,
        1962,
        1433,
        1949,
        656,
        1661,
        2470,
        1865,
        1891,
        1644,
        810,
        969,
        1606,
        2442,
        294,
        27,
        578,
        2715,
        1653,
        597,
        905,
        145,
        1566,
        1766,
        290,
        9,
        2664,
        181,
        2537,
        2608,
        1007,
        2113,
        240,
        1524,
        75,
        1154,
        1085,
        700,
        1074
    ],
    "123": [
        2478,
        1773,
        2514,
        81,
        837,
        736,
        2596,
        360,
        1995,
        311,
        867,
        614,
        650,
        1614,
        1976,
        2350,
        2135,
        361,
        1424,
        1076,
        2659,
        123,
        919,
        556,
        1969,
        1623,
        828,
        54
    ],
    "124": [
        896
    ],
    "125": [
        1640
    ],
    "126": [
        198,
        44,
        399
    ],
    "127": [
        47,
        2204,
        1869,
        1604,
        405,
        1062,
        472,
        1168,
        1430,
        2151,
        695,
        927,
        594,
        1408,
        2729,
        1361,
        168,
        2424,
        396,
        2264,
        1724,
        738,
        1317,
        858,
        709,
        402,
        994,
        2360,
        2507,
        276,
        2378,
        29,
        2059,
        67,
        1643,
        2475,
        644,
        678,
        293,
        2328,
        2772,
        79,
        2429,
        1555,
        611,
        229,
        133,
        469,
        1930,
        1027,
        1816,
        1165,
        2153,
        2230,
        1539,
        167,
        262,
        829,
        41,
        1622,
        2030,
        1398,
        1522,
        1479,
        2473,
        783,
        1942,
        138,
        1710,
        754
    ],
    "128": [
        1964,
        1267
    ],
    "129": [
        496,
        2644,
        427,
        1056,
        1717,
        1306,
        2493,
        1455,
        1039,
        671,
        2255,
        982,
        174,
        895,
        1031,
        1565,
        1835,
        358,
        2276
    ],
    "130": [
        2574
    ],
    "131": [
        1115
    ],
    "132": [
        1309,
        1670,
        1592,
        1236,
        155,
        2490,
        304,
        2277,
        2544,
        462,
        1269,
        2500,
        1985,
        165,
        2502,
        2599,
        1491,
        308,
        546
    ],
    "133": [
        1684,
        2788,
        1944,
        1250,
        178
    ],
    "134": [
        998,
        1157,
        2531,
        984,
        1183,
        2281,
        20,
        289,
        156,
        375,
        1967,
        120,
        536,
        99,
        2648,
        2622,
        2002,
        1406
    ],
    "135": [
        2293,
        1898,
        1492,
        327,
        239,
        2019,
        1758,
        2512,
        893,
        1159,
        777,
        479,
        86,
        2049,
        258,
        1546,
        465,
        2567,
        1437,
        1975,
        2761,
        380,
        1577,
        1035,
        2504,
        1113,
        1810,
        2576,
        1235,
        785,
        812,
        2342,
        809,
        1274,
        1837,
        1199,
        1733,
        2033,
        1631,
        2793,
        1090,
        498,
        647,
        374,
        1466,
        677,
        1368,
        760,
        1991,
        1764,
        1073,
        1636,
        1797,
        2742,
        2666,
        1106,
        2291,
        1322,
        457,
        78,
        871,
        2164
    ],
    "136": [
        1095,
        616,
        589,
        1807,
        732,
        821,
        1767,
        901,
        2484
    ],
    "137": [
        2254,
        1242,
        1051,
        1982,
        558,
        265,
        666,
        1133,
        1745,
        140,
        1256,
        1945,
        218,
        336,
        82,
        1990,
        1189
    ],
    "138": [
        1196,
        799,
        2590,
        2626,
        1020,
        2159,
        1272,
        2416
    ],
    "139": [
        236,
        2050,
        1373,
        368,
        2441
    ],
    "140": [
        2446,
        2194
    ],
    "141": [
        2518
    ],
    "142": [
        345,
        1703,
        482,
        1282,
        719,
        2115,
        1335,
        880,
        1885,
        717,
        2763,
        2426,
        759,
        429,
        1765,
        2344,
        2417,
        2087,
        1589,
        908,
        1905,
        2329,
        484,
        1429,
        475,
        2498
    ],
    "143": [
        2099,
        2149
    ],
    "144": [
        713,
        2421
    ],
    "145": [
        1392,
        1838
    ],
    "146": [
        1104
    ],
    "147": [
        2617
    ],
    "148": [
        2348,
        1931,
        1859,
        2241
    ],
    "149": [
        1425,
        2184
    ],
    "150": [
        2162,
        2119,
        1411,
        1741,
        2066,
        1800,
        75,
        568,
        1213,
        930
    ],
    "151": [
        2734
    ],
    "152": [
        1843,
        670,
        1711,
        784,
        2310,
        734,
        11,
        2129
    ],
    "153": [
        1248,
        1503,
        160,
        2790,
        565,
        909,
        829,
        17,
        2553,
        1456,
        2143,
        1829,
        953,
        2039,
        608,
        460,
        385,
        2006,
        975,
        133,
        1312,
        692,
        816,
        2258,
        2529,
        2318,
        170,
        628,
        1237,
        1771,
        1088,
        2134,
        2738,
        1043,
        2699,
        159,
        263,
        1864,
        1023,
        254,
        1147,
        2219,
        2546,
        1612,
        1541,
        2681,
        1900,
        1699,
        1724,
        1263,
        681,
        548,
        1481,
        849,
        1888,
        551,
        169,
        2204,
        2653,
        1408,
        1869,
        2404,
        1174,
        65,
        1062,
        1602,
        994,
        927,
        434,
        1343,
        1123,
        2083,
        242,
        2527,
        1658,
        678,
        709,
        2077,
        2029,
        1870
    ],
    "154": [
        1426
    ],
    "155": [
        1346,
        2702,
        1609,
        789,
        142,
        147,
        2314,
        672
    ],
    "156": [
        1362,
        316,
        2095,
        2585,
        707,
        2100,
        1586,
        1582,
        2753,
        1531,
        2057,
        171,
        1708,
        522,
        2205,
        2698,
        1923,
        2253,
        2701,
        347,
        1291,
        90,
        504,
        1848,
        2657,
        936,
        1232,
        2614,
        533,
        1025,
        1704,
        173,
        942,
        1296,
        463,
        904,
        622,
        1569,
        2062,
        2581,
        337,
        2582,
        1571,
        1611,
        513,
        2303,
        2754,
        741,
        1063,
        313,
        2725,
        1176,
        2542,
        793,
        2450,
        635,
        1087,
        648,
        1795,
        2723,
        2272,
        49,
        763,
        2027,
        756,
        1052,
        1721,
        673,
        2674,
        1301,
        576,
        2675,
        1691,
        2756,
        19,
        351,
        77,
        248,
        1690,
        2627,
        2136,
        256,
        2452,
        1585,
        2566,
        965,
        193,
        846,
        2739,
        175,
        1645,
        638,
        303,
        2479,
        2506,
        2217,
        1216,
        1722,
        947,
        757,
        1217,
        1928,
        1092,
        934,
        139,
        862,
        2275,
        153,
        1681,
        1401,
        260,
        1132,
        531,
        1148,
        935,
        639,
        292,
        1101,
        2801,
        550,
        2592,
        50,
        134,
        1550,
        840,
        458,
        727,
        299,
        379,
        1048,
        409,
        2269,
        724,
        476,
        2265,
        796,
        510,
        1615,
        2804,
        39,
        1675,
        869,
        2320,
        2266,
        61,
        2171,
        28,
        2165,
        1191,
        1677,
        2210,
        500,
        296,
        431,
        2787,
        2322,
        770,
        1652,
        899,
        1205,
        1553,
        1833,
        10,
        1264,
        703,
        205,
        881,
        162,
        1655,
        1219,
        1436,
        2501
    ],
    "157": [
        1854,
        183,
        2427,
        806,
        1705,
        1012,
        1698,
        618,
        1977,
        532,
        335,
        1627,
        366,
        1427,
        1562,
        1986,
        1789,
        808
    ],
    "158": [
        1560
    ],
    "159": [
        1247,
        932,
        2292,
        508,
        30,
        434
    ],
    "160": [
        567,
        1388,
        2200,
        2721
    ],
    "161": [
        815,
        2114
    ],
    "162": [
        2700,
        1054,
        1011,
        2465
    ],
    "163": [
        439,
        2603,
        2021,
        643,
        776,
        339,
        2489,
        1660,
        188
    ],
    "164": [
        794,
        2543,
        2634,
        1377,
        921,
        1914,
        2237,
        1323,
        2453,
        2410
    ],
    "165": [
        595,
        2747,
        2126,
        1894,
        2690
    ],
    "166": [
        2009,
        455,
        2270,
        83,
        2528,
        1066,
        1152,
        1187,
        1508,
        2612,
        1370
    ],
    "167": [
        2279
    ],
    "168": [
        1735,
        1787,
        2336,
        966
    ],
    "169": [
        1206,
        250,
        2513
    ],
    "170": [
        2805,
        1567,
        1230,
        1372,
        1875,
        486,
        814,
        428,
        2769,
        220,
        1641,
        2454,
        1275,
        2080,
        804,
        2353,
        279,
        598,
        62,
        1333,
        620,
        990,
        2067,
        2677,
        1583,
        2649,
        2710,
        2105,
        432,
        108,
        1686,
        970,
        1451,
        2188,
        1347,
        300,
        1162,
        1554,
        107,
        2549,
        2466,
        2068,
        1748,
        917,
        574,
        110,
        679,
        1542,
        825,
        2610,
        2780,
        1454,
        1018,
        2709,
        274,
        1768,
        1535,
        1679,
        949,
        755,
        1478,
        2397,
        1821,
        295,
        716,
        190,
        413,
        2508,
        2185,
        2005,
        2127,
        2730,
        2363,
        353,
        1504,
        1169,
        1815,
        1731,
        410,
        2631,
        2116,
        1630,
        2722,
        1299,
        328,
        2758,
        2213,
        1872,
        2141,
        2785,
        1141,
        762,
        2640,
        876,
        560,
        856,
        831,
        2399,
        2496,
        35,
        768,
        1915,
        1364,
        1304,
        1740,
        2637,
        1119,
        1013,
        202,
        1103,
        1313,
        735,
        2102,
        1341,
        369,
        1024,
        105,
        204,
        958,
        1548,
        1682,
        891,
        1041,
        1921
    ],
    "171": [
        2422,
        2261,
        559,
        1534,
        1120,
        1480,
        714,
        892,
        549,
        728,
        1902,
        1999,
        1210,
        655,
        1950,
        2798,
        545,
        1803,
        5,
        2647,
        1344,
        1240,
        1826,
        1570,
        2297,
        485,
        38,
        247,
        1840,
        2672,
        2189,
        2061,
        535,
        1449,
        696,
        2655,
        606,
        2156,
        2488,
        1194,
        1109,
        596,
        1916,
        1262,
        2654,
        765,
        342,
        1163,
        508,
        1536,
        630,
        1369,
        739,
        826,
        2058,
        1223,
        2150
    ],
    "172": [
        1338,
        2606,
        2064,
        207,
        2459,
        1663,
        1728,
        2782,
        610,
        630,
        2748,
        2683,
        2304,
        1175,
        456,
        1563,
        2345,
        2150,
        2175
    ],
    "173": [
        1084,
        2492,
        1085
    ],
    "174": [
        101,
        1482,
        2568,
        1590,
        1208,
        2101,
        2776,
        2781,
        1543,
        2720,
        1404,
        2755,
        435,
        1477,
        2635,
        726,
        129,
        2296,
        1195,
        2015,
        1622,
        2408,
        1713,
        1518,
        491,
        467,
        2521,
        711,
        104,
        542,
        2407,
        744,
        1695,
        2520,
        2358,
        326,
        803,
        2389,
        1485,
        2325,
        1776,
        1409,
        138,
        1124,
        2687,
        2445,
        645,
        2708,
        2088,
        1775,
        2072,
        1961,
        1715,
        2737,
        272,
        2235,
        2
    ],
    "175": [
        372
    ]
}