{
    "1": [
        1629,
        2693
    ],
    "2": [
        2180
    ],
    "4": [
        1784,
        1122,
        2733,
        450,
        525,
        1756,
        619,
        2644,
        1569,
        12,
        2317,
        1366,
        3,
        1496,
        2486,
        38,
        2780,
        280,
        2632,
        1219,
        263,
        1864,
        1752,
        1292,
        2598,
        1872,
        906,
        1523,
        712,
        896,
        1916,
        551,
        2069,
        374,
        1032,
        826,
        162,
        583,
        461
    ],
    "5": [
        652,
        2177,
        1586,
        487,
        2249,
        2138,
        2086,
        2094,
        1704,
        2016,
        96,
        1500,
        1361,
        690,
        1222,
        2665,
        1026,
        2702,
        1980,
        1620,
        2004,
        473,
        922,
        306,
        2571,
        1060,
        1245,
        563,
        2627,
        1382,
        1736,
        468,
        153,
        1132,
        1550,
        488,
        458,
        727,
        1048,
        1436,
        409,
        2269,
        2166,
        148,
        2190,
        2199,
        1137,
        1589,
        1817,
        1102,
        2171,
        989,
        1027,
        1267,
        555,
        1437,
        1678,
        1252,
        687,
        147,
        1682,
        1073,
        1106,
        1870
    ],
    "6": [
        136,
        1873,
        2080,
        2192,
        2038,
        2189,
        803,
        80,
        1262,
        11
    ],
    "7": [
        2561,
        800,
        820,
        738,
        252,
        2110,
        1993,
        2161,
        1738,
        994,
        2604,
        2675,
        1720,
        20,
        2535,
        883,
        2587,
        923,
        2112,
        1988,
        2469
    ],
    "8": [
        2422,
        1438,
        1867,
        2156,
        913,
        1007
    ],
    "9": [
        998,
        2261,
        1492,
        2454,
        1337,
        1457,
        893,
        946,
        2327,
        2560,
        2049,
        2295,
        1226,
        445,
        1035,
        1036,
        2155,
        993,
        2615,
        1300,
        735,
        789,
        1209
    ],
    "10": [
        47,
        2348,
        2781,
        2041,
        1056,
        2509,
        1320,
        161
    ],
    "11": [
        1110,
        715,
        2405,
        1138,
        2552,
        451,
        1,
        2282,
        1243,
        1423
    ],
    "12": [
        1727,
        1210,
        422,
        158,
        1821,
        1536
    ],
    "13": [
        1981,
        1826,
        298,
        856,
        447,
        1740,
        2654,
        456
    ],
    "14": [
        209,
        1240,
        1200,
        437,
        2683,
        2740,
        353
    ],
    "15": [
        283,
        910,
        2045,
        1672,
        2494,
        1607,
        2756,
        2586,
        2280,
        2126,
        1638,
        2655,
        2523,
        996,
        1945,
        1124,
        1412,
        1655,
        796,
        1405,
        830,
        333,
        1584,
        765,
        342,
        1163,
        1553,
        263,
        2376,
        739,
        1852,
        2440,
        1636
    ],
    "16": [
        2168,
        713,
        74,
        307,
        320,
        1098,
        957,
        2241,
        760,
        1244,
        1223,
        1041
    ],
    "17": [
        2794,
        266,
        1843,
        670,
        63,
        1823,
        707,
        1431,
        2482,
        1447,
        2753,
        1662,
        424,
        1565,
        522,
        1157,
        829,
        2531,
        1208,
        1923,
        220,
        2696,
        1711,
        784,
        517,
        2485,
        347,
        504,
        2257,
        279,
        927,
        1050,
        1414,
        2720,
        2324,
        1484,
        990,
        832,
        137,
        2582,
        427,
        1403,
        2770,
        56,
        1648,
        1407,
        1215,
        1861,
        1904,
        482,
        1759,
        2053,
        1477,
        2518,
        313,
        2382,
        1340,
        1514,
        793,
        2228,
        1856,
        2031,
        1803,
        1261,
        1857,
        1348,
        1849,
        1742,
        199,
        1558,
        1507,
        1955,
        1195,
        49,
        81,
        2258,
        630,
        519,
        109,
        1778,
        1533,
        2297,
        376,
        2119,
        1702,
        245,
        628,
        1237,
        1995,
        918,
        1951,
        268,
        2026,
        392,
        491,
        711,
        2208,
        2347,
        2146,
        1441,
        2447,
        1807,
        372,
        1004,
        968,
        2626,
        13,
        249,
        400,
        1184,
        2222,
        757,
        371,
        1045,
        2059,
        1886,
        1835,
        413,
        1238,
        2700,
        2185,
        708,
        241,
        69,
        1092,
        2127,
        1744,
        950,
        318,
        2608,
        1792,
        89,
        1495,
        315,
        1099,
        2730,
        414,
        1167,
        618,
        1066,
        1169,
        2402,
        2286,
        657,
        1489,
        2464,
        2223,
        665,
        851,
        2276,
        1321,
        1144,
        532,
        1635,
        2673,
        328,
        186,
        1853,
        1605,
        1780,
        571,
        2758,
        699,
        855,
        1427,
        2389,
        1937,
        2609,
        1776,
        1349,
        1562,
        246,
        1017,
        1992,
        681,
        32,
        1177,
        120,
        2551,
        1866,
        2688,
        2687,
        831,
        1458,
        218,
        2351,
        1831,
        2336,
        1675,
        1749,
        1085,
        849,
        1915,
        1517,
        1940,
        1142,
        819,
        2266,
        344,
        948,
        1239,
        645,
        908,
        2637,
        2165,
        969,
        1927,
        1119,
        27,
        2430,
        37,
        843,
        972,
        2102,
        1053,
        431,
        1526,
        1042,
        2334,
        597,
        117,
        2651,
        217,
        1286,
        2169,
        1634,
        2664,
        959,
        1799,
        887,
        2113,
        1596,
        1991,
        2202,
        2679,
        286,
        930,
        2149,
        2231,
        2259,
        1231,
        1918,
        70,
        1472,
        222,
        2742,
        1587,
        725,
        1281,
        2164,
        1153
    ],
    "18": [
        2111,
        593,
        1430,
        937,
        1781,
        518,
        110,
        1335,
        824,
        190,
        523,
        1974,
        16,
        2008,
        2087,
        2648,
        1595,
        931,
        1251,
        2381
    ],
    "19": [
        1805,
        1757,
        873,
        1769,
        1365,
        304,
        2488,
        844,
        2500,
        1985,
        308,
        546,
        1688,
        2400,
        2352
    ],
    "20": [
        2019,
        858,
        2310,
        2408,
        1656,
        529,
        1600,
        2129,
        1696,
        73
    ],
    "21": [
        1908,
        2278
    ],
    "22": [
        2624,
        973,
        1546,
        709,
        2206,
        1552,
        1952,
        2148,
        1733,
        1673,
        78
    ],
    "23": [
        503,
        1471,
        22,
        595,
        1278,
        1966,
        198,
        1640,
        1339,
        200,
        1072,
        898,
        1543,
        728,
        2289,
        1893,
        981,
        43,
        201,
        2783,
        585,
        2619,
        485,
        2242,
        276,
        2789,
        2671,
        367,
        643,
        1391,
        2524,
        474,
        415,
        348,
        1926,
        1328,
        1074,
        1513
    ],
    "24": [
        1005,
        771,
        2782,
        1939,
        384,
        2711,
        338,
        1706,
        2328,
        2279,
        469,
        1833,
        1519,
        2235,
        871
    ],
    "25": [
        2204,
        1275,
        942,
        1393,
        1296,
        2229,
        524,
        1176,
        93,
        1520,
        7,
        77,
        1478,
        1794,
        809,
        1699,
        1379,
        528,
        1824,
        2592,
        1474,
        2463,
        698,
        1694,
        2033,
        1079,
        1049,
        270,
        2322,
        770,
        382,
        675,
        2104,
        1544,
        1386,
        2555
    ],
    "26": [
        963,
        391,
        1111,
        1113,
        882,
        434
    ],
    "27": [
        1330
    ],
    "28": [
        984,
        1728,
        732,
        2475,
        1212,
        2438,
        1539,
        2403,
        25
    ],
    "29": [
        961,
        719,
        104,
        29,
        2221,
        1193,
        902,
        1440,
        1733,
        2120,
        2409
    ],
    "30": [
        405,
        1827,
        2015,
        1134,
        880,
        1879,
        1402,
        2239,
        994
    ],
    "31": [
        1897,
        68,
        495,
        2018,
        545,
        396,
        2635,
        2647,
        100,
        106,
        34,
        438,
        247,
        2023,
        339,
        1426,
        2792,
        1515,
        1194,
        1383
    ],
    "32": [
        934
    ],
    "33": [
        2565,
        1490,
        530,
        1604,
        2603,
        2558,
        2296,
        1183,
        1858,
        1618,
        2557,
        1844,
        2263,
        876,
        507,
        2762,
        430,
        1143
    ],
    "34": [
        2176,
        2095,
        2225,
        2790,
        2299,
        1795,
        2068,
        170,
        2774,
        1016,
        1810,
        1761,
        2246,
        604,
        1165,
        1191,
        48,
        592,
        1368,
        1406,
        2200,
        2077,
        457,
        2465
    ],
    "35": [
        1266,
        678
    ],
    "36": [
        1309,
        1592,
        2234,
        1236,
        1319,
        863,
        614,
        1439,
        165
    ],
    "38": [
        2284,
        2227,
        356,
        2196,
        101,
        2035,
        1854,
        1040,
        1121,
        722,
        764,
        772,
        697,
        1482,
        1264,
        1161,
        2497,
        2805,
        24,
        866,
        2621,
        822,
        1590,
        1206,
        603,
        1117,
        561,
        228,
        1389,
        1875,
        2611,
        425,
        814,
        977,
        2769,
        802,
        1494,
        17,
        1185,
        58,
        1105,
        2543,
        2340,
        1247,
        2064,
        207,
        1291,
        841,
        90,
        2784,
        1641,
        631,
        2743,
        154,
        240,
        2353,
        2657,
        2375,
        1232,
        598,
        2634,
        1274,
        1487,
        1182,
        401,
        540,
        2765,
        1242,
        620,
        2191,
        2541,
        601,
        2600,
        1512,
        403,
        2067,
        2677,
        2370,
        2062,
        460,
        2707,
        481,
        2133,
        273,
        385,
        1410,
        1502,
        541,
        1822,
        1498,
        433,
        1796,
        2070,
        668,
        1621,
        1068,
        607,
        1863,
        848,
        815,
        1350,
        1351,
        2594,
        1982,
        1617,
        1663,
        432,
        1842,
        1173,
        975,
        2725,
        616,
        2398,
        2167,
        1860,
        2270,
        1978,
        2597,
        1451,
        1312,
        1377,
        1006,
        818,
        127,
        962,
        635,
        1593,
        275,
        2795,
        1493,
        2517,
        1160,
        208,
        2099,
        1684,
        2559,
        300,
        2549,
        2419,
        2377,
        1093,
        573,
        1748,
        574,
        1896,
        679,
        773,
        2768,
        1298,
        837,
        1425,
        395,
        446,
        2579,
        736,
        2596,
        641,
        418,
        1542,
        2075,
        1938,
        1754,
        1820,
        1392,
        2162,
        682,
        2610,
        666,
        1131,
        1133,
        1889,
        1914,
        1302,
        1941,
        114,
        2413,
        1301,
        146,
        1809,
        1597,
        2507,
        753,
        1922,
        2036,
        2692,
        2656,
        2047,
        2628,
        1420,
        1010,
        960,
        2237,
        1608,
        281,
        83,
        480,
        393,
        1037,
        589,
        2521,
        1581,
        2332,
        87,
        2709,
        274,
        1958,
        1446,
        1374,
        2717,
        1845,
        1885,
        2623,
        1455,
        2046,
        1180,
        1812,
        330,
        2052,
        443,
        650,
        2061,
        1948,
        1012,
        2791,
        1698,
        1030,
        2563,
        2330,
        91,
        2050,
        494,
        1265,
        2439,
        1276,
        951,
        1577,
        1722,
        562,
        2338,
        492,
        159,
        466,
        2449,
        1373,
        1253,
        1094,
        1356,
        2508,
        1039,
        2455,
        2426,
        2128,
        357,
        945,
        2540,
        346,
        759,
        341,
        2184,
        1614,
        1976,
        742,
        862,
        2694,
        1488,
        749,
        2641,
        2193,
        254,
        1069,
        309,
        1610,
        2305,
        2219,
        2803,
        2262,
        514,
        2446,
        2546,
        2082,
        103,
        2363,
        2135,
        2735,
        1815,
        1528,
        1977,
        361,
        2298,
        1360,
        761,
        1096,
        1847,
        884,
        587,
        2121,
        410,
        390,
        1272,
        412,
        1808,
        135,
        2220,
        515,
        335,
        1743,
        354,
        1250,
        2384,
        2358,
        2722,
        1299,
        2764,
        2365,
        939,
        164,
        2251,
        18,
        2453,
        232,
        2539,
        1633,
        935,
        1639,
        2638,
        2194,
        1787,
        1762,
        1910,
        1900,
        1909,
        779,
        1101,
        2499,
        1263,
        235,
        112,
        1084,
        705,
        2308,
        2785,
        1877,
        1790,
        1033,
        1233,
        762,
        2578,
        1767,
        1838,
        943,
        1642,
        1954,
        50,
        868,
        2526,
        2395,
        125,
        1739,
        2107,
        497,
        1960,
        1460,
        2736,
        870,
        1668,
        2441,
        1481,
        575,
        1342,
        1734,
        986,
        983,
        596,
        123,
        2772,
        2401,
        2011,
        1753,
        1804,
        1324,
        1650,
        980,
        39,
        1962,
        1433,
        2236,
        1949,
        192,
        656,
        875,
        2445,
        1661,
        2470,
        150,
        1112,
        2081,
        75,
        1158,
        568,
        1623,
        1213,
        872,
        478,
        1220,
        1947,
        2708,
        1986,
        1606,
        2442,
        294,
        2428,
        2622,
        578,
        2374,
        500,
        296,
        1560,
        874,
        1616,
        1028,
        2043,
        174,
        828,
        2487,
        216,
        905,
        231,
        54,
        2063,
        82,
        2118,
        9,
        1002,
        2369,
        1519,
        41,
        2612,
        2150,
        2331,
        1524,
        958,
        2144,
        1398,
        553,
        554,
        1479,
        2078,
        787,
        2669,
        783,
        2704,
        1676,
        2410,
        2519,
        1573,
        2484,
        1322,
        1710,
        128,
        2724,
        2068
    ],
    "39": [
        974,
        52
    ],
    "40": [
        1344,
        740,
        1602,
        1130,
        288
    ],
    "41": [
        613,
        444,
        239,
        2685,
        2396,
        2109,
        892,
        1758,
        2658,
        14,
        1902,
        1999,
        177,
        1443,
        44,
        2798,
        2108,
        2264,
        113,
        547,
        1317,
        1021,
        352,
        402,
        629,
        1308,
        470,
        1895,
        1367,
        2005,
        2172,
        751,
        429,
        660,
        2477,
        234,
        2213,
        152,
        1746,
        534,
        188,
        2174,
        1729,
        1811,
        42,
        1816,
        1920,
        1930,
        1046
    ],
    "42": [
        2667
    ],
    "43": [
        842,
        1480,
        496,
        163,
        833,
        1521,
        1388,
        1862,
        1118,
        2025,
        1890,
        671,
        1943,
        2137,
        2766,
        2489,
        1802,
        1313,
        369,
        640,
        1387,
        1329,
        647,
        2646
    ],
    "44": [
        1834
    ],
    "45": [
        2383,
        1670,
        1924,
        1150,
        2288,
        155,
        2490,
        2544,
        462,
        1269,
        2502,
        2599,
        312,
        1491
    ],
    "46": [
        1503,
        624,
        1062,
        649,
        141,
        2554,
        221,
        1343,
        2575,
        1599,
        2431,
        1779,
        1415,
        726,
        1057,
        2115,
        1347,
        119,
        378,
        1793,
        2379,
        2360,
        2367,
        1691,
        1014,
        1840,
        2098,
        2356,
        1434,
        1140,
        2779,
        2248,
        31,
        383,
        1609,
        1429,
        115,
        744,
        1204,
        2014,
        2132
    ],
    "47": [
        1135,
        1078,
        1919,
        2378,
        1888,
        1537
    ],
    "48": [
        2355,
        1869,
        2100,
        1419,
        2698,
        1994,
        1964,
        2244,
        1829,
        1680,
        1358,
        173,
        236,
        2718,
        479,
        1724,
        632,
        2680,
        2448,
        2303,
        1352,
        816,
        1357,
        5,
        2092,
        1310,
        1205,
        914,
        2739,
        303,
        1422,
        1198,
        118,
        2024,
        2703,
        2796,
        2159,
        1591,
        889,
        531,
        1221,
        2801,
        2141,
        1246,
        2240,
        324,
        1038,
        211,
        2197,
        134,
        2354,
        1666,
        94,
        1199,
        1651,
        677,
        2684,
        166,
        1529,
        2056,
        1658,
        672,
        2689,
        1307,
        1314,
        718
    ],
    "49": [
        2256,
        1311,
        1255,
        1906,
        349,
        611,
        1202,
        28,
        2345,
        2473,
        864
    ],
    "50": [
        2000,
        60,
        1561,
        259,
        2731,
        1737,
        1136,
        1156,
        143,
        2233,
        195,
        359,
        2002,
        2515,
        1935,
        1003
    ],
    "51": [
        2751,
        1408,
        46,
        230,
        2580,
        845,
        1280,
        1783,
        1963,
        386,
        2139,
        33,
        509
    ],
    "52": [
        537,
        21,
        689,
        897,
        721,
        2209,
        2732,
        2797,
        2432,
        2267,
        1785,
        2602,
        223,
        1421
    ],
    "53": [
        2009,
        1549,
        2017,
        877,
        2800,
        1147,
        1011,
        1522,
        1839,
        1192
    ],
    "54": [
        2585,
        2205,
        1848,
        340,
        2151,
        227,
        944,
        1470,
        505,
        2163,
        890,
        777,
        243,
        337,
        1997,
        2629,
        157,
        370,
        2032,
        1547,
        850,
        859,
        2131,
        1721,
        1146,
        19,
        1306,
        776,
        947,
        2504,
        2516,
        734,
        1541,
        2741,
        798,
        2371,
        1760,
        889,
        548,
        399,
        1615,
        2589,
        2513,
        868,
        1175,
        2124,
        1677,
        1442,
        1775,
        1652,
        2653,
        895,
        142,
        1859,
        2538,
        1990,
        1505,
        1279
    ],
    "55": [
        2039,
        1703,
        904,
        122,
        2569,
        1570,
        255,
        506,
        673,
        1629,
        955,
        248,
        1690,
        256,
        755,
        823,
        1504,
        434,
        2415,
        1000,
        724,
        476,
        2265,
        2320,
        84,
        978,
        475,
        1961,
        2749,
        1764,
        2527
    ],
    "56": [
        2572,
        2568,
        865,
        2057,
        171,
        1372,
        2140,
        2650,
        916,
        2614,
        2143,
        2343,
        2771,
        2712,
        2195,
        741,
        1063,
        2020,
        258,
        1957,
        2301,
        710,
        129,
        763,
        2584,
        1527,
        2281,
        1777,
        756,
        2775,
        1747,
        2567,
        825,
        1052,
        1437,
        1933,
        1411,
        2674,
        1371,
        1713,
        1518,
        1331,
        1031,
        1585,
        2566,
        965,
        1288,
        625,
        193,
        1499,
        991,
        375,
        1107,
        1234,
        590,
        140,
        2397,
        1967,
        1516,
        2699,
        1216,
        1632,
        1868,
        1545,
        1913,
        1685,
        1139,
        1401,
        260,
        694,
        1654,
        1996,
        59,
        550,
        2325,
        1763,
        1837,
        1625,
        61,
        1364,
        2306,
        999,
        1987,
        321,
        169,
        1129,
        2660,
        1730,
        2182,
        2037,
        1825,
        2291,
        2029
    ],
    "57": [
        2676,
        2071
    ],
    "58": [
        1346,
        1567,
        834,
        878,
        1022,
        2630,
        2639,
        2313,
        2492,
        2247,
        290,
        778
    ],
    "59": [
        714,
        2459,
        678,
        2028,
        40,
        1149,
        420,
        2328
    ],
    "60": [
        1338,
        501,
        2253,
        1025,
        2051,
        1571,
        932,
        2613,
        706,
        2479,
        2114,
        1148,
        997,
        2444,
        189,
        1891,
        1123
    ],
    "61": [
        108,
        1511,
        85,
        233,
        2271
    ],
    "62": [
        2695,
        1428,
        1619,
        2581,
        2183,
        1972,
        2759,
        2542,
        2272,
        2529,
        2136,
        2116,
        2691,
        1395,
        2346,
        88,
        2435,
        326,
        299,
        2503,
        10,
        703,
        2260,
        2713
    ],
    "63": [
        1257,
        2550,
        1179,
        2211,
        580,
        373,
        2716,
        792,
        648,
        1818,
        2760,
        465,
        2186,
        674,
        693,
        289,
        311,
        351,
        1043,
        1376,
        2091,
        404,
        2510,
        1772,
        2416,
        2366,
        1109,
        1224,
        319,
        1432,
        1942,
        1260,
        2721,
        2501,
        2425
    ],
    "64": [
        1911,
        794,
        387,
        388,
        733,
        411,
        2173,
        1186,
        6,
        2392,
        1683,
        2451
    ],
    "65": [
        1534,
        1669,
        780
    ],
    "66": [
        1332,
        2411,
        238,
        1647,
        1061,
        1624,
        2661,
        588,
        499
    ],
    "67": [
        1248,
        634,
        1459,
        397,
        1750,
        1178,
        1882,
        1162,
        1554,
        107,
        67,
        1551,
        633,
        2170,
        680,
        2505,
        557,
        1901,
        982,
        1930,
        1564,
        941,
        121,
        891,
        310
    ],
    "68": [
        2734,
        1953,
        2145,
        2642,
        1579,
        179,
        1850,
        956,
        912,
        2073,
        967,
        2672,
        1751,
        2574,
        1731,
        1603,
        251,
        2153
    ],
    "69": [
        795,
        398,
        2752
    ],
    "70": [
        559,
        695,
        549,
        1345,
        894,
        2545,
        1461,
        51,
        1934,
        1075,
        683,
        971,
        717,
        744,
        1197,
        2495,
        1145,
        535,
        477,
        2467,
        1563,
        1204,
        145,
        1508,
        1700,
        754
    ],
    "71": [
        1120,
        1235
    ],
    "72": [
        1871,
        766,
        2254,
        2311,
        513,
        2060,
        1846,
        2117,
        277,
        1709,
        2548,
        2643,
        1009,
        1413,
        807,
        2388,
        1295,
        2787
    ],
    "73": [
        2605,
        1370,
        988
    ],
    "74": [
        1362,
        729,
        992,
        1708,
        1970,
        2471,
        520,
        2729,
        1015,
        212,
        363,
        1190,
        1087,
        1469,
        2178,
        2232,
        612,
        467,
        2013,
        1088,
        2407,
        2472,
        781,
        1643,
        419,
        1828,
        1830,
        30,
        2344,
        267,
        560,
        79,
        99,
        768,
        364,
        810,
        97,
        202,
        2088,
        2210,
        2329,
        1396,
        1874,
        857,
        1968,
        1090,
        464,
        1726,
        2737,
        1462,
        1218,
        2498,
        1887,
        45,
        2368,
        1189
    ],
    "75": [
        417
    ],
    "76": [
        1416
    ],
    "77": [
        1501,
        226,
        1929,
        2243,
        2187,
        323,
        1067,
        2006,
        2420,
        617,
        237,
        938,
        1604,
        1394,
        2404,
        1229
    ],
    "78": [
        730,
        2252,
        606,
        287,
        790,
        242
    ],
    "79": [
        1576,
        2
    ],
    "80": [
        1950,
        1254,
        1712,
        1077,
        2083,
        272
    ],
    "81": [
        637,
        1064,
        1646,
        269,
        1898,
        2530,
        953,
        667,
        1384,
        439,
        2250,
        463,
        406,
        2705,
        1378,
        86,
        2450,
        2188,
        1464,
        423,
        767,
        2027,
        1745,
        2391,
        144,
        421,
        2748,
        1018,
        1855,
        1283,
        2726,
        156,
        1535,
        1679,
        2589,
        1836,
        737,
        2134,
        1723,
        2738,
        1385,
        2337,
        1928,
        1594,
        785,
        812,
        1630,
        2342,
        639,
        1956,
        2300,
        817,
        1892,
        1741,
        901,
        2066,
        301,
        379,
        924,
        490,
        903,
        291,
        920,
        952,
        1601,
        786,
        1013,
        886,
        377,
        2793,
        651,
        2335,
        1766,
        181,
        2802,
        2537,
        1466,
        586,
        205,
        1538,
        1797
    ],
    "82": [
        1174,
        210,
        95
    ],
    "83": [
        2418,
        1207,
        2458,
        250,
        1023,
        1735,
        1054,
        696,
        572,
        2277,
        664,
        2804,
        869,
        2421,
        2533,
        1801,
        712,
        65,
        407,
        2058,
        700,
        2349
    ],
    "84": [
        345,
        2478,
        2618,
        316,
        2007,
        2097,
        1559,
        160,
        2662,
        2460,
        2074,
        176,
        1582,
        636,
        2293,
        813,
        2747,
        327,
        483,
        1355,
        2312,
        2778,
        486,
        750,
        428,
        2777,
        658,
        688,
        2101,
        2701,
        775,
        605,
        701,
        1168,
        2536,
        2553,
        2106,
        2776,
        804,
        1293,
        936,
        704,
        149,
        183,
        62,
        1540,
        533,
        1008,
        2214,
        594,
        1354,
        2573,
        569,
        2525,
        2519,
        2522,
        1983,
        1159,
        2474,
        1095,
        2394,
        1273,
        985,
        2583,
        1333,
        1065,
        1051,
        1506,
        2755,
        655,
        213,
        2462,
        455,
        511,
        2326,
        358,
        317,
        748,
        2670,
        2147,
        1998,
        964,
        782,
        2456,
        2093,
        322,
        854,
        187,
        2570,
        1583,
        2414,
        746,
        2710,
        1791,
        1034,
        1689,
        2105,
        1268,
        1115,
        2427,
        435,
        1259,
        1773,
        2212,
        2754,
        2406,
        1100,
        1047,
        626,
        1686,
        591,
        970,
        1071,
        2076,
        1125,
        558,
        2723,
        2181,
        538,
        2079,
        1188,
        2750,
        2514,
        933,
        627,
        71,
        1082,
        1170,
        1717,
        2466,
        2636,
        521,
        1622,
        1497,
        570,
        2292,
        265,
        297,
        2788,
        1303,
        2215,
        2273,
        921,
        1294,
        1483,
        502,
        610,
        1258,
        2556,
        1316,
        1798,
        360,
        543,
        2532,
        2287,
        1572,
        1525,
        2216,
        1532,
        64,
        1055,
        1196,
        2434,
        1880,
        752,
        416,
        2201,
        253,
        1277,
        126,
        1326,
        225,
        1454,
        702,
        806,
        1613,
        2274,
        867,
        2042,
        1228,
        2761,
        1771,
        2224,
        799,
        1705,
        1285,
        365,
        124,
        1718,
        1946,
        2491,
        2528,
        1768,
        191,
        2746,
        1475,
        2493,
        172,
        846,
        1556,
        662,
        2719,
        15,
        1883,
        2245,
        493,
        1806,
        2203,
        1707,
        1557,
        949,
        788,
        175,
        1645,
        638,
        2682,
        2590,
        542,
        471,
        380,
        758,
        723,
        1126,
        774,
        987,
        2130,
        731,
        1020,
        1716,
        2506,
        2217,
        1448,
        271,
        295,
        185,
        1530,
        332,
        2678,
        2577,
        2386,
        1217,
        2745,
        716,
        1059,
        1151,
        1289,
        2198,
        452,
        55,
        691,
        2207,
        821,
        1164,
        1894,
        440,
        224,
        1171,
        1695,
        1979,
        1971,
        2350,
        1944,
        139,
        2576,
        2275,
        1417,
        1444,
        2142,
        1181,
        1256,
        282,
        1612,
        2457,
        508,
        1832,
        368,
        1089,
        1468,
        516,
        1166,
        1917,
        2125,
        1318,
        644,
        2468,
        2681,
        72,
        1725,
        836,
        1449,
        1080,
        257,
        214,
        1765,
        2309,
        4,
        2339,
        1697,
        2436,
        1580,
        1714,
        1114,
        2631,
        130,
        544,
        1841,
        2412,
        1424,
        1323,
        685,
        23,
        1325,
        1108,
        1627,
        366,
        526,
        1270,
        1701,
        1637,
        2564,
        261,
        292,
        1104,
        442,
        1907,
        26,
        2767,
        329,
        2633,
        1083,
        151,
        2268,
        1568,
        1044,
        1141,
        448,
        2054,
        2226,
        1076,
        527,
        1485,
        1453,
        98,
        1271,
        1152,
        57,
        53,
        1409,
        2640,
        138,
        2659,
        1931,
        1782,
        1172,
        1800,
        293,
        840,
        579,
        489,
        1588,
        743,
        2362,
        2480,
        2218,
        2090,
        2799,
        1755,
        2361,
        2040,
        1628,
        919,
        2417,
        2663,
        314,
        584,
        1187,
        2399,
        888,
        1029,
        1884,
        1445,
        8,
        646,
        2607,
        132,
        1770,
        2333,
        229,
        1070,
        2315,
        35,
        966,
        2668,
        2022,
        827,
        1327,
        2690,
        556,
        1774,
        621,
        976,
        1644,
        1969,
        838,
        453,
        577,
        2319,
        1467,
        2012,
        2697,
        2084,
        111,
        2483,
        1290,
        1786,
        599,
        178,
        1103,
        1687,
        2230,
        1019,
        2433,
        581,
        1631,
        1905,
        686,
        1341,
        1001,
        2715,
        2617,
        1665,
        1649,
        2373,
        2357,
        2179,
        2323,
        1566,
        262,
        2744,
        177,
        498,
        197,
        852,
        484,
        1719,
        1397,
        1024,
        2072,
        911,
        1789,
        2625,
        808,
        285,
        1715,
        1297,
        1334,
        899,
        105,
        204,
        2175,
        2030,
        2085,
        512,
        791,
        1548,
        2443,
        2461,
        2727,
        1450,
        915,
        1058,
        459,
        582,
        900,
        1305,
        2314,
        881,
        1154,
        1509,
        1930,
        1211,
        1486,
        1578,
        2652,
        1921,
        979,
        745,
        196,
        1375,
        131,
        1667
    ],
    "85": [
        1418,
        2359
    ],
    "86": [
        1899,
        1116,
        1531,
        1230,
        2606,
        909,
        472,
        2686,
        1456,
        454,
        692,
        1473,
        2512,
        1575,
        1664,
        1203,
        653,
        566,
        168,
        1404,
        861,
        2021,
        184,
        602,
        622,
        1912,
        92,
        1390,
        1155,
        1249,
        1788,
        2424,
        1611,
        2649,
        1936,
        2645,
        1282,
        325,
        133,
        2290,
        2096,
        805,
        917,
        2285,
        2318,
        1851,
        676,
        1975,
        1091,
        2547,
        2591,
        1227,
        2452,
        2763,
        2393,
        567,
        2385,
        1693,
        1681,
        2001,
        66,
        879,
        2255,
        1660,
        510,
        2496,
        2304,
        1304,
        2003,
        720,
        167,
        1653,
        2034,
        2728,
        928,
        264,
        1369,
        394,
        2302,
        2666,
        2511,
        853,
        1871
    ],
    "87": [
        244,
        940,
        536
    ],
    "88": [
        565,
        1127,
        76,
        608,
        615,
        576,
        2520,
        1097,
        654,
        2429,
        2437,
        2103,
        1989,
        1555,
        1865,
        2476,
        336,
        1225
    ]
}